Indicator,Category,BASE,ST 0 à 5,ST 6 à 8,ST 9 à 10,0.0,1.0,2.0,3.0,4.0,5.0,6.0,7.0,8.0,9.0,10.0,Je ne sais pas,No rep.,Moyenne,Question
Total,Total,5979.002,0.375,0.3249999,0.2449999,0.09539326,0.04119245999999999,0.046578879999999996,0.0470465,0.03884491,0.09703494,0.07085637,0.12299653,0.13131777,0.0810567,0.16476067,0.054163819999999994,0.00875701,6.007836,"q21v13b_i2. Etes-vous d'accord ou pas avec l'affirmation suivante : La note 0 signifiant que vous n'êtes pas du tout d'accord et la note 10 signifiant que vous êtes tout à fait d'accord.
Les notes intermédiaires permettent de nuancer votre jugement. Merci de faire glisser le curseur pour sélectionner une note.Pas du tout d'accordTout à fait d'accord
- Voter blanc est un bon moyen de protester contre l'offre politique"
Gender,Man,2929.637,0.36586819459202624,0.3107891865101376,0.2649999,0.10112867,0.046571259999999996,0.044344539999999995,0.045,0.03683589,0.09238602,0.07243768,0.11569478,0.12265687,0.08285527999999999,0.18229980999999998,0.05130427,0.00648493,6.024947,"q21v13b_i2. Etes-vous d'accord ou pas avec l'affirmation suivante : La note 0 signifiant que vous n'êtes pas du tout d'accord et la note 10 signifiant que vous êtes tout à fait d'accord.
Les notes intermédiaires permettent de nuancer votre jugement. Merci de faire glisser le curseur pour sélectionner une note.Pas du tout d'accordTout à fait d'accord
- Voter blanc est un bon moyen de protester contre l'offre politique"
Gender,Woman,3049.36,0.3649999,0.3389881811265314,0.22685448749901616,0.08988319,0.0349999,0.04872557,0.049395020000000005,0.04077515,0.1015014,0.06933724,0.13001187,0.13963881,0.07932894,0.14855181999999975,0.05691119,0.0109399,5.99122,"q21v13b_i2. Etes-vous d'accord ou pas avec l'affirmation suivante : La note 0 signifiant que vous n'êtes pas du tout d'accord et la note 10 signifiant que vous êtes tout à fait d'accord.
Les notes intermédiaires permettent de nuancer votre jugement. Merci de faire glisser le curseur pour sélectionner une note.Pas du tout d'accordTout à fait d'accord
- Voter blanc est un bon moyen de protester contre l'offre politique"
Age,18-24,478.2759,0.385,0.30451962977854413,0.225,0.07727761,0.04106536,0.02904733,0.03178835,0.08626519,0.11653793999999999,0.07369067,0.12737502,0.10345374,0.07634696,0.14833453999999996,0.07499990000000001,0.01381739,5.980299,"q21v13b_i2. Etes-vous d'accord ou pas avec l'affirmation suivante : La note 0 signifiant que vous n'êtes pas du tout d'accord et la note 10 signifiant que vous êtes tout à fait d'accord.
Les notes intermédiaires permettent de nuancer votre jugement. Merci de faire glisser le curseur pour sélectionner une note.Pas du tout d'accordTout à fait d'accord
- Voter blanc est un bon moyen de protester contre l'offre politique"
Age,25-34,836.9062,0.3249999,0.3624661879670625,0.23727951830205105,0.0621677,0.04256417,0.03321735,0.04569998,0.04190118,0.10179074,0.07119524,0.13771113,0.15157151000000002,0.085,0.15322518,0.05895582,0.015,6.289622,"q21v13b_i2. Etes-vous d'accord ou pas avec l'affirmation suivante : La note 0 signifiant que vous n'êtes pas du tout d'accord et la note 10 signifiant que vous êtes tout à fait d'accord.
Les notes intermédiaires permettent de nuancer votre jugement. Merci de faire glisser le curseur pour sélectionner une note.Pas du tout d'accordTout à fait d'accord
- Voter blanc est un bon moyen de protester contre l'offre politique"
Age,35-49,1494.556,0.38211027221462424,0.3460776310824084,0.21339407824129705,0.10834615999999998,0.02923059,0.051509440000000004,0.04237189,0.03953806,0.11111394,0.07828914,0.12789571,0.13993014000000012,0.05835744999999999,0.1549999,0.05102472000000001,0.00739286,5.876089,"q21v13b_i2. Etes-vous d'accord ou pas avec l'affirmation suivante : La note 0 signifiant que vous n'êtes pas du tout d'accord et la note 10 signifiant que vous êtes tout à fait d'accord.
Les notes intermédiaires permettent de nuancer votre jugement. Merci de faire glisser le curseur pour sélectionner une note.Pas du tout d'accordTout à fait d'accord
- Voter blanc est un bon moyen de protester contre l'offre politique"
Age,50-64,1554.412,0.35210516902854583,0.3096491149064727,0.278951140366904,0.1061577,0.04614487,0.03817014,0.0449999,0.03112343,0.08480061999999998,0.07280798,0.11891101,0.1179298,0.09640404000000001,0.18325437000000008,0.05192020000000001,0.00737594,6.074038,"q21v13b_i2. Etes-vous d'accord ou pas avec l'affirmation suivante : La note 0 signifiant que vous n'êtes pas du tout d'accord et la note 10 signifiant que vous êtes tout à fait d'accord.
Les notes intermédiaires permettent de nuancer votre jugement. Merci de faire glisser le curseur pour sélectionner une note.Pas du tout d'accordTout à fait d'accord
- Voter blanc est un bon moyen de protester contre l'offre politique"
Age,65+,1614.848,0.3801043813411541,0.3049999,0.255,0.09499990000000001,0.04682308,0.06222685000000001,0.05787805,0.03000744,0.08754019,0.06108376,0.11347240999999998,0.132994,0.08713384,0.16847921999999993,0.05020612,0.00715514,5.930284,"q21v13b_i2. Etes-vous d'accord ou pas avec l'affirmation suivante : La note 0 signifiant que vous n'êtes pas du tout d'accord et la note 10 signifiant que vous êtes tout à fait d'accord.
Les notes intermédiaires permettent de nuancer votre jugement. Merci de faire glisser le curseur pour sélectionner une note.Pas du tout d'accordTout à fait d'accord
- Voter blanc est un bon moyen de protester contre l'offre politique"
Socio-Professional Category,Total-CSP+,1734.019,0.3620497237919538,0.3389798497017622,0.2596445021652012,0.08601526,0.03950573,0.04711958,0.05105818,0.052958,0.0849999,0.09088401,0.12804767,0.12004822,0.08324101,0.17679649999999997,0.03128596,0.00803998,6.080047,"q21v13b_i2. Etes-vous d'accord ou pas avec l'affirmation suivante : La note 0 signifiant que vous n'êtes pas du tout d'accord et la note 10 signifiant que vous êtes tout à fait d'accord.
Les notes intermédiaires permettent de nuancer votre jugement. Merci de faire glisser le curseur pour sélectionner une note.Pas du tout d'accordTout à fait d'accord
- Voter blanc est un bon moyen de protester contre l'offre politique"
Socio-Professional Category,Small Business owners,212.9949,0.430840879288659,0.26967641009244825,0.2584640759004089,0.13226495,0.02338433,0.09807883,0.07056329,0.015,0.09211817,0.06348875,0.10118327,0.10500439,0.11157976,0.14631533999999996,0.03313748,0.00788144,5.580775,"q21v13b_i2. Etes-vous d'accord ou pas avec l'affirmation suivante : La note 0 signifiant que vous n'êtes pas du tout d'accord et la note 10 signifiant que vous êtes tout à fait d'accord.
Les notes intermédiaires permettent de nuancer votre jugement. Merci de faire glisser le curseur pour sélectionner une note.Pas du tout d'accordTout à fait d'accord
- Voter blanc est un bon moyen de protester contre l'offre politique"
Socio-Professional Category,Cadres/Prof Lib,597.9521,0.38182222288373935,0.32977173255182146,0.24826119015218776,0.08889822000000001,0.04428504999999999,0.04446656,0.06051493,0.04586936,0.09778798,0.09067932,0.12216612,0.11692619000000001,0.08558403,0.16267703,0.03403002,0.00611511,5.958042,"q21v13b_i2. Etes-vous d'accord ou pas avec l'affirmation suivante : La note 0 signifiant que vous n'êtes pas du tout d'accord et la note 10 signifiant que vous êtes tout à fait d'accord.
Les notes intermédiaires permettent de nuancer votre jugement. Merci de faire glisser le curseur pour sélectionner une note.Pas du tout d'accordTout à fait d'accord
- Voter blanc est un bon moyen de protester contre l'offre politique"
Socio-Professional Category,Prof Intermed,896.9079,0.3373469003896609,0.365,0.2648276372635362,0.0748815,0.03993522,0.03816118,0.03838432,0.0683779,0.07760675,0.09716747999999999,0.13823136,0.12669718,0.07308957,0.19309777999999989,0.02936986,0.0049999,6.255863,"q21v13b_i2. Etes-vous d'accord ou pas avec l'affirmation suivante : La note 0 signifiant que vous n'êtes pas du tout d'accord et la note 10 signifiant que vous êtes tout à fait d'accord.
Les notes intermédiaires permettent de nuancer votre jugement. Merci de faire glisser le curseur pour sélectionner une note.Pas du tout d'accordTout à fait d'accord
- Voter blanc est un bon moyen de protester contre l'offre politique"
Socio-Professional Category,Total-CSP-,1674.09,0.355,0.3380758501633723,0.2349999,0.08856053,0.042129230000000004,0.04189866,0.035,0.02963056,0.115,0.07187511,0.12659027,0.13961053,0.07356964,0.16105701,0.06369221,0.01138625,6.091076,"q21v13b_i2. Etes-vous d'accord ou pas avec l'affirmation suivante : La note 0 signifiant que vous n'êtes pas du tout d'accord et la note 10 signifiant que vous êtes tout à fait d'accord.
Les notes intermédiaires permettent de nuancer votre jugement. Merci de faire glisser le curseur pour sélectionner une note.Pas du tout d'accordTout à fait d'accord
- Voter blanc est un bon moyen de protester contre l'offre politique"
Socio-Professional Category,Salaried,956.6466,0.355,0.3149999,0.27219111007136804,0.08866072,0.03633304,0.03717364,0.03989723,0.0333761,0.11742936000000001,0.06353244,0.12986227,0.12499990000000001,0.08216319000000001,0.19030154000000005,0.04866025000000001,0.00761032,6.233978,"q21v13b_i2. Etes-vous d'accord ou pas avec l'affirmation suivante : La note 0 signifiant que vous n'êtes pas du tout d'accord et la note 10 signifiant que vous êtes tout à fait d'accord.
Les notes intermédiaires permettent de nuancer votre jugement. Merci de faire glisser le curseur pour sélectionner une note.Pas du tout d'accordTout à fait d'accord
- Voter blanc est un bon moyen de protester contre l'offre politique"
Socio-Professional Category,Blue collar,717.4432,0.355,0.3639553625987395,0.1849999,0.08842697,0.04985794,0.04819905000000001,0.02822212,0.025,0.11100794000000001,0.08299934,0.12222752999999999,0.15836446999999992,0.062110979999999996,0.12342652,0.08373602000000001,0.01642112,5.891235,"q21v13b_i2. Etes-vous d'accord ou pas avec l'affirmation suivante : La note 0 signifiant que vous n'êtes pas du tout d'accord et la note 10 signifiant que vous êtes tout à fait d'accord.
Les notes intermédiaires permettent de nuancer votre jugement. Merci de faire glisser le curseur pour sélectionner une note.Pas du tout d'accordTout à fait d'accord
- Voter blanc est un bon moyen de protester contre l'offre politique"
Political similarity,Far left,187.3446,0.185,0.3849999,0.3222962391229851,0.03980889,0.01945394,0.030154220000000002,0.02510828,0.02840121,0.04150416,0.0896234,0.18459027,0.11261312000000001,0.11851129,0.203785,0.08834399,0.01810269,7.063303,"q21v13b_i2. Etes-vous d'accord ou pas avec l'affirmation suivante : La note 0 signifiant que vous n'êtes pas du tout d'accord et la note 10 signifiant que vous êtes tout à fait d'accord.
Les notes intermédiaires permettent de nuancer votre jugement. Merci de faire glisser le curseur pour sélectionner une note.Pas du tout d'accordTout à fait d'accord
- Voter blanc est un bon moyen de protester contre l'offre politique"
Political similarity,Radical left,828.7407,0.33690356947595307,0.3448076099074174,0.2727734983934058,0.0709352,0.03921725,0.04154698,0.03647316,0.05544784,0.09328309999999998,0.07382275,0.1385706,0.13241403,0.09499990000000001,0.1777729700000001,0.03776025,0.00775597,6.312142,"q21v13b_i2. Etes-vous d'accord ou pas avec l'affirmation suivante : La note 0 signifiant que vous n'êtes pas du tout d'accord et la note 10 signifiant que vous êtes tout à fait d'accord.
Les notes intermédiaires permettent de nuancer votre jugement. Merci de faire glisser le curseur pour sélectionner une note.Pas du tout d'accordTout à fait d'accord
- Voter blanc est un bon moyen de protester contre l'offre politique"
Political similarity,Left,1430.296,0.347239592364098,0.3562446514567614,0.25491436737570405,0.07111367,0.04509734,0.0449999,0.048941,0.051879989999999994,0.08519536999999999,0.07765057,0.14233725,0.13625669,0.08278203000000002,0.1721439400000001,0.03277726,0.00882499,6.191705,"q21v13b_i2. Etes-vous d'accord ou pas avec l'affirmation suivante : La note 0 signifiant que vous n'êtes pas du tout d'accord et la note 10 signifiant que vous êtes tout à fait d'accord.
Les notes intermédiaires permettent de nuancer votre jugement. Merci de faire glisser le curseur pour sélectionner une note.Pas du tout d'accordTout à fait d'accord
- Voter blanc est un bon moyen de protester contre l'offre politique"
Political similarity,PC/LFI,641.3963,0.38143905725680055,0.335,0.2583083188973806,0.08002683,0.045,0.04487466,0.0397927,0.06334784,0.10840711000000001,0.06920754,0.12512872,0.13819763,0.08822882,0.17006903999999998,0.02298531,0.0047338,6.110502,"q21v13b_i2. Etes-vous d'accord ou pas avec l'affirmation suivante : La note 0 signifiant que vous n'êtes pas du tout d'accord et la note 10 signifiant que vous êtes tout à fait d'accord.
Les notes intermédiaires permettent de nuancer votre jugement. Merci de faire glisser le curseur pour sélectionner une note.Pas du tout d'accordTout à fait d'accord
- Voter blanc est un bon moyen de protester contre l'offre politique"
Political similarity,PS,449.3176,0.3090539965494341,0.36705194721951684,0.2710530368719142,0.05663495,0.0443809,0.05454641,0.03796744,0.04698378,0.06854052,0.0776828,0.14218664,0.14718257,0.09828625,0.17276668,0.04478416,0.00805722,6.386595,"q21v13b_i2. Etes-vous d'accord ou pas avec l'affirmation suivante : La note 0 signifiant que vous n'êtes pas du tout d'accord et la note 10 signifiant que vous êtes tout à fait d'accord.
Les notes intermédiaires permettent de nuancer votre jugement. Merci de faire glisser le curseur pour sélectionner une note.Pas du tout d'accordTout à fait d'accord
- Voter blanc est un bon moyen de protester contre l'offre politique"
Political similarity,EELV,339.583,0.3331689159940279,0.3849999,0.2271498573250133,0.07343586,0.04624819000000001,0.03265702,0.08073958000000002,0.03669807,0.06339031,0.09355457,0.1749999,0.11813379999999998,0.05197975,0.17520966999999982,0.0353851,0.01756818,6.09127,"q21v13b_i2. Etes-vous d'accord ou pas avec l'affirmation suivante : La note 0 signifiant que vous n'êtes pas du tout d'accord et la note 10 signifiant que vous êtes tout à fait d'accord.
Les notes intermédiaires permettent de nuancer votre jugement. Merci de faire glisser le curseur pour sélectionner une note.Pas du tout d'accordTout à fait d'accord
- Voter blanc est un bon moyen de protester contre l'offre politique"
Political similarity,EM,672.9198,0.4957110787942337,0.3060987356888592,0.14499990000000001,0.12810779,0.05669105,0.07594045,0.0746969,0.054070799999999995,0.1062039,0.08492183,0.11593795,0.105239,0.05187819999999999,0.09333881,0.05148849999999999,0.0014842799999999997,5.008587,"q21v13b_i2. Etes-vous d'accord ou pas avec l'affirmation suivante : La note 0 signifiant que vous n'êtes pas du tout d'accord et la note 10 signifiant que vous êtes tout à fait d'accord.
Les notes intermédiaires permettent de nuancer votre jugement. Merci de faire glisser le curseur pour sélectionner une note.Pas du tout d'accordTout à fait d'accord
- Voter blanc est un bon moyen de protester contre l'offre politique"
Political similarity,MoDem,161.1257,0.32101030437726574,0.41172326947221954,0.2303956476217016,0.05178710000000001,0.07149133,0.04037765,0.04060998,0.02541778,0.09132646,0.12394024999999999,0.11193044,0.17585258,0.08668629999999998,0.14370935,0.03687056,0,6.212692,"q21v13b_i2. Etes-vous d'accord ou pas avec l'affirmation suivante : La note 0 signifiant que vous n'êtes pas du tout d'accord et la note 10 signifiant que vous êtes tout à fait d'accord.
Les notes intermédiaires permettent de nuancer votre jugement. Merci de faire glisser le curseur pour sélectionner une note.Pas du tout d'accordTout à fait d'accord
- Voter blanc est un bon moyen de protester contre l'offre politique"
Political similarity,Right,573.0042,0.3674583886121603,0.3549999,0.25613163044878207,0.10261089000000001,0.03989095,0.0627864,0.04173654999999999,0.045,0.07595936,0.0689578,0.15393584,0.13321206,0.08971791,0.1658878500000001,0.01302926,0.0072751299999999994,5.99876,"q21v13b_i2. Etes-vous d'accord ou pas avec l'affirmation suivante : La note 0 signifiant que vous n'êtes pas du tout d'accord et la note 10 signifiant que vous êtes tout à fait d'accord.
Les notes intermédiaires permettent de nuancer votre jugement. Merci de faire glisser le curseur pour sélectionner une note.Pas du tout d'accordTout à fait d'accord
- Voter blanc est un bon moyen de protester contre l'offre politique"
Political similarity,UDI/PR,89.32552,0.345,0.41121406290162094,0.24476722889494512,0.07666321,0.0149999,0.05721223,0.07726429,0.049466,0.06741591,0.09697032,0.20494150000000005,0.11076674,0.1293,0.1149999,0,0,6.107823,"q21v13b_i2. Etes-vous d'accord ou pas avec l'affirmation suivante : La note 0 signifiant que vous n'êtes pas du tout d'accord et la note 10 signifiant que vous êtes tout à fait d'accord.
Les notes intermédiaires permettent de nuancer votre jugement. Merci de faire glisser le curseur pour sélectionner une note.Pas du tout d'accordTout à fait d'accord
- Voter blanc est un bon moyen de protester contre l'offre politique"
Political similarity,LR,397.5368,0.3946301323550423,0.33347956717466154,0.2474771392233373,0.11078758,0.05240836,0.06582286,0.041029260000000005,0.04253204,0.08204986,0.06806059,0.14194062,0.12347856,0.08046121000000002,0.16701593,0.01645975,0.00795379,5.813532,"q21v13b_i2. Etes-vous d'accord ou pas avec l'affirmation suivante : La note 0 signifiant que vous n'êtes pas du tout d'accord et la note 10 signifiant que vous êtes tout à fait d'accord.
Les notes intermédiaires permettent de nuancer votre jugement. Merci de faire glisser le curseur pour sélectionner une note.Pas du tout d'accordTout à fait d'accord
- Voter blanc est un bon moyen de protester contre l'offre politique"
Political similarity,Radical right,1008.8,0.4352654639175258,0.2792074742268041,0.2437056899286281,0.12843676,0.05432683,0.06890119,0.04875426,0.0365045,0.09834193,0.05176395,0.10990434,0.11753924999999998,0.08030060000000001,0.16340513,0.03097584,0.01084583,5.58675,"q21v13b_i2. Etes-vous d'accord ou pas avec l'affirmation suivante : La note 0 signifiant que vous n'êtes pas du tout d'accord et la note 10 signifiant que vous êtes tout à fait d'accord.
Les notes intermédiaires permettent de nuancer votre jugement. Merci de faire glisser le curseur pour sélectionner une note.Pas du tout d'accordTout à fait d'accord
- Voter blanc est un bon moyen de protester contre l'offre politique"
Political similarity,Debout la France,86.14185,0.26637087548038496,0.40337803286091484,0.307855125006022,0.09178282999999998,0.00690093,0.05455361,0.0081599,0.04826227,0.05671134,0.04405046,0.15792115,0.2014064,0.09139175,0.21646331,0.01070867,0.01168718,6.736117,"q21v13b_i2. Etes-vous d'accord ou pas avec l'affirmation suivante : La note 0 signifiant que vous n'êtes pas du tout d'accord et la note 10 signifiant que vous êtes tout à fait d'accord.
Les notes intermédiaires permettent de nuancer votre jugement. Merci de faire glisser le curseur pour sélectionner une note.Pas du tout d'accordTout à fait d'accord
- Voter blanc est un bon moyen de protester contre l'offre politique"
Political similarity,Reconquete,205.4045,0.35589746086380775,0.3250760815853596,0.28499990000000003,0.10732301,0.0618208,0.04985767,0.05845378,0.01676313,0.06167913,0.07707226,0.11082922,0.13768391000000008,0.11406381,0.1749999,0.023480589999999996,0.00597279,6.006561,"q21v13b_i2. Etes-vous d'accord ou pas avec l'affirmation suivante : La note 0 signifiant que vous n'êtes pas du tout d'accord et la note 10 signifiant que vous êtes tout à fait d'accord.
Les notes intermédiaires permettent de nuancer votre jugement. Merci de faire glisser le curseur pour sélectionner une note.Pas du tout d'accordTout à fait d'accord
- Voter blanc est un bon moyen de protester contre l'offre politique"
Political similarity,RN,717.2537,0.4782786063006716,0.25115910869473385,0.22286605144037597,0.13888533,0.05787655,0.07607793,0.05085191,0.04074585,0.1138411,0.045442609999999994,0.10387274,0.10184373,0.06929954,0.15356658,0.03555637,0.01214031,5.322517,"q21v13b_i2. Etes-vous d'accord ou pas avec l'affirmation suivante : La note 0 signifiant que vous n'êtes pas du tout d'accord et la note 10 signifiant que vous êtes tout à fait d'accord.
Les notes intermédiaires permettent de nuancer votre jugement. Merci de faire glisser le curseur pour sélectionner une note.Pas du tout d'accordTout à fait d'accord
- Voter blanc est un bon moyen de protester contre l'offre politique"
Political similarity,No preference,1860.95,0.325,0.31439162793197023,0.2649999,0.091388,0.02540358,0.02582499,0.03949741,0.02708927,0.1126106,0.06469663,0.1054261,0.14426895,0.08467595,0.1808666,0.09066138,0.00759134,6.341039,"q21v13b_i2. Etes-vous d'accord ou pas avec l'affirmation suivante : La note 0 signifiant que vous n'êtes pas du tout d'accord et la note 10 signifiant que vous êtes tout à fait d'accord.
Les notes intermédiaires permettent de nuancer votre jugement. Merci de faire glisser le curseur pour sélectionner une note.Pas du tout d'accordTout à fait d'accord
- Voter blanc est un bon moyen de protester contre l'offre politique"
Politics,Total-left,1649.278,0.3249999,0.365,0.26153474429416995,0.06956432,0.03929667,0.04392215,0.0532691,0.04037932,0.08056471,0.065,0.155,0.14239625,0.08285632,0.17721218,0.03901904,0.01151994,6.307284,"q21v13b_i2. Etes-vous d'accord ou pas avec l'affirmation suivante : La note 0 signifiant que vous n'êtes pas du tout d'accord et la note 10 signifiant que vous êtes tout à fait d'accord.
Les notes intermédiaires permettent de nuancer votre jugement. Merci de faire glisser le curseur pour sélectionner une note.Pas du tout d'accordTout à fait d'accord
- Voter blanc est un bon moyen de protester contre l'offre politique"
Politics,Very Left,217.9165,0.2996762980315855,0.3596573458182377,0.26128682316391827,0.09308899999999999,0.005,0.03430197,0.0677576,0.02305056,0.07704855,0.02731105,0.14109014,0.19125619000000002,0.06771947,0.19299541000000017,0.06092935,0.01845071,6.496104,"q21v13b_i2. Etes-vous d'accord ou pas avec l'affirmation suivante : La note 0 signifiant que vous n'êtes pas du tout d'accord et la note 10 signifiant que vous êtes tout à fait d'accord.
Les notes intermédiaires permettent de nuancer votre jugement. Merci de faire glisser le curseur pour sélectionner une note.Pas du tout d'accordTout à fait d'accord
- Voter blanc est un bon moyen de protester contre l'offre politique"
Politics,Left,1431.362,0.3311554309811215,0.3611237408845561,0.2615724044651178,0.06598283,0.04460512,0.04538674,0.05106327,0.04301751,0.08109995999999998,0.06977697,0.1563893,0.13495754,0.0849999,0.1765727900000002,0.03568331,0.01046476,6.279539,"q21v13b_i2. Etes-vous d'accord ou pas avec l'affirmation suivante : La note 0 signifiant que vous n'êtes pas du tout d'accord et la note 10 signifiant que vous êtes tout à fait d'accord.
Les notes intermédiaires permettent de nuancer votre jugement. Merci de faire glisser le curseur pour sélectionner une note.Pas du tout d'accordTout à fait d'accord
- Voter blanc est un bon moyen de protester contre l'offre politique"
Politics,Center,776.1196,0.375,0.38144700894037464,0.2149999,0.08321466,0.055,0.04784366,0.04859989,0.0498747,0.09211499,0.11653489,0.13248177,0.13243023,0.08277633,0.13118712999999999,0.02277324,0.00516851,5.879606,"q21v13b_i2. Etes-vous d'accord ou pas avec l'affirmation suivante : La note 0 signifiant que vous n'êtes pas du tout d'accord et la note 10 signifiant que vous êtes tout à fait d'accord.
Les notes intermédiaires permettent de nuancer votre jugement. Merci de faire glisser le curseur pour sélectionner une note.Pas du tout d'accordTout à fait d'accord
- Voter blanc est un bon moyen de protester contre l'offre politique"
Politics,Total-right,1622.94,0.425,0.31308976302266256,0.24140023660763799,0.11672322999999998,0.05645997,0.06517727,0.05165879,0.04458384,0.0868591,0.06389984,0.12216718,0.12702263,0.08811201,0.15328829,0.0197643,0.00428259,5.671449,"q21v13b_i2. Etes-vous d'accord ou pas avec l'affirmation suivante : La note 0 signifiant que vous n'êtes pas du tout d'accord et la note 10 signifiant que vous êtes tout à fait d'accord.
Les notes intermédiaires permettent de nuancer votre jugement. Merci de faire glisser le curseur pour sélectionner une note.Pas du tout d'accordTout à fait d'accord
- Voter blanc est un bon moyen de protester contre l'offre politique"
Politics,Right,1193.119,0.4149999,0.3353411520560816,0.22694517478977372,0.10822257,0.05882821,0.06844057,0.05377977,0.04479765000000001,0.08198913,0.06867416,0.135,0.13185399,0.08983144,0.13692746999999986,0.01731906,0.00433598,5.658921,"q21v13b_i2. Etes-vous d'accord ou pas avec l'affirmation suivante : La note 0 signifiant que vous n'êtes pas du tout d'accord et la note 10 signifiant que vous êtes tout à fait d'accord.
Les notes intermédiaires permettent de nuancer votre jugement. Merci de faire glisser le curseur pour sélectionner une note.Pas du tout d'accordTout à fait d'accord
- Voter blanc est un bon moyen de protester contre l'offre politique"
Politics,Very Right,429.8207,0.4364640883977901,0.25132340066450964,0.28152552913342704,0.14032007,0.04988608,0.05611894,0.04577134,0.04399037,0.10037744,0.0506471,0.08706468,0.11361165,0.08333901,0.19818657000000003,0.02655193,0.0041344,5.706547,"q21v13b_i2. Etes-vous d'accord ou pas avec l'affirmation suivante : La note 0 signifiant que vous n'êtes pas du tout d'accord et la note 10 signifiant que vous êtes tout à fait d'accord.
Les notes intermédiaires permettent de nuancer votre jugement. Merci de faire glisser le curseur pour sélectionner une note.Pas du tout d'accordTout à fait d'accord
- Voter blanc est un bon moyen de protester contre l'offre politique"
Politics,Both left and Right,200.4265,0.305,0.3549999,0.2649999,0.048117679999999996,0.03547742,0.03524557,0.05765695,0.03156487,0.0869638,0.14137926,0.08347714,0.13360125,0.07499990000000001,0.19326743000000007,0.07824873,0,6.453897,"q21v13b_i2. Etes-vous d'accord ou pas avec l'affirmation suivante : La note 0 signifiant que vous n'êtes pas du tout d'accord et la note 10 signifiant que vous êtes tout à fait d'accord.
Les notes intermédiaires permettent de nuancer votre jugement. Merci de faire glisser le curseur pour sélectionner une note.Pas du tout d'accordTout à fait d'accord
- Voter blanc est un bon moyen de protester contre l'offre politique"
Politics,Neither left nor right,1673.316,0.35400880646572436,0.2757714621745086,0.24929487317398505,0.11175719,0.0242833,0.03011565,0.03400601,0.0285288,0.12531775,0.05572099,0.09497094,0.12507948,0.07252497,0.17676972,0.11076163,0.01016421,6.083005,"q21v13b_i2. Etes-vous d'accord ou pas avec l'affirmation suivante : La note 0 signifiant que vous n'êtes pas du tout d'accord et la note 10 signifiant que vous êtes tout à fait d'accord.
Les notes intermédiaires permettent de nuancer votre jugement. Merci de faire glisser le curseur pour sélectionner une note.Pas du tout d'accordTout à fait d'accord
- Voter blanc est un bon moyen de protester contre l'offre politique"
Loss of job risk,High risk,556.2398,0.3649999,0.3168658553379316,0.2800098087191891,0.12712985,0.0449999,0.02039757,0.03346981,0.06104346,0.07861976,0.07339723,0.11591952,0.12754932,0.08713799,0.19362497000000023,0.02992693,0.00678369,6.030798,"q21v13b_i2. Etes-vous d'accord ou pas avec l'affirmation suivante : La note 0 signifiant que vous n'êtes pas du tout d'accord et la note 10 signifiant que vous êtes tout à fait d'accord.
Les notes intermédiaires permettent de nuancer votre jugement. Merci de faire glisser le curseur pour sélectionner une note.Pas du tout d'accordTout à fait d'accord
- Voter blanc est un bon moyen de protester contre l'offre politique"
Loss of job risk,Low risk,1874.312,0.355,0.3649999,0.2220306971304671,0.06939309,0.0377737,0.04782174,0.04553309,0.03951907,0.1063824,0.0849999,0.15352600000000005,0.12999575,0.08145181,0.14057889,0.05230864,0.010715920000000002,6.108045,"q21v13b_i2. Etes-vous d'accord ou pas avec l'affirmation suivante : La note 0 signifiant que vous n'êtes pas du tout d'accord et la note 10 signifiant que vous êtes tout à fait d'accord.
Les notes intermédiaires permettent de nuancer votre jugement. Merci de faire glisser le curseur pour sélectionner une note.Pas du tout d'accordTout à fait d'accord
- Voter blanc est un bon moyen de protester contre l'offre politique"
Loss of job risk,Zero risk,3478.817,0.3753778942669304,0.3049999,0.2527268321386264,0.105,0.0429774,0.04981484,0.04883567999999999,0.03545984,0.09354571,0.06326541,0.1091045,0.13436047,0.079602,0.17286753000000002,0.058523290000000006,0.006643330000000001,5.952444,"q21v13b_i2. Etes-vous d'accord ou pas avec l'affirmation suivante : La note 0 signifiant que vous n'êtes pas du tout d'accord et la note 10 signifiant que vous êtes tout à fait d'accord.
Les notes intermédiaires permettent de nuancer votre jugement. Merci de faire glisser le curseur pour sélectionner une note.Pas du tout d'accordTout à fait d'accord
- Voter blanc est un bon moyen de protester contre l'offre politique"
1st round vote,Arthaud,24.07418,0.11736258514308691,0.5449999,0.195,0.0305023,0.0,0.0,0.0,0.05204667000000001,0.035,0.19217843,0.10293003,0.25209494,0.035,0.15671952,0.12324428,0.02028383,7.187515,"q21v13b_i2. Etes-vous d'accord ou pas avec l'affirmation suivante : La note 0 signifiant que vous n'êtes pas du tout d'accord et la note 10 signifiant que vous êtes tout à fait d'accord.
Les notes intermédiaires permettent de nuancer votre jugement. Merci de faire glisser le curseur pour sélectionner une note.Pas du tout d'accordTout à fait d'accord
- Voter blanc est un bon moyen de protester contre l'offre politique"
1st round vote,Poutou,32.85668,0.255,0.2438713223612368,0.4549999,0.045,0.0,0.010560499999999999,0.0525554,0.06627191,0.075,0.04915917,0.13031584,0.06439631,0.17312915,0.28351387000000006,0.05009785,0,7.306596,"q21v13b_i2. Etes-vous d'accord ou pas avec l'affirmation suivante : La note 0 signifiant que vous n'êtes pas du tout d'accord et la note 10 signifiant que vous êtes tout à fait d'accord.
Les notes intermédiaires permettent de nuancer votre jugement. Merci de faire glisser le curseur pour sélectionner une note.Pas du tout d'accordTout à fait d'accord
- Voter blanc est un bon moyen de protester contre l'offre politique"
1st round vote,Roussel,98.04205,0.26880251891917806,0.3483462453100481,0.32968170290196913,0.06265531,0.02031269,0.01899232,0.04822654,0.02424283,0.095,0.05857994,0.12108141,0.16868497,0.10147921,0.22757552000000014,0.04312796,0.0100413,6.881569,"q21v13b_i2. Etes-vous d'accord ou pas avec l'affirmation suivante : La note 0 signifiant que vous n'êtes pas du tout d'accord et la note 10 signifiant que vous êtes tout à fait d'accord.
Les notes intermédiaires permettent de nuancer votre jugement. Merci de faire glisser le curseur pour sélectionner une note.Pas du tout d'accordTout à fait d'accord
- Voter blanc est un bon moyen de protester contre l'offre politique"
1st round vote,Melenchon,942.3053,0.3249999,0.34249504910987977,0.285,0.06410259,0.03336846,0.0491437,0.04913466,0.046367969999999994,0.0844439,0.080074,0.11821040999999999,0.14383226000000005,0.08837526999999999,0.195,0.04035713,0.00758965,6.396644,"q21v13b_i2. Etes-vous d'accord ou pas avec l'affirmation suivante : La note 0 signifiant que vous n'êtes pas du tout d'accord et la note 10 signifiant que vous êtes tout à fait d'accord.
Les notes intermédiaires permettent de nuancer votre jugement. Merci de faire glisser le curseur pour sélectionner une note.Pas du tout d'accordTout à fait d'accord
- Voter blanc est un bon moyen de protester contre l'offre politique"
1st round vote,Hidalgo,75.31895,0.2677249218158246,0.375,0.3249999,0.06435402,0.05595204,0.05061149,0.01648094,0.02601724,0.05430915,0.13934435000000014,0.12580169,0.10589590999999998,0.12499990000000001,0.2049999,0.03123337,0,6.528093,"q21v13b_i2. Etes-vous d'accord ou pas avec l'affirmation suivante : La note 0 signifiant que vous n'êtes pas du tout d'accord et la note 10 signifiant que vous êtes tout à fait d'accord.
Les notes intermédiaires permettent de nuancer votre jugement. Merci de faire glisser le curseur pour sélectionner une note.Pas du tout d'accordTout à fait d'accord
- Voter blanc est un bon moyen de protester contre l'offre politique"
1st round vote,Jadot,198.8808,0.3049999,0.455,0.20765840644245195,0.0449999,0.06102117,0.04107865,0.06432144,0.01633678,0.07922761,0.10265596,0.155513,0.19508291999999994,0.08938123,0.11827718,0.03210416,0,6.250607,"q21v13b_i2. Etes-vous d'accord ou pas avec l'affirmation suivante : La note 0 signifiant que vous n'êtes pas du tout d'accord et la note 10 signifiant que vous êtes tout à fait d'accord.
Les notes intermédiaires permettent de nuancer votre jugement. Merci de faire glisser le curseur pour sélectionner une note.Pas du tout d'accordTout à fait d'accord
- Voter blanc est un bon moyen de protester contre l'offre politique"
1st round vote,Macron,1195.294,0.45777156080428744,0.34730124973437493,0.15757110802865235,0.10666178999999999,0.06071738,0.06959014,0.06854871,0.04830465,0.10394857,0.09653582999999999,0.1279082,0.12285714,0.05983223,0.09773897,0.03242887,0.00492836,5.289408,"q21v13b_i2. Etes-vous d'accord ou pas avec l'affirmation suivante : La note 0 signifiant que vous n'êtes pas du tout d'accord et la note 10 signifiant que vous êtes tout à fait d'accord.
Les notes intermédiaires permettent de nuancer votre jugement. Merci de faire glisser le curseur pour sélectionner une note.Pas du tout d'accordTout à fait d'accord
- Voter blanc est un bon moyen de protester contre l'offre politique"
1st round vote,Pecresse,205.1207,0.34525106437331776,0.3449999,0.2780604297859748,0.07533584,0.07782813,0.0289553,0.045,0.04370097,0.07444685,0.08478096,0.11868446,0.14327345,0.10014816,0.17789669999999994,0.027771369999999997,0.00217781,6.168597,"q21v13b_i2. Etes-vous d'accord ou pas avec l'affirmation suivante : La note 0 signifiant que vous n'êtes pas du tout d'accord et la note 10 signifiant que vous êtes tout à fait d'accord.
Les notes intermédiaires permettent de nuancer votre jugement. Merci de faire glisser le curseur pour sélectionner une note.Pas du tout d'accordTout à fait d'accord
- Voter blanc est un bon moyen de protester contre l'offre politique"
1st round vote,Dupont-Aignan,88.56025,0.425,0.3138763723002137,0.24468347819704664,0.13929037,0.03995242,0.07058405,0.01741842,0.03632786,0.11888618,0.0731111,0.08475055,0.15601469,0.0724936,0.17218978000000001,0.010416240000000002,0.00856468,5.736378,"q21v13b_i2. Etes-vous d'accord ou pas avec l'affirmation suivante : La note 0 signifiant que vous n'êtes pas du tout d'accord et la note 10 signifiant que vous êtes tout à fait d'accord.
Les notes intermédiaires permettent de nuancer votre jugement. Merci de faire glisser le curseur pour sélectionner une note.Pas du tout d'accordTout à fait d'accord
- Voter blanc est un bon moyen de protester contre l'offre politique"
1st round vote,Zemmour,303.4525,0.3145448463927633,0.325,0.3203834867071453,0.0781928,0.03386804,0.05395309,0.04169901,0.029533029999999995,0.07729892,0.06782811,0.11839051999999999,0.13788385,0.12421084,0.19617265,0.0345543,0.006415190000000001,6.454323,"q21v13b_i2. Etes-vous d'accord ou pas avec l'affirmation suivante : La note 0 signifiant que vous n'êtes pas du tout d'accord et la note 10 signifiant que vous êtes tout à fait d'accord.
Les notes intermédiaires permettent de nuancer votre jugement. Merci de faire glisser le curseur pour sélectionner une note.Pas du tout d'accordTout à fait d'accord
- Voter blanc est un bon moyen de protester contre l'offre politique"
1st round vote,Le Pen,993.0248,0.4287823425960761,0.29291645082781415,0.235,0.11532773,0.04992827999999999,0.07175687,0.04741734,0.03368957,0.11066268999999998,0.05880375,0.11137486,0.12273772,0.05878717,0.17552402,0.03986436,0.00412558,5.671947,"q21v13b_i2. Etes-vous d'accord ou pas avec l'affirmation suivante : La note 0 signifiant que vous n'êtes pas du tout d'accord et la note 10 signifiant que vous êtes tout à fait d'accord.
Les notes intermédiaires permettent de nuancer votre jugement. Merci de faire glisser le curseur pour sélectionner une note.Pas du tout d'accordTout à fait d'accord
- Voter blanc est un bon moyen de protester contre l'offre politique"
1st round vote,Lassalle,134.5409,0.2714891902759682,0.33055888581093185,0.38107683239817786,0.05688664,0.0349999,0.03471805,0.021978970000000004,0.04618065,0.07640249,0.06407115,0.1362773,0.13021052,0.14877617,0.23262370000000002,0.00681503,0.010059429999999998,6.895842,"q21v13b_i2. Etes-vous d'accord ou pas avec l'affirmation suivante : La note 0 signifiant que vous n'êtes pas du tout d'accord et la note 10 signifiant que vous êtes tout à fait d'accord.
Les notes intermédiaires permettent de nuancer votre jugement. Merci de faire glisser le curseur pour sélectionner une note.Pas du tout d'accordTout à fait d'accord
- Voter blanc est un bon moyen de protester contre l'offre politique"
1st round vote,Blank/Null/NA,96.61228,0.1849999,0.3175880954263785,0.3670717635480707,0.027498309999999998,0.01496605,0.01455978,0.0097018,0.015459459999999998,0.10470625,0.05940013,0.1003075,0.15788055,0.09709467999999999,0.26997707,0.1091116,0.01933654,7.51967,"q21v13b_i2. Etes-vous d'accord ou pas avec l'affirmation suivante : La note 0 signifiant que vous n'êtes pas du tout d'accord et la note 10 signifiant que vous êtes tout à fait d'accord.
Les notes intermédiaires permettent de nuancer votre jugement. Merci de faire glisser le curseur pour sélectionner une note.Pas du tout d'accordTout à fait d'accord
- Voter blanc est un bon moyen de protester contre l'offre politique"
1st round vote,Blank,63.86856,0.1249999,0.33725873888498503,0.42963830717335727,0.01143902,0.0,0.00416192,0.00784631,0.02047034,0.08266110999999998,0.07006187,0.08671629999999998,0.18048066,0.11995414,0.3096843,0.07727403,0.029249870000000004,8.03011,"q21v13b_i2. Etes-vous d'accord ou pas avec l'affirmation suivante : La note 0 signifiant que vous n'êtes pas du tout d'accord et la note 10 signifiant que vous êtes tout à fait d'accord.
Les notes intermédiaires permettent de nuancer votre jugement. Merci de faire glisser le curseur pour sélectionner une note.Pas du tout d'accordTout à fait d'accord
- Voter blanc est un bon moyen de protester contre l'offre politique"
1st round vote,Null,19.09123,0.2738274589955702,0.3304268504438949,0.27760914304630974,0.007443449999999999,0.00890667,0.03105922,0.01334404,0.0,0.21307407,0.02320725,0.155,0.15256995,0.025,0.2522585400000001,0.11813681,0,7.224524,"q21v13b_i2. Etes-vous d'accord ou pas avec l'affirmation suivante : La note 0 signifiant que vous n'êtes pas du tout d'accord et la note 10 signifiant que vous êtes tout à fait d'accord.
Les notes intermédiaires permettent de nuancer votre jugement. Merci de faire glisser le curseur pour sélectionner une note.Pas du tout d'accordTout à fait d'accord
- Voter blanc est un bon moyen de protester contre l'offre politique"
2nd round vote,Macron,2287.563,0.4013772298292987,0.36996213874765416,0.1849999,0.0892556,0.05166105,0.0539885,0.05932539999999999,0.046290529999999996,0.10085619,0.09244777,0.13851632,0.13950975999999998,0.07499990000000001,0.11076989,0.03581959,0.0065595,5.691869,"q21v13b_i2. Etes-vous d'accord ou pas avec l'affirmation suivante : La note 0 signifiant que vous n'êtes pas du tout d'accord et la note 10 signifiant que vous êtes tout à fait d'accord.
Les notes intermédiaires permettent de nuancer votre jugement. Merci de faire glisser le curseur pour sélectionner une note.Pas du tout d'accordTout à fait d'accord
- Voter blanc est un bon moyen de protester contre l'offre politique"
2nd round vote,Le Pen,1619.66,0.38864317202375803,0.30731239889853423,0.26165312472988156,0.10033958,0.048774429999999994,0.0649999,0.04542733,0.0315867,0.09740939,0.06586673,0.10980749,0.13163818,0.07860292,0.18317423000000005,0.0349999,0.00737322,5.935147,"q21v13b_i2. Etes-vous d'accord ou pas avec l'affirmation suivante : La note 0 signifiant que vous n'êtes pas du tout d'accord et la note 10 signifiant que vous êtes tout à fait d'accord.
Les notes intermédiaires permettent de nuancer votre jugement. Merci de faire glisser le curseur pour sélectionner une note.Pas du tout d'accordTout à fait d'accord
- Voter blanc est un bon moyen de protester contre l'offre politique"
2nd round vote,Blank/Null/NA,370.4173,0.11146752594978689,0.3140209704028402,0.5350476341142814,0.01413098,0.005802609999999999,0.015,0.00971433,0.01409239,0.053167200000000005,0.06081158,0.10143265,0.15094750999999992,0.15043639,0.385,0.03680255,0.00266181,8.198987,"q21v13b_i2. Etes-vous d'accord ou pas avec l'affirmation suivante : La note 0 signifiant que vous n'êtes pas du tout d'accord et la note 10 signifiant que vous êtes tout à fait d'accord.
Les notes intermédiaires permettent de nuancer votre jugement. Merci de faire glisser le curseur pour sélectionner une note.Pas du tout d'accordTout à fait d'accord
- Voter blanc est un bon moyen de protester contre l'offre politique"
