Indicator,Category,BASE,Voter aux élections,Manifester dans la rue,Faire grève,Boycotter des entreprises ou des produits,Militer dans un parti politique,"Discuter sur internet, sur un blog ou un forum",Rien de tout cela,No rep.,Question
Total,Total,5979.002,0.5134214706735338,0.3208309681114005,0.2949840123819995,0.28502917376512,0.06961175125882212,0.06073833057757799,0,0.16977448744790516,"q40n. Selon vous, qu'est-ce qui permet aux citoyens d'exercer le plus d'influence sur les décisions prises en France ? Au Total"
Gender,Man,2929.637,0.5505405618511782,0.3194583492767193,0.29710619438517466,0.3021355546779345,0.08194817310130913,0.055127205179344746,0,0.1442811515556364,"q40n. Selon vous, qu'est-ce qui permet aux citoyens d'exercer le plus d'influence sur les décisions prises en France ? Au Total"
Gender,Woman,3049.36,0.4777625468950861,0.3221506152110607,0.29294602801899416,0.26859504945299995,0.05775966104362883,0.06612925335152295,0,0.19426758401762992,"q40n. Selon vous, qu'est-ce qui permet aux citoyens d'exercer le plus d'influence sur les décisions prises en France ? Au Total"
Age,18-24,478.2759,0.40343805740577776,0.34757385851973727,0.3285645377490273,0.22913176264996837,0.07452729690122376,0.10601458279624794,0,0.19963882771429628,"q40n. Selon vous, qu'est-ce qui permet aux citoyens d'exercer le plus d'influence sur les décisions prises en France ? Au Total"
Age,25-34,836.9062,0.46506597752531886,0.36462509179642827,0.37247662880260657,0.24494262319958915,0.07348270331848421,0.09139977694035484,0,0.15577588025993833,"q40n. Selon vous, qu'est-ce qui permet aux citoyens d'exercer le plus d'influence sur les décisions prises en France ? Au Total"
Age,35-49,1494.556,0.44795658376133113,0.27633658424307955,0.30533643436579155,0.3053718294931739,0.04571952472841432,0.07826719105874921,0,0.21059632425951252,"q40n. Selon vous, qu'est-ce qui permet aux citoyens d'exercer le plus d'influence sur les décisions prises en France ? Au Total"
Age,50-64,1554.412,0.509339222805794,0.35825360329179134,0.2928824533006693,0.29857824051795795,0.07150433733141535,0.05118509121133908,0,0.1558568127369063,"q40n. Selon vous, qu'est-ce qui permet aux citoyens d'exercer le plus d'influence sur les décisions prises en France ? Au Total"
Age,65+,1614.848,0.6355793238744452,0.2953722579462587,0.23732023075856057,0.29049142705691183,0.0864403956285669,0.02441088573042169,0,0.1438013361009829,"q40n. Selon vous, qu'est-ce qui permet aux citoyens d'exercer le plus d'influence sur les décisions prises en France ? Au Total"
Socio-Professional Category,Total-CSP+,1734.019,0.5247786788956753,0.3212137237250572,0.3325833799975664,0.30053084770120747,0.06979698607685383,0.08094559517513937,0,0.14066189586157937,"q40n. Selon vous, qu'est-ce qui permet aux citoyens d'exercer le plus d'influence sur les décisions prises en France ? Au Total"
Socio-Professional Category,Small Business owners,212.9949,0.40492119764369944,0.2911011953807345,0.21942736657074888,0.29160397737222815,0.0759307382477233,0.12699308762791972,0,0.21740961872796014,"q40n. Selon vous, qu'est-ce qui permet aux citoyens d'exercer le plus d'influence sur les décisions prises en France ? Au Total"
Socio-Professional Category,Cadres/Prof Lib,597.9521,0.5657289271164028,0.32051196074066807,0.29856204200971953,0.3098159534852374,0.09222419320878714,0.07490163509752705,0,0.12385478703059995,"q40n. Selon vous, qu'est-ce qui permet aux citoyens d'exercer le plus d'influence sur les décisions prises en France ? Au Total"
Socio-Professional Category,Prof Intermed,896.9079,0.52668194805732,0.3303390459600144,0.38499192614983097,0.3000204368809774,0.053652621411852876,0.06928061398500336,0,0.13177908233387173,"q40n. Selon vous, qu'est-ce qui permet aux citoyens d'exercer le plus d'influence sur les décisions prises en France ? Au Total"
Socio-Professional Category,Total-CSP-,1674.09,0.444555011976656,0.34289602112192297,0.347792412594305,0.27002437144956365,0.05669113966393683,0.06004139562389119,0,0.1917095257722106,"q40n. Selon vous, qu'est-ce qui permet aux citoyens d'exercer le plus d'influence sur les décisions prises en France ? Au Total"
Socio-Professional Category,Salaried,956.6466,0.45977887759178776,0.3434761593257113,0.32952043105573153,0.2774307670146949,0.05553807435263973,0.050860045914551934,0,0.18938351947312623,"q40n. Selon vous, qu'est-ce qui permet aux citoyens d'exercer le plus d'influence sur les décisions prises en France ? Au Total"
Socio-Professional Category,Blue collar,717.4432,0.42425574596009824,0.3421224147082305,0.37215615117684575,0.26014853858814185,0.058228665349396296,0.07228399404998193,0,0.19481110142238434,"q40n. Selon vous, qu'est-ce qui permet aux citoyens d'exercer le plus d'influence sur les décisions prises en France ? Au Total"
Political similarity,Far left,187.3446,0.35349265471222546,0.4545862544209974,0.3324231389642402,0.30996361784647114,0.15276399746776792,0.15694153981486522,0,0.08460238512345698,"q40n. Selon vous, qu'est-ce qui permet aux citoyens d'exercer le plus d'influence sur les décisions prises en France ? Au Total"
Political similarity,Radical left,828.7407,0.47116836424227754,0.4511611412351294,0.4020049938418615,0.27190567568360047,0.11035935606879209,0.09368843596072934,0,0.07003609210938959,"q40n. Selon vous, qu'est-ce qui permet aux citoyens d'exercer le plus d'influence sur les décisions prises en France ? Au Total"
Political similarity,Left,1430.296,0.5471559033934235,0.38999437878592963,0.3562178038671715,0.3055877944145827,0.08616468199589455,0.07180317920206726,0,0.08548314474766062,"q40n. Selon vous, qu'est-ce qui permet aux citoyens d'exercer le plus d'influence sur les décisions prises en France ? Au Total"
Political similarity,PC/LFI,641.3963,0.5055400226038099,0.45016068848541846,0.4223289095992602,0.26078931231751723,0.09797339024250686,0.07521287540947773,0,0.06578140534954754,"q40n. Selon vous, qu'est-ce qui permet aux citoyens d'exercer le plus d'influence sur les décisions prises en France ? Au Total"
Political similarity,PS,449.3176,0.6254081745295532,0.3201699644082493,0.3122768838790201,0.2565203321659334,0.07933604203351928,0.0591802546795407,0,0.13406280991441244,"q40n. Selon vous, qu'est-ce qui permet aux citoyens d'exercer le plus d'influence sur les décisions prises en France ? Au Total"
Political similarity,EELV,339.583,0.5222187211962908,0.36874048465323644,0.28948866698274056,0.4551237841705857,0.07289558075639829,0.08206459098364759,0,0.05841711746465517,"q40n. Selon vous, qu'est-ce qui permet aux citoyens d'exercer le plus d'influence sur les décisions prises en France ? Au Total"
Political similarity,EM,672.9198,0.7425786847110161,0.2117793234795588,0.18707400198359447,0.26340746698194945,0.10520851073188811,0.05578320031599605,0,0.10608227013085364,"q40n. Selon vous, qu'est-ce qui permet aux citoyens d'exercer le plus d'influence sur les décisions prises en France ? Au Total"
Political similarity,MoDem,161.1257,0.707980787670744,0.27146240481810163,0.21831365201206263,0.2603056495642843,0.09958777525869555,0.06788817674647807,0,0.11234036531726471,"q40n. Selon vous, qu'est-ce qui permet aux citoyens d'exercer le plus d'influence sur les décisions prises en France ? Au Total"
Political similarity,Right,573.0042,0.7041000746591386,0.26439980719164013,0.22341633796052454,0.3217178861865236,0.10440363264353036,0.05529366102377609,0,0.08285050964722422,"q40n. Selon vous, qu'est-ce qui permet aux citoyens d'exercer le plus d'influence sur les décisions prises en France ? Au Total"
Political similarity,UDI/PR,89.32552,0.7985920484985701,0.2308174640349141,0.12792883825361442,0.3435850135549169,0.06537848310314902,0.0211681051506893,0,0.09866033805344766,"q40n. Selon vous, qu'est-ce qui permet aux citoyens d'exercer le plus d'influence sur les décisions prises en France ? Au Total"
Political similarity,LR,397.5368,0.7393345722961999,0.2541362208479818,0.22877097164337992,0.3161684654099947,0.10927426089861365,0.03711213653679357,0,0.06974353066181545,"q40n. Selon vous, qu'est-ce qui permet aux citoyens d'exercer le plus d'influence sur les décisions prises en France ? Au Total"
Political similarity,Radical right,1008.8,0.5347642743854084,0.35569934575733547,0.3236208366375892,0.27564700634417133,0.07234401268834258,0.06687213521015067,0,0.14037390959555907,"q40n. Selon vous, qu'est-ce qui permet aux citoyens d'exercer le plus d'influence sur les décisions prises en France ? Au Total"
Political similarity,Debout la France,86.14185,0.44351288020863255,0.3465892594598328,0.2977219551240193,0.3246521870612252,0.1223935868570271,0.17458645246184054,0,0.12694398831694467,"q40n. Selon vous, qu'est-ce qui permet aux citoyens d'exercer le plus d'influence sur les décisions prises en France ? Au Total"
Political similarity,Reconquete,205.4045,0.5852734482448048,0.3425333427456555,0.244961429764197,0.3055737824633832,0.09925858488981497,0.049846424980952216,0,0.13657441779513108,"q40n. Selon vous, qu'est-ce qui permet aux citoyens d'exercer le plus d'influence sur les décisions prises en France ? Au Total"
Political similarity,RN,717.2537,0.5312587442908974,0.3605637726232713,0.34925745241885825,0.2611912632866167,0.058625378997696355,0.05881143589778624,0,0.14307489804514079,"q40n. Selon vous, qu'est-ce qui permet aux citoyens d'exercer le plus d'influence sur les décisions prises en France ? Au Total"
Political similarity,No preference,1860.95,0.34716429780488456,0.2991554851016954,0.29279518525484294,0.2739130014240039,0.022397114377065475,0.041588618716247076,0,0.30510067438673794,"q40n. Selon vous, qu'est-ce qui permet aux citoyens d'exercer le plus d'influence sur les décisions prises en France ? Au Total"
Politics,Total-left,1649.278,0.5314620094368566,0.3934818750992859,0.3513331287993898,0.28089394268279816,0.0924034638187134,0.053525706400012606,0,0.11229386434548935,"q40n. Selon vous, qu'est-ce qui permet aux citoyens d'exercer le plus d'influence sur les décisions prises en France ? Au Total"
Politics,Very Left,217.9165,0.4325904646963401,0.4507788533681479,0.3690586990888712,0.2654759506508227,0.14663428423272215,0.11443965922727281,0,0.07321336383431268,"q40n. Selon vous, qu'est-ce qui permet aux citoyens d'exercer le plus d'influence sur les décisions prises en France ? Au Total"
Politics,Left,1431.362,0.5465143688319237,0.3847584328772176,0.3486343776067829,0.2832412066269749,0.08414705713858549,0.04425190133593039,0,0.11824360294600528,"q40n. Selon vous, qu'est-ce qui permet aux citoyens d'exercer le plus d'influence sur les décisions prises en France ? Au Total"
Politics,Center,776.1196,0.668560876442239,0.31731604252746615,0.26475764817690467,0.3222218585898359,0.08329888847028216,0.06440536999709838,0,0.07193174866347919,"q40n. Selon vous, qu'est-ce qui permet aux citoyens d'exercer le plus d'influence sur les décisions prises en France ? Au Total"
Politics,Total-right,1622.94,0.6126915351152845,0.286560193229571,0.2711936362404032,0.2964066447311669,0.08861769381492847,0.06276547500215658,0,0.12094914168114657,"q40n. Selon vous, qu'est-ce qui permet aux citoyens d'exercer le plus d'influence sur les décisions prises en France ? Au Total"
Politics,Right,1193.119,0.6444720937308015,0.26083559142047025,0.24637182041355474,0.3013247630789553,0.09126994038314704,0.06452761208228182,0,0.11894597269844835,"q40n. Selon vous, qu'est-ce qui permet aux citoyens d'exercer le plus d'influence sur les décisions prises en France ? Au Total"
Politics,Very Right,429.8207,0.524473809660633,0.3579681015828228,0.3400950675479334,0.2827546462978633,0.08125557936134765,0.05787408563617341,0,0.1265096818277947,"q40n. Selon vous, qu'est-ce qui permet aux citoyens d'exercer le plus d'influence sur les décisions prises en France ? Au Total"
Politics,Both left and Right,200.4265,0.5711525172569496,0.35492656909141257,0.27568584992503486,0.31795141859983583,0.010489630862186386,0.068778529785233,0,0.17030791836408857,"q40n. Selon vous, qu'est-ce qui permet aux citoyens d'exercer le plus d'influence sur les décisions prises en France ? Au Total"
Politics,Neither left nor right,1673.316,0.3259940740422012,0.2843483836884366,0.2839252119743073,0.2611746376655694,0.031311413982774323,0.06464003212782284,0,0.30889646665662673,"q40n. Selon vous, qu'est-ce qui permet aux citoyens d'exercer le plus d'influence sur les décisions prises en France ? Au Total"
Loss of job risk,High risk,556.2398,0.3717310411804406,0.37723963657401005,0.4113581947929652,0.28430399982165966,0.07893412157849906,0.11883434087240792,0,0.1252722476888565,"q40n. Selon vous, qu'est-ce qui permet aux citoyens d'exercer le plus d'influence sur les décisions prises en France ? Au Total"
Loss of job risk,Low risk,1874.312,0.46696008988898324,0.32177551016052824,0.3268403552877003,0.2930939459385631,0.06416999944512974,0.08865871850577706,0,0.17051339371460036,"q40n. Selon vous, qu'est-ce qui permet aux citoyens d'exercer le plus d'influence sur les décisions prises en France ? Au Total"
Loss of job risk,Zero risk,3478.817,0.5645735317494424,0.31111438169929606,0.26208323116737675,0.28229952883408355,0.07176310222699268,0.03742283655622011,0,0.17165657175988272,"q40n. Selon vous, qu'est-ce qui permet aux citoyens d'exercer le plus d'influence sur les décisions prises en France ? Au Total"
1st round vote,Arthaud,24.07418,0.39518637810301327,0.27140392736118113,0.3509415066266017,0.30643830859451915,0.21479510413231107,0.17379462145751176,0,0.13071631100207776,"q40n. Selon vous, qu'est-ce qui permet aux citoyens d'exercer le plus d'influence sur les décisions prises en France ? Au Total"
1st round vote,Poutou,32.85668,0.3419237731870658,0.32798657685438704,0.4070243859087406,0.4516357099986974,0.08798560901466614,0.10061865654107476,0,0.12471935691615832,"q40n. Selon vous, qu'est-ce qui permet aux citoyens d'exercer le plus d'influence sur les décisions prises en France ? Au Total"
1st round vote,Roussel,98.04205,0.5727908586162773,0.3370902587206204,0.36682372512610656,0.28220890934043097,0.1456739225668986,0.06140363242098671,0,0.10469211935082956,"q40n. Selon vous, qu'est-ce qui permet aux citoyens d'exercer le plus d'influence sur les décisions prises en France ? Au Total"
1st round vote,Melenchon,942.3053,0.5239995997051062,0.4435268484640806,0.3594776554902111,0.3050584561075906,0.07547195160634244,0.0579837978200908,0,0.07745958767291238,"q40n. Selon vous, qu'est-ce qui permet aux citoyens d'exercer le plus d'influence sur les décisions prises en France ? Au Total"
1st round vote,Hidalgo,75.31895,0.6863834400240577,0.29234170152398564,0.28161664494791816,0.21435747577468883,0.14943264610035056,0.03385653942334565,0,0.11758595944314146,"q40n. Selon vous, qu'est-ce qui permet aux citoyens d'exercer le plus d'influence sur les décisions prises en France ? Au Total"
1st round vote,Jadot,198.8808,0.6002389370919667,0.3077365939799116,0.2897279174259154,0.40134844590327473,0.05946682636031231,0.05233908954509435,0,0.1142589430452814,"q40n. Selon vous, qu'est-ce qui permet aux citoyens d'exercer le plus d'influence sur les décisions prises en France ? Au Total"
1st round vote,Macron,1195.294,0.7570365115193417,0.21887493788139148,0.18425458506442766,0.28970989564073774,0.09903262293628178,0.052448058803942786,0,0.099266874927842,"q40n. Selon vous, qu'est-ce qui permet aux citoyens d'exercer le plus d'influence sur les décisions prises en France ? Au Total"
1st round vote,Pecresse,205.1207,0.7660304396387103,0.2250960044500628,0.20075906527230064,0.32930420966777124,0.1394604250083,0.014538537553742749,0,0.07992854938580066,"q40n. Selon vous, qu'est-ce qui permet aux citoyens d'exercer le plus d'influence sur les décisions prises en France ? Au Total"
1st round vote,Dupont-Aignan,88.56025,0.5128988457010905,0.4305430483766701,0.334626991229135,0.3271645010035541,0.037933034290214857,0.10727444875099156,0,0.05954341818140758,"q40n. Selon vous, qu'est-ce qui permet aux citoyens d'exercer le plus d'influence sur les décisions prises en France ? Au Total"
1st round vote,Zemmour,303.4525,0.5527069310682892,0.3500650019360526,0.2884010182812796,0.2976196933622231,0.0956919451973538,0.07923394930013758,0,0.11805864179731589,"q40n. Selon vous, qu'est-ce qui permet aux citoyens d'exercer le plus d'influence sur les décisions prises en France ? Au Total"
1st round vote,Le Pen,993.0248,0.5487853878372423,0.3598181032336755,0.3460421129462225,0.24624077867944485,0.06416718897654923,0.05468307538744249,0,0.14094773866674828,"q40n. Selon vous, qu'est-ce qui permet aux citoyens d'exercer le plus d'influence sur les décisions prises en France ? Au Total"
1st round vote,Lassalle,134.5409,0.5037059362617613,0.2899950869958503,0.4041409712585541,0.37017338222057383,0.020535175548847973,0.02274206579560565,0,0.13755980523394745,"q40n. Selon vous, qu'est-ce qui permet aux citoyens d'exercer le plus d'influence sur les décisions prises en France ? Au Total"
1st round vote,Blank/Null/NA,96.61228,0.3621771476669426,0.21450885953628254,0.2688801050963708,0.2335830393403406,0.06428353621299487,0.05050910712385631,0,0.3281320966651444,"q40n. Selon vous, qu'est-ce qui permet aux citoyens d'exercer le plus d'influence sur les décisions prises en France ? Au Total"
1st round vote,Blank,63.86856,0.3412400404831422,0.2629146484592732,0.29313812617663526,0.20923847351498137,0.05077989859173277,0.0341457048663693,0,0.32625473315822373,"q40n. Selon vous, qu'est-ce qui permet aux citoyens d'exercer le plus d'influence sur les décisions prises en France ? Au Total"
1st round vote,Null,19.09123,0.3907080895259237,0.1320069476927364,0.24802514033930764,0.2925815675574596,0.0922506302632151,0.07060917499815361,0,0.27285538962130784,"q40n. Selon vous, qu'est-ce qui permet aux citoyens d'exercer le plus d'influence sur les décisions prises en France ? Au Total"
2nd round vote,Macron,2287.563,0.7065103780748333,0.25551864582527345,0.22733651488505452,0.3130612359091312,0.10437915808220363,0.05219746953417239,0,0.09400908302853299,"q40n. Selon vous, qu'est-ce qui permet aux citoyens d'exercer le plus d'influence sur les décisions prises en France ? Au Total"
2nd round vote,Le Pen,1619.66,0.5250476025832582,0.3684274477359446,0.33363458997567386,0.2710556536557055,0.0626756850203129,0.06365971870639517,0,0.14063766469505945,"q40n. Selon vous, qu'est-ce qui permet aux citoyens d'exercer le plus d'influence sur les décisions prises en France ? Au Total"
2nd round vote,Blank/Null/NA,370.4173,0.5372959092353408,0.40097209282611795,0.3101888059763947,0.2953072116232152,0.06087501852640252,0.055889506240664244,0,0.12953047819310815,"q40n. Selon vous, qu'est-ce qui permet aux citoyens d'exercer le plus d'influence sur les décisions prises en France ? Au Total"
