Indicator,Category,BASE,Emmanuel Macron,Marine Le Pen,ST Blanc + Nul ,Blanc,Nul,Vous n'aviez pas voté,No rep.,Question
Total,Total,5979.002,0.44828448000000015,0.23450083999999996,0.135,0.10642025,0.0258558,0.17993872999999996,0.0049999,"q16v13b. Et au second tour de l'élection présidentielle de 2017, aviez-vous voté pour... ?"
Gender,Man,2929.637,0.4518466700000001,0.24365681,0.1400932607008991,0.11222622,0.02786704,0.15940326,0.005,"q16v13b. Et au second tour de l'élection présidentielle de 2017, aviez-vous voté pour... ?"
Gender,Woman,3049.36,0.44292606,0.22570418,0.12476591809428864,0.10084237,0.0239236,0.19966852,0.00693399,"q16v13b. Et au second tour de l'élection présidentielle de 2017, aviez-vous voté pour... ?"
Age,18-24,478.2759,0.39313626,0.19666226000000003,0.10499990000000001,0.06373068,0.04481681,0.29647678,0.00517701,"q16v13b. Et au second tour de l'élection présidentielle de 2017, aviez-vous voté pour... ?"
Age,25-34,836.9062,0.42795046,0.26715013,0.12144933327056245,0.09056244,0.03088684,0.17845023,0.0049999,"q16v13b. Et au second tour de l'élection présidentielle de 2017, aviez-vous voté pour... ?"
Age,35-49,1494.556,0.42211228,0.2249999,0.125,0.09715983,0.02576033,0.22094482,0.00902284,"q16v13b. Et au second tour de l'élection présidentielle de 2017, aviez-vous voté pour... ?"
Age,50-64,1554.412,0.43950278,0.27665529,0.1221759739374117,0.10172039,0.02045562,0.15842074,0.00324661,"q16v13b. Et au second tour de l'élection présidentielle de 2017, aviez-vous voté pour... ?"
Age,65+,1614.848,0.50665549,0.19645855,0.16329623593056436,0.14037693,0.02291923,0.12895684,0.00463356,"q16v13b. Et au second tour de l'élection présidentielle de 2017, aviez-vous voté pour... ?"
Socio-Professional Category,Total-CSP+,1734.019,0.50632357,0.215,0.1349999,0.10243308,0.03341308,0.1402551,0.00257517,"q16v13b. Et au second tour de l'élection présidentielle de 2017, aviez-vous voté pour... ?"
Socio-Professional Category,Small Business owners,212.9949,0.395,0.2134414,0.11209390459583775,0.07081785,0.04127606999999999,0.26729191,0.01217277,"q16v13b. Et au second tour de l'élection présidentielle de 2017, aviez-vous voté pour... ?"
Socio-Professional Category,Cadres/Prof Lib,597.9521,0.57482614,0.19559242,0.13038639717127845,0.10005547000000001,0.03033091,0.09726427999999998,0.0019306900000000003,"q16v13b. Et au second tour de l'élection présidentielle de 2017, aviez-vous voté pour... ?"
Socio-Professional Category,Prof Intermed,896.9079,0.48759700000000006,0.22592933000000004,0.14296205886914365,0.10838675,0.03457532,0.14270975,0.00080074,"q16v13b. Et au second tour de l'élection présidentielle de 2017, aviez-vous voté pour... ?"
Socio-Professional Category,Total-CSP-,1674.09,0.37553178,0.28316674,0.11972558225662898,0.09606670000000002,0.023658910000000002,0.21377029,0.00780536,"q16v13b. Et au second tour de l'élection présidentielle de 2017, aviez-vous voté pour... ?"
Socio-Professional Category,Salaried,956.6466,0.39927446000000005,0.2699142,0.1185059352116027,0.095,0.02376879,0.20355678,0.00848577,"q16v13b. Et au second tour de l'élection présidentielle de 2017, aviez-vous voté pour... ?"
Socio-Professional Category,Blue collar,717.4432,0.34352336,0.30083775,0.1213521293392982,0.09783972,0.02351241,0.22738887,0.00689811,"q16v13b. Et au second tour de l'élection présidentielle de 2017, aviez-vous voté pour... ?"
Political similarity,Far left,187.3446,0.3568896,0.20002968,0.1280122832470218,0.09920755999999999,0.02880477,0.31139638,0.00367259,"q16v13b. Et au second tour de l'élection présidentielle de 2017, aviez-vous voté pour... ?"
Political similarity,Radical left,828.7407,0.4355419,0.13134482,0.21325222714414774,0.17379356,0.03945869,0.20652865000000004,0.013333170000000002,"q16v13b. Et au second tour de l'élection présidentielle de 2017, aviez-vous voté pour... ?"
Political similarity,Left,1430.296,0.6027732,0.08638855,0.15252346367465194,0.12452122,0.02800228,0.15058967,0.0077259,"q16v13b. Et au second tour de l'élection présidentielle de 2017, aviez-vous voté pour... ?"
Political similarity,PC/LFI,641.3963,0.45909399,0.11128267999999998,0.2349999,0.1949999,0.04257055999999999,0.17589796,0.01615491,"q16v13b. Et au second tour de l'élection présidentielle de 2017, aviez-vous voté pour... ?"
Political similarity,PS,449.3176,0.74019914,0.07793076,0.07660153975717843,0.05742130000000001,0.01918023,0.10373595000000001,0.0015326100000000002,"q16v13b. Et au second tour de l'élection présidentielle de 2017, aviez-vous voté pour... ?"
Political similarity,EELV,339.583,0.69319028,0.05055975,0.09124994478522187,0.07909112,0.01215885,0.165,0,"q16v13b. Et au second tour de l'élection présidentielle de 2017, aviez-vous voté pour... ?"
Political similarity,EM,672.9198,0.89632182,0.0376471,0.019543086709590058,0.01626745,0.00327564,0.043750830000000004,0.0027373200000000006,"q16v13b. Et au second tour de l'élection présidentielle de 2017, aviez-vous voté pour... ?"
Political similarity,MoDem,161.1257,0.8663925099999998,0.02463469,0.07912766243994596,0.07576222,0.0033654400000000004,0.01190991,0.01793486,"q16v13b. Et au second tour de l'élection présidentielle de 2017, aviez-vous voté pour... ?"
Political similarity,Right,573.0042,0.4378481,0.25704192,0.20096467006699079,0.17667637,0.02428844,0.10150324,0.00264222,"q16v13b. Et au second tour de l'élection présidentielle de 2017, aviez-vous voté pour... ?"
Political similarity,UDI/PR,89.32552,0.6098911,0.10774224,0.25381604271657193,0.24886415,0.00495191,0.02855079,0,"q16v13b. Et au second tour de l'élection présidentielle de 2017, aviez-vous voté pour... ?"
Political similarity,LR,397.5368,0.4553513,0.22300429,0.1997249059709692,0.17765523,0.02206972,0.11811148000000002,0.00380846,"q16v13b. Et au second tour de l'élection présidentielle de 2017, aviez-vous voté pour... ?"
Political similarity,Radical right,1008.8,0.08816518999999999,0.75068398,0.05812254163362411,0.04564701,0.01247555,0.1018073,0.00122088,"q16v13b. Et au second tour de l'élection présidentielle de 2017, aviez-vous voté pour... ?"
Political similarity,Debout la France,86.14185,0.17867169000000002,0.56894007,0.15188204107527292,0.09730315,0.054578850000000005,0.10050623,0,"q16v13b. Et au second tour de l'élection présidentielle de 2017, aviez-vous voté pour... ?"
Political similarity,Reconquete,205.4045,0.16665375,0.65332892,0.11427661029821645,0.11070102999999999,0.00357555,0.06574062,0,"q16v13b. Et au second tour de l'élection présidentielle de 2017, aviez-vous voté pour... ?"
Political similarity,RN,717.2537,0.055,0.80020979,0.030780865961374616,0.02081318,0.0099677,0.11229219000000001,0.00171714,"q16v13b. Et au second tour de l'élection présidentielle de 2017, aviez-vous voté pour... ?"
Political similarity,No preference,1860.95,0.33366066000000005,0.17405771,0.17110115801069348,0.13572288,0.0349999,0.31578823,0.00577062,"q16v13b. Et au second tour de l'élection présidentielle de 2017, aviez-vous voté pour... ?"
Politics,Total-left,1649.278,0.58281011,0.06889136,0.1540823317839685,0.12784582,0.0249999,0.18875271,0.0067001000000000005,"q16v13b. Et au second tour de l'élection présidentielle de 2017, aviez-vous voté pour... ?"
Politics,Very Left,217.9165,0.3432644800000001,0.08177981,0.2183372071412674,0.18278712,0.03555012,0.355,0.0016184700000000003,"q16v13b. Et au second tour de l'élection présidentielle de 2017, aviez-vous voté pour... ?"
Politics,Left,1431.362,0.6177503,0.06692914,0.14429983470289137,0.11948130999999998,0.02481856,0.16354682,0.00747375,"q16v13b. Et au second tour de l'élection présidentielle de 2017, aviez-vous voté pour... ?"
Politics,Center,776.1196,0.7574963200000001,0.09098046,0.0849999,0.07056878,0.0149999,0.06014853,0.00580601,"q16v13b. Et au second tour de l'élection présidentielle de 2017, aviez-vous voté pour... ?"
Politics,Total-right,1622.94,0.32838454,0.46325194000000014,0.115,0.09825385,0.015,0.09375442,0.00135525,"q16v13b. Et au second tour de l'élection présidentielle de 2017, aviez-vous voté pour... ?"
Politics,Right,1193.119,0.41851746,0.33963687000000004,0.13500229231116093,0.11843488,0.01656741,0.10499990000000001,0.0018434799999999998,"q16v13b. Et au second tour de l'élection présidentielle de 2017, aviez-vous voté pour... ?"
Politics,Very Right,429.8207,0.08128622,0.80729849,0.05197090321615502,0.04223422,0.0097367,0.059444229999999994,0,"q16v13b. Et au second tour de l'élection présidentielle de 2017, aviez-vous voté pour... ?"
Politics,Both left and Right,200.4265,0.495,0.21778368000000004,0.19131177763419507,0.1701519,0.02115989,0.09247165,0.0034328799999999997,"q16v13b. Et au second tour de l'élection présidentielle de 2017, aviez-vous voté pour... ?"
Politics,Neither left nor right,1673.316,0.28558276,0.24464566,0.14279855090132407,0.10487738,0.03792121,0.32116821,0.00580603,"q16v13b. Et au second tour de l'élection présidentielle de 2017, aviez-vous voté pour... ?"
Loss of job risk,High risk,556.2398,0.325,0.31410909000000004,0.11827298226412422,0.09647582,0.02179718,0.24040117,0.00221674,"q16v13b. Et au second tour de l'élection présidentielle de 2017, aviez-vous voté pour... ?"
Loss of job risk,Low risk,1874.312,0.39499989999999996,0.24719477,0.13874627063157044,0.09999433999999999,0.03875193,0.21640825999999996,0.0026508,"q16v13b. Et au second tour de l'élection présidentielle de 2017, aviez-vous voté pour... ?"
Loss of job risk,Zero risk,3478.817,0.5020684999999999,0.217164,0.12578074673085707,0.10823861,0.01754217,0.14998682,0.0049999,"q16v13b. Et au second tour de l'élection présidentielle de 2017, aviez-vous voté pour... ?"
1st round vote,Arthaud,24.07418,0.44296337,0.23420182999999997,0.18709027680278206,0.14566669,0.04142359,0.13574435,0,"q16v13b. Et au second tour de l'élection présidentielle de 2017, aviez-vous voté pour... ?"
1st round vote,Poutou,32.85668,0.3613283500000001,0.14800141,0.2549999,0.1549999,0.0993552,0.23631514,0,"q16v13b. Et au second tour de l'élection présidentielle de 2017, aviez-vous voté pour... ?"
1st round vote,Roussel,98.04205,0.59463771,0.04946487,0.23544938115839067,0.20528161,0.03016783,0.12044771,0,"q16v13b. Et au second tour de l'élection présidentielle de 2017, aviez-vous voté pour... ?"
1st round vote,Melenchon,942.3053,0.5494084300000001,0.08331709,0.205,0.16994788999999996,0.035,0.1582295,0.00409709,"q16v13b. Et au second tour de l'élection présidentielle de 2017, aviez-vous voté pour... ?"
1st round vote,Hidalgo,75.31895,0.75838099,0.08561169999999999,0.10973365932477816,0.10229942,0.00743425,0.04159118,0.00468265,"q16v13b. Et au second tour de l'élection présidentielle de 2017, aviez-vous voté pour... ?"
1st round vote,Jadot,198.8808,0.76765228,0.0632335,0.10082924042944318,0.08367882,0.01715041,0.06828532,0,"q16v13b. Et au second tour de l'élection présidentielle de 2017, aviez-vous voté pour... ?"
1st round vote,Macron,1195.294,0.90429133,0.02580971,0.035,0.028451210000000005,0.00631089,0.03247652,0.00266004,"q16v13b. Et au second tour de l'élection présidentielle de 2017, aviez-vous voté pour... ?"
1st round vote,Pecresse,205.1207,0.56279742,0.12607226,0.25037409681226713,0.21898838,0.03138572,0.05707248999999999,0.00368368,"q16v13b. Et au second tour de l'élection présidentielle de 2017, aviez-vous voté pour... ?"
1st round vote,Dupont-Aignan,88.56025,0.24854537,0.48543209000000015,0.20102258067248005,0.17643717,0.02458547,0.0649999,0,"q16v13b. Et au second tour de l'élection présidentielle de 2017, aviez-vous voté pour... ?"
1st round vote,Zemmour,303.4525,0.165,0.5672278399999999,0.1849999,0.16356965000000004,0.02205214,0.07262741,0.00952296,"q16v13b. Et au second tour de l'élection présidentielle de 2017, aviez-vous voté pour... ?"
1st round vote,Le Pen,993.0248,0.10245726,0.76763068,0.08247028674409743,0.07261023,0.00986006,0.04620125,0.00124027,"q16v13b. Et au second tour de l'élection présidentielle de 2017, aviez-vous voté pour... ?"
1st round vote,Lassalle,134.5409,0.47147262,0.1242996,0.2675609424346054,0.22043453,0.0471265,0.13666625,0,"q16v13b. Et au second tour de l'élection présidentielle de 2017, aviez-vous voté pour... ?"
1st round vote,Blank/Null/NA,96.61228,0.36147227000000004,0.0873198,0.3653328541671928,0.295,0.07086187,0.13242385,0.05292221,"q16v13b. Et au second tour de l'élection présidentielle de 2017, aviez-vous voté pour... ?"
1st round vote,Blank,63.86856,0.3895956,0.07348237,0.43650224774129864,0.38806198,0.04844023,0.08851645,0.01190302,"q16v13b. Et au second tour de l'élection présidentielle de 2017, aviez-vous voté pour... ?"
1st round vote,Null,19.09123,0.3106721,0.14499990000000001,0.3275020519893166,0.13095537,0.19654674,0.21682589,0,"q16v13b. Et au second tour de l'élection présidentielle de 2017, aviez-vous voté pour... ?"
2nd round vote,Macron,2287.563,0.88300562,0.025,0.05112405647407306,0.04426606,0.00685801,0.03917962,0.00169069,"q16v13b. Et au second tour de l'élection présidentielle de 2017, aviez-vous voté pour... ?"
2nd round vote,Le Pen,1619.66,0.115,0.69000015,0.13115042663275006,0.11723843,0.01391204,0.0629271,0.00092228,"q16v13b. Et au second tour de l'élection présidentielle de 2017, aviez-vous voté pour... ?"
2nd round vote,Blank/Null/NA,370.4173,0.32029201,0.05620495999999999,0.5330898421860966,0.45293673,0.08015292,0.06730145,0.02311232,"q16v13b. Et au second tour de l'élection présidentielle de 2017, aviez-vous voté pour... ?"
