Indicator,Category,BASE,...s'ouvrir davantage,...se fermer davantage,Rien ne doit changer,No rep.,Question
Total,Total,5979.002,0.38399318000000005,0.35261152,0.20756407,0.05583024,"new26v2_i1. Et plus précisément, estimez-vous que la France doit... ?
- Sur le plan économique"
Gender,Man,2929.637,0.39581423000000004,0.35313179999999994,0.20308103,0.04797512,"new26v2_i1. Et plus précisément, estimez-vous que la France doit... ?
- Sur le plan économique"
Gender,Woman,3049.36,0.37101569000000006,0.35211257,0.21187174,0.065,"new26v2_i1. Et plus précisément, estimez-vous que la France doit... ?
- Sur le plan économique"
Age,18-24,478.2759,0.38092469,0.34660789,0.22491871,0.047548709999999994,"new26v2_i1. Et plus précisément, estimez-vous que la France doit... ?
- Sur le plan économique"
Age,25-34,836.9062,0.39160135000000007,0.35021583,0.21855902000000002,0.03962365,"new26v2_i1. Et plus précisément, estimez-vous que la France doit... ?
- Sur le plan économique"
Age,35-49,1494.556,0.36136538,0.39029719,0.17940914,0.06892769,"new26v2_i1. Et plus précisément, estimez-vous que la France doit... ?
- Sur le plan économique"
Age,50-64,1554.412,0.38499989999999995,0.35997971000000006,0.20856644999999996,0.04645394,"new26v2_i1. Et plus précisément, estimez-vous que la France doit... ?
- Sur le plan économique"
Age,65+,1614.848,0.3995942600000001,0.315,0.22181981999999997,0.06358592,"new26v2_i1. Et plus précisément, estimez-vous que la France doit... ?
- Sur le plan économique"
Socio-Professional Category,Total-CSP+,1734.019,0.36673739,0.37499191,0.22517556,0.03309523,"new26v2_i1. Et plus précisément, estimez-vous que la France doit... ?
- Sur le plan économique"
Socio-Professional Category,Small Business owners,212.9949,0.44688398999999995,0.3269568,0.16153622000000004,0.06462333,"new26v2_i1. Et plus précisément, estimez-vous que la France doit... ?
- Sur le plan économique"
Socio-Professional Category,Cadres/Prof Lib,597.9521,0.3840570200000001,0.36501703,0.21860079,0.03232518,"new26v2_i1. Et plus précisément, estimez-vous que la France doit... ?
- Sur le plan économique"
Socio-Professional Category,Prof Intermed,896.9079,0.33179204,0.39691166000000005,0.24932793999999997,0.02196733,"new26v2_i1. Et plus précisément, estimez-vous que la France doit... ?
- Sur le plan économique"
Socio-Professional Category,Total-CSP-,1674.09,0.39276508,0.35368421,0.18542133,0.06812889,"new26v2_i1. Et plus précisément, estimez-vous que la France doit... ?
- Sur le plan économique"
Socio-Professional Category,Salaried,956.6466,0.38470277,0.3582071,0.18619185,0.07089789,"new26v2_i1. Et plus précisément, estimez-vous que la France doit... ?
- Sur le plan économique"
Socio-Professional Category,Blue collar,717.4432,0.40295258999999994,0.34765344,0.18439397,0.065,"new26v2_i1. Et plus précisément, estimez-vous que la France doit... ?
- Sur le plan économique"
Political similarity,Far left,187.3446,0.4186627900000001,0.36776475,0.18857256,0.0249999,"new26v2_i1. Et plus précisément, estimez-vous que la France doit... ?
- Sur le plan économique"
Political similarity,Radical left,828.7407,0.39499989999999996,0.37119082000000014,0.18697223,0.04683705,"new26v2_i1. Et plus précisément, estimez-vous que la France doit... ?
- Sur le plan économique"
Political similarity,Left,1430.296,0.4163971,0.30275726,0.23725844,0.04358795,"new26v2_i1. Et plus précisément, estimez-vous que la France doit... ?
- Sur le plan économique"
Political similarity,PC/LFI,641.3963,0.39028211,0.37051851,0.18650466,0.052694960000000006,"new26v2_i1. Et plus précisément, estimez-vous que la France doit... ?
- Sur le plan économique"
Political similarity,PS,449.3176,0.45499989999999996,0.23713605,0.27093947999999995,0.03692457,"new26v2_i1. Et plus précisément, estimez-vous que la France doit... ?
- Sur le plan économique"
Political similarity,EELV,339.583,0.4141005300000001,0.26159663,0.28909916,0.03520335,"new26v2_i1. Et plus précisément, estimez-vous que la France doit... ?
- Sur le plan économique"
Political similarity,EM,672.9198,0.59443696,0.14746796,0.24672851,0.011366299999999998,"new26v2_i1. Et plus précisément, estimez-vous que la France doit... ?
- Sur le plan économique"
Political similarity,MoDem,161.1257,0.43956175000000003,0.19117837999999998,0.35425987,0.015,"new26v2_i1. Et plus précisément, estimez-vous que la France doit... ?
- Sur le plan économique"
Political similarity,Right,573.0042,0.39289625,0.33898827,0.22999481999999996,0.03812077,"new26v2_i1. Et plus précisément, estimez-vous que la France doit... ?
- Sur le plan économique"
Political similarity,UDI/PR,89.32552,0.42308863,0.19991756,0.35199381,0.025,"new26v2_i1. Et plus précisément, estimez-vous que la France doit... ?
- Sur le plan économique"
Political similarity,LR,397.5368,0.43229104999999995,0.30383778,0.22768197,0.03618958,"new26v2_i1. Et plus précisément, estimez-vous que la France doit... ?
- Sur le plan économique"
Political similarity,Radical right,1008.8,0.29612986,0.55884169,0.11456433,0.03046439,"new26v2_i1. Et plus précisément, estimez-vous que la France doit... ?
- Sur le plan économique"
Political similarity,Debout la France,86.14185,0.17895146,0.64541625,0.11416067,0.06147160000000001,"new26v2_i1. Et plus précisément, estimez-vous que la France doit... ?
- Sur le plan économique"
Political similarity,Reconquete,205.4045,0.25670903,0.58414056,0.13973097,0.0194196,"new26v2_i1. Et plus précisément, estimez-vous que la France doit... ?
- Sur le plan économique"
Political similarity,RN,717.2537,0.32149224,0.54119902,0.10740572999999999,0.02990341,"new26v2_i1. Et plus précisément, estimez-vous que la France doit... ?
- Sur le plan économique"
Political similarity,No preference,1860.95,0.32201929,0.37163198999999986,0.205,0.10134872,"new26v2_i1. Et plus précisément, estimez-vous que la France doit... ?
- Sur le plan économique"
Politics,Total-left,1649.278,0.4245471,0.3023272,0.22621862,0.04690716,"new26v2_i1. Et plus précisément, estimez-vous que la France doit... ?
- Sur le plan économique"
Politics,Very Left,217.9165,0.44171107,0.3499847,0.1393358,0.06896894,"new26v2_i1. Et plus précisément, estimez-vous que la France doit... ?
- Sur le plan économique"
Politics,Left,1431.362,0.42193379000000003,0.29507155,0.23944593000000003,0.04354836,"new26v2_i1. Et plus précisément, estimez-vous que la France doit... ?
- Sur le plan économique"
Politics,Center,776.1196,0.48684262,0.22440845,0.27639683,0.012351609999999999,"new26v2_i1. Et plus précisément, estimez-vous que la France doit... ?
- Sur le plan économique"
Politics,Total-right,1622.94,0.3590407,0.435,0.17202323999999997,0.03393606,"new26v2_i1. Et plus précisément, estimez-vous que la France doit... ?
- Sur le plan économique"
Politics,Right,1193.119,0.38650847,0.38263032,0.19475945,0.0361009,"new26v2_i1. Et plus précisément, estimez-vous que la France doit... ?
- Sur le plan économique"
Politics,Very Right,429.8207,0.28499990000000003,0.5781626700000001,0.1089106,0.02792683,"new26v2_i1. Et plus précisément, estimez-vous que la France doit... ?
- Sur le plan économique"
Politics,Both left and Right,200.4265,0.41829494,0.36057572,0.21194701999999999,0.00918267,"new26v2_i1. Et plus précisément, estimez-vous que la France doit... ?
- Sur le plan économique"
Politics,Neither left nor right,1673.316,0.31739806000000004,0.385,0.19317116000000004,0.10443078,"new26v2_i1. Et plus précisément, estimez-vous que la France doit... ?
- Sur le plan économique"
Loss of job risk,High risk,556.2398,0.37268429,0.475,0.12437206,0.02794365,"new26v2_i1. Et plus précisément, estimez-vous que la France doit... ?
- Sur le plan économique"
Loss of job risk,Low risk,1874.312,0.35999535000000005,0.38396421,0.20104044,0.055,"new26v2_i1. Et plus précisément, estimez-vous que la France doit... ?
- Sur le plan économique"
Loss of job risk,Zero risk,3478.817,0.40289098,0.31758152,0.22500614,0.0545231,"new26v2_i1. Et plus précisément, estimez-vous que la France doit... ?
- Sur le plan économique"
1st round vote,Arthaud,24.07418,0.43172561,0.20652475,0.29382301,0.06792659,"new26v2_i1. Et plus précisément, estimez-vous que la France doit... ?
- Sur le plan économique"
1st round vote,Poutou,32.85668,0.26264933,0.41907095,0.29755563,0.02072418,"new26v2_i1. Et plus précisément, estimez-vous que la France doit... ?
- Sur le plan économique"
1st round vote,Roussel,98.04205,0.31935981,0.36961304,0.21917341,0.09185361,"new26v2_i1. Et plus précisément, estimez-vous que la France doit... ?
- Sur le plan économique"
1st round vote,Melenchon,942.3053,0.3945769,0.34336504,0.20659239,0.05546538,"new26v2_i1. Et plus précisément, estimez-vous que la France doit... ?
- Sur le plan économique"
1st round vote,Hidalgo,75.31895,0.45095106,0.20419947000000002,0.31807799,0.026771779999999995,"new26v2_i1. Et plus précisément, estimez-vous que la France doit... ?
- Sur le plan économique"
1st round vote,Jadot,198.8808,0.40499989999999997,0.23661681,0.29813217000000003,0.06025112,"new26v2_i1. Et plus précisément, estimez-vous que la France doit... ?
- Sur le plan économique"
1st round vote,Macron,1195.294,0.52516611,0.18885078,0.25447087,0.03151328,"new26v2_i1. Et plus précisément, estimez-vous que la France doit... ?
- Sur le plan économique"
1st round vote,Pecresse,205.1207,0.48659804,0.22424158,0.26193236,0.02722755,"new26v2_i1. Et plus précisément, estimez-vous que la France doit... ?
- Sur le plan économique"
1st round vote,Dupont-Aignan,88.56025,0.26151473,0.58681146,0.12684043,0.024833300000000003,"new26v2_i1. Et plus précisément, estimez-vous que la France doit... ?
- Sur le plan économique"
1st round vote,Zemmour,303.4525,0.255,0.56779434,0.15321433,0.02399133,"new26v2_i1. Et plus précisément, estimez-vous que la France doit... ?
- Sur le plan économique"
1st round vote,Le Pen,993.0248,0.29870573,0.53165268,0.13986257,0.029778560000000003,"new26v2_i1. Et plus précisément, estimez-vous que la France doit... ?
- Sur le plan économique"
1st round vote,Lassalle,134.5409,0.3099378,0.43822904,0.21878975,0.03304284,"new26v2_i1. Et plus précisément, estimez-vous que la France doit... ?
- Sur le plan économique"
1st round vote,Blank/Null/NA,96.61228,0.36501323,0.33189403999999995,0.2224624,0.08063012000000001,"new26v2_i1. Et plus précisément, estimez-vous que la France doit... ?
- Sur le plan économique"
1st round vote,Blank,63.86856,0.42021348,0.34948118,0.17077354,0.05953158,"new26v2_i1. Et plus précisément, estimez-vous que la France doit... ?
- Sur le plan économique"
1st round vote,Null,19.09123,0.185,0.29996422,0.39383856,0.12119722,"new26v2_i1. Et plus précisément, estimez-vous que la France doit... ?
- Sur le plan économique"
2nd round vote,Macron,2287.563,0.50108041,0.20671536000000001,0.25779032,0.03441559,"new26v2_i1. Et plus précisément, estimez-vous que la France doit... ?
- Sur le plan économique"
2nd round vote,Le Pen,1619.66,0.2865297,0.54275607,0.13888038,0.03183308,"new26v2_i1. Et plus précisément, estimez-vous que la France doit... ?
- Sur le plan économique"
2nd round vote,Blank/Null/NA,370.4173,0.32104683,0.35171069999999993,0.24224247,0.085,"new26v2_i1. Et plus précisément, estimez-vous que la France doit... ?
- Sur le plan économique"
