Indicator,Category,BASE,Nathalie Arthaud,Philippe Poutou,Fabien Roussel,Jean-Luc Mélenchon,Anne Hidalgo,Yannick Jadot,Emmanuel Macron,Valérie Pécresse,Nicolas Dupont-Aignan,Eric Zemmour,Marine Le Pen,Jean Lassalle,ST Blanc ou nul + NSP,J'ai voté blanc,J'ai voté nul,No rep.,Question
Total,Total,4388.087,0.00548626,0.0074877,0.02234278,0.21474170999999997,0.01716442,0.04532289,0.27239524,0.0467449,0.020181969999999997,0.06915371,0.22630016000000003,0.030660489999999995,0.0149999,0.014554990000000002,0.0043507,0.00311126,t12022. Pour quel candidat avez-vous voté à l'occasion du premier tour de l'élection présidentielle ?
Gender,Man,2277.301,0.00318454,0.005738630000000001,0.02353307,0.20463175,0.0172695,0.04112586000000001,0.27915906,0.05783772,0.01945946,0.07944036,0.21568853,0.0367899,0.0149999,0.01179461,0.00336065,0.00098911,t12022. Pour quel candidat avez-vous voté à l'occasion du premier tour de l'élection présidentielle ?
Gender,Woman,2110.782,0.00796957,0.00937477,0.021058610000000002,0.22564944999999997,0.01705108,0.04985115,0.2649999,0.03477703,0.02096152,0.05805569,0.23825175,0.02404757,0.028352837952948243,0.01753315,0.00541886,0.0049999,t12022. Pour quel candidat avez-vous voté à l'occasion du premier tour de l'élection présidentielle ?
Age,18-24,342.0195,0.01128799,0.005,0.01128949,0.23138344,0.01200354,0.05316635,0.2893203899999997,0.02980991,0.015,0.06013724,0.22209699000000002,0.0221485,0.03735617413627001,0.01993593,0.00969411,0.007726120000000001,t12022. Pour quel candidat avez-vous voté à l'occasion du premier tour de l'élection présidentielle ?
Age,25-34,599.8777,0.00758684,0.00355453,0.012384710000000002,0.27961209,0.01279233,0.04899483999999999,0.21318162,0.026212939999999997,0.025231489999999995,0.04927763000000001,0.27295547,0.02142258,0.025433267481021548,0.01995838,0.005,0.00183455,t12022. Pour quel candidat avez-vous voté à l'occasion du premier tour de l'élection présidentielle ?
Age,35-49,1037.63,0.00670255,0.0141488,0.01602422,0.22262261,0.01565126,0.05113873,0.25054935000000006,0.03244129,0.02625579,0.07007322,0.24321444,0.02908369,0.021847575725451266,0.015,0.00358432,0.00350973,t12022. Pour quel candidat avez-vous voté à l'occasion du premier tour de l'élection présidentielle ?
Age,50-64,1110.303,0.0049999,0.00694034,0.02617806,0.23943329,0.01747864,0.03853221,0.2522944699999998,0.03694655,0.0221843,0.06686469,0.23633333,0.03263071,0.0149999,0.01408864,0.00277833,0.00231654,t12022. Pour quel candidat avez-vous voté à l'occasion du premier tour de l'élection présidentielle ?
Age,65+,1298.252,0.00210287,0.00514438,0.03162613,0.15233968,0.02148496,0.04271933,0.32850000999999984,0.08050562999999998,0.012938060000000001,0.08193617,0.185,0.03674678,0.01895598851378623,0.010880879999999999,0.00522851,0.00284661,t12022. Pour quel candidat avez-vous voté à l'occasion du premier tour de l'élection présidentielle ?
Socio-Professional Category,Total-CSP+,1352.315,0.00633649,0.00974245,0.02200654,0.23950071,0.022560949999999996,0.051272849999999995,0.27621619,0.04012121,0.01944014,0.06383218,0.19777603999999996,0.028293939999999997,0.02290097351578589,0.01589414,0.00431132,0.00269553,t12022. Pour quel candidat avez-vous voté à l'occasion du premier tour de l'élection présidentielle ?
Socio-Professional Category,Small Business owners,137.851,0.02368446,0.00885147,0.02406685,0.14209444,0.00438612,0.02550589,0.2878258199999999,0.0386437,0.020685630000000003,0.08079434,0.265,0.0457254,0.03273588149523761,0.01996663,0.00874353,0.00402572,t12022. Pour quel candidat avez-vous voté à l'occasion du premier tour de l'élection présidentielle ?
Socio-Professional Category,Cadres/Prof Lib,541.0665,0.00323638,0.00645084,0.01870423,0.23070769,0.02648406,0.05983593999999999,0.3067580000000001,0.04396716,0.03240302,0.07198644,0.15788745,0.01998095,0.021338116479212813,0.0133415,0.005,0.00325634,t12022. Pour quel candidat avez-vous voté à l'occasion du premier tour de l'élection présidentielle ?
Socio-Professional Category,Prof Intermed,660.4058,0.0053799,0.01223636,0.02471497,0.265,0.023584330000000004,0.05064433,0.24897542000000006,0.03732469,0.00894218,0.05486649,0.21629444,0.03102094,0.02101595715846227,0.01619432,0.00281021,0.00201142,t12022. Pour quel candidat avez-vous voté à l'occasion du premier tour de l'élection présidentielle ?
Socio-Professional Category,Total-CSP-,1145.838,0.00915565,0.00606663,0.010434349999999998,0.24618463,0.01031534,0.04226526,0.21249304,0.027150599999999997,0.031006780000000005,0.06593698,0.29168045,0.025733250000000003,0.0149999,0.0149999,0.0031568000000000004,0.00342034,t12022. Pour quel candidat avez-vous voté à l'occasion du premier tour de l'élection présidentielle ?
Socio-Professional Category,Salaried,644.1205,0.011475739999999998,0.00632738,0.01232465,0.24013379,0.013066289999999998,0.05434475,0.21985358,0.02614182,0.03005714,0.0659041,0.2708424199999998,0.025,0.024528345239749394,0.01796631,0.00333505,0.00322698,t12022. Pour quel candidat avez-vous voté à l'occasion du premier tour de l'élection présidentielle ?
Socio-Professional Category,Blue collar,501.717,0.006177040000000001,0.0049999,0.00800755,0.25395312,0.0067836,0.02675726,0.20304335,0.02844574,0.03222602,0.06597925,0.31804922000000024,0.02692374,0.0149999,0.01205768,0.00292795,0.00366858,t12022. Pour quel candidat avez-vous voté à l'occasion du premier tour de l'élection présidentielle ?
Political similarity,Far left,134.7248,0.07982472,0.10619812,0.010156079999999998,0.4251305400000001,0.00302298,0.0149999,0.18445847,0.00969493,0,0.04071225,0.12580201,0,0,0,0,0,t12022. Pour quel candidat avez-vous voté à l'occasion du premier tour de l'élection présidentielle ?
Political similarity,Radical left,661.9138,0.01828329,0.02771589,0.05100231999999999,0.71914597,0.00240572,0.015,0.06356468,0.00197329,0.00170616,0.02174029,0.06261092,0.00591786,0.007968460545768951,0.005,0.00313444,0.0007991700000000001,t12022. Pour quel candidat avez-vous voté à l'occasion du premier tour de l'élection présidentielle ?
Political similarity,Left,1141.578,0.0027273699999999994,0.00592644,0.05005096,0.53902865,0.05241076,0.1238293,0.13665829,0.005,0.00338802,0.011147989999999998,0.0416856,0.01751921,0.01062740347133529,0.00751239,0.00181742,0.0012976,t12022. Pour quel candidat avez-vous voté à l'occasion du premier tour de l'élection présidentielle ?
Political similarity,PC/LFI,527.1891,0.00255619,0.007659520000000001,0.06144071,0.7960107699999999,0.00224797,0.01448387,0.03266991,0,0.00214217,0.01689194,0.04646223,0.00743018,0.010004823696089316,0.00506596,0.00393546,0.0010034,t12022. Pour quel candidat avez-vous voté à l'occasion du premier tour de l'élection présidentielle ?
Political similarity,PS,356.8514,0.00120895,0.0025921999999999994,0.05902272,0.34314704,0.15674283,0.06006517,0.2835494,0.00824827,0.00565762,0.00913574,0.0414329,0.01809952,0.01109805089737633,0.00979511,0,0.00130294,t12022. Pour quel candidat avez-vous voté à l'occasion du premier tour de l'élection présidentielle ?
Political similarity,EELV,257.5369,0.0049999,0.0069988,0.01430421,0.28523404,0.01053039,0.4362000300000001,0.14599034,0.00989525,0.00279352,0.00217815,0.0322578,0.03736782,0.011249743240677356,0.00935733,0,0.00189242,t12022. Pour quel candidat avez-vous voté à l'occasion du premier tour de l'élection présidentielle ?
Political similarity,EM,584.301,0,0,0.0014485299999999997,0.0449999,0.00239115,0.00572449,0.8874381,0.010228819999999998,0,0.01631429,0.01991782,0.00956312,0.0019737755026946724,0.00032442,0.000436,0.00121336,t12022. Pour quel candidat avez-vous voté à l'occasion du premier tour de l'élection présidentielle ?
Political similarity,MoDem,149.9801,0.00273634,0.0032741200000000006,0.015,0.04092209000000001,0.01351039,0.06193246,0.6153635600000001,0.07270778,0.00990153,0.05588754,0.02950343,0.06254572,0.016632906632279884,0.015,0.00171504,0,t12022. Pour quel candidat avez-vous voté à l'occasion du premier tour de l'élection présidentielle ?
Political similarity,Right,461.4031,0.00102105,0.00213809,0.0034485299999999996,0.027346110000000003,0.00102325,0.00650667,0.25358304,0.31217129,0.07881984,0.07619416,0.18958403,0.03558073,0.01258325095778507,0.00746898,0.00388884,0.00122543,t12022. Pour quel candidat avez-vous voté à l'occasion du premier tour de l'élection présidentielle ?
Political similarity,UDI/PR,79.47246,0,0.01241336,0.00426734,0.006883500000000001,0,0.03777657,0.4301944999999999,0.2460855,0.08670974,0.02881106,0.05966814,0.06947081,0.0149999,0.0149999,0.0027195799999999997,0,t12022. Pour quel candidat avez-vous voté à l'occasion du premier tour de l'élection présidentielle ?
Political similarity,LR,306.554,0.0015368099999999998,0,0.005,0.02940214,0.00154012,0,0.24523268,0.39920429,0.00405907,0.07320446,0.19286622,0.035,0.012954207089126223,0.00711978,0.00399,0.00184443,t12022. Pour quel candidat avez-vous voté à l'occasion du premier tour de l'élection présidentielle ?
Political similarity,Radical right,862.9946,0,0.00123674,0.00107151,0.011382779999999999,0.0009439699999999999,0.001378,0.02283791,0.005,0.04174625,0.21815768,0.68533458,0.0071613499999999995,0.003749230875836303,0.00229774,0.00110457,0.00034692,t12022. Pour quel candidat avez-vous voté à l'occasion du premier tour de l'élection présidentielle ?
Political similarity,Debout la France,75.37656,0,0,0,0.04055886,0,0,0.10228465,0.02182024,0.37381419000000005,0.13831103,0.31321103,0.005,0.005,0,0.005,0,t12022. Pour quel candidat avez-vous voté à l'occasion du premier tour de l'élection présidentielle ?
Political similarity,Reconquete,189.3363,0,0,0.00319291,0.01718133,0,0.00326257,0.015432080000000003,0.00255605,0,0.8215614499999999,0.12684303,0.005,0.004970581975035955,0.00344786,0.00152272,0,t12022. Pour quel candidat avez-vous voté à l'occasion du premier tour de l'élection présidentielle ?
Political similarity,RN,598.282,0,0.00178394,0.00053515,0.00587188,0.0013616300000000002,0.00095521,0.01517223,0.0018158,0.01302804,0.03708741,0.9108007599999999,0.0083467,0.0032416352155003824,0.00222325,0.00051797,0.00050042,t12022. Pour quel candidat avez-vous voté à l'occasion du premier tour de l'élection présidentielle ?
Political similarity,No preference,1017.12,0.00881682,0.00716971,0.028592530000000005,0.186834,0.0097026,0.0308721,0.24932348,0.03297922,0.03019543,0.04938375,0.2330489,0.07084004,0.062241761050810133,0.04272219,0.01225285,0.00726672,t12022. Pour quel candidat avez-vous voté à l'occasion du premier tour de l'élection présidentielle ?
Politics,Total-left,1258.004,0.0080519,0.01302411,0.05286107,0.5416077600000001,0.04601915,0.08125482999999999,0.1749999,0.00227322,0.007015969999999999,0.00947758,0.03700462,0.016065,0.010344887615619665,0.00845591,0.00090352,0.00098546,t12022. Pour quel candidat avez-vous voté à l'occasion du premier tour de l'élection présidentielle ?
Politics,Very Left,169.0268,0.00739237,0.045,0.052643090000000003,0.76205405,0.0020866,0.01508456,0.05246229000000001,0,0,0.01352409,0.03819142,0,0.011561527521079496,0.00726675,0.00429478,0,t12022. Pour quel candidat avez-vous voté à l'occasion du premier tour de l'élection présidentielle ?
Politics,Left,1088.976,0.00815428,0.00813219,0.05289497,0.50633922,0.05283825,0.09152558,0.1949999,0.00262606,0.00810497,0.0088495,0.03682045,0.01855857,0.01015605486254977,0.0086405,0.00037714,0.00113842,t12022. Pour quel candidat avez-vous voté à l'occasion du premier tour de l'élection présidentielle ?
Politics,Center,654.9324,0.006194110000000001,0.00831325,0.0049999,0.12088901,0.01027622,0.06450812,0.56947843,0.055823840000000007,0.0169049,0.01775973,0.07078903,0.04209653000000001,0.011966937351091502,0.00802416,0.00195673,0.00198604,t12022. Pour quel candidat avez-vous voté à l'occasion du premier tour de l'élection présidentielle ?
Politics,Total-right,1366.263,0.00132353,0.00163718,0.00316785,0.02596229,0.00128158,0.00605762,0.22311158,0.10455835,0.02616531,0.17086396,0.41012323,0.01591527,0.009831620998299742,0.0051674,0.0034614,0.00120282,t12022. Pour quel candidat avez-vous voté à l'occasion du premier tour de l'élection présidentielle ?
Politics,Right,982.0253,0.00184139,0.00102265,0.00379173,0.0322439,0.00079634,0.00842779,0.29833793,0.14257026,0.02501621,0.14982547,0.3022747600000001,0.02090636,0.015,0.006589619999999999,0.005,0.00135559,t12022. Pour quel candidat avez-vous voté à l'occasion du premier tour de l'élection présidentielle ?
Politics,Very Right,384.2365,0,0.0032078,0.0015733399999999997,0.00990789,0.00252174,0,0.030774610000000004,0.007408270000000001,0.02910226,0.225,0.685,0.00315917,0.0023449198605546328,0.00153252,0,0.0008124000000000001,t12022. Pour quel candidat avez-vous voté à l'occasion du premier tour de l'élection présidentielle ?
Politics,Both left and Right,153.4948,0.0073181,0.00830515,0.03052101,0.10984242,0,0.05030319,0.36166991,0.03091543,0.03084876,0.03567267,0.24966592,0.062514,0.022423997425319947,0.01793048,0.00223254,0.00226098,t12022. Pour quel candidat avez-vous voté à l'occasion du premier tour de l'élection présidentielle ?
Politics,Neither left nor right,918.6852,0.00689557,0.0079167,0.01982948,0.1349999,0.00885052,0.04076231,0.25184742,0.01813912,0.03067289,0.042878,0.3173702600000001,0.060326,0.05951183278015146,0.04015079,0.01262807,0.00673297,t12022. Pour quel candidat avez-vous voté à l'occasion du premier tour de l'élection présidentielle ?
Loss of job risk,High risk,400.3233,0.01311594,0.01305179,0.01295592,0.3028827,0.01647959,0.02102573,0.14723277,0.01545564,0.01977698,0.05842813000000001,0.33232115,0.01957373,0.027699536849341518,0.01808559,0.00434882,0.00526512,t12022. Pour quel candidat avez-vous voté à l'occasion du premier tour de l'élection présidentielle ?
Loss of job risk,Low risk,1307.586,0.010240010000000003,0.01327773,0.0155733,0.24952263,0.010831569999999999,0.0422823,0.22811211,0.03085702,0.03123109,0.06205609,0.25384992,0.027697620000000003,0.025,0.01668878,0.00609374,0.0016859,t12022. Pour quel candidat avez-vous voté à l'occasion du premier tour de l'élection présidentielle ?
Loss of job risk,Zero risk,2637.243,0.0018247,0.00380203,0.02686567,0.18203579,0.02029142,0.05125656000000001,0.315,0.059669660000000006,0.01509369,0.075,0.19620086000000003,0.03355255,0.0149999,0.01304529,0.00355758,0.0028042,t12022. Pour quel candidat avez-vous voté à l'occasion du premier tour de l'élection présidentielle ?
1st round vote,Arthaud,24.07418,1,0,0,0,0,0,0,0,0,0,0,0,0,0,0,0,t12022. Pour quel candidat avez-vous voté à l'occasion du premier tour de l'élection présidentielle ?
1st round vote,Poutou,32.85668,0,1,0,0,0,0,0,0,0,0,0,0,0,0,0,0,t12022. Pour quel candidat avez-vous voté à l'occasion du premier tour de l'élection présidentielle ?
1st round vote,Roussel,98.04205,0,0,1,0,0,0,0,0,0,0,0,0,0,0,0,0,t12022. Pour quel candidat avez-vous voté à l'occasion du premier tour de l'élection présidentielle ?
1st round vote,Melenchon,942.3053,0,0,0,1,0,0,0,0,0,0,0,0,0,0,0,0,t12022. Pour quel candidat avez-vous voté à l'occasion du premier tour de l'élection présidentielle ?
1st round vote,Hidalgo,75.31895,0,0,0,0,1,0,0,0,0,0,0,0,0,0,0,0,t12022. Pour quel candidat avez-vous voté à l'occasion du premier tour de l'élection présidentielle ?
1st round vote,Jadot,198.8808,0,0,0,0,0,1,0,0,0,0,0,0,0,0,0,0,t12022. Pour quel candidat avez-vous voté à l'occasion du premier tour de l'élection présidentielle ?
1st round vote,Macron,1195.294,0,0,0,0,0,0,1,0,0,0,0,0,0,0,0,0,t12022. Pour quel candidat avez-vous voté à l'occasion du premier tour de l'élection présidentielle ?
1st round vote,Pecresse,205.1207,0,0,0,0,0,0,0,1,0,0,0,0,0,0,0,0,t12022. Pour quel candidat avez-vous voté à l'occasion du premier tour de l'élection présidentielle ?
1st round vote,Dupont-Aignan,88.56025,0,0,0,0,0,0,0,0,1,0,0,0,0,0,0,0,t12022. Pour quel candidat avez-vous voté à l'occasion du premier tour de l'élection présidentielle ?
1st round vote,Zemmour,303.4525,0,0,0,0,0,0,0,0,0,1,0,0,0,0,0,0,t12022. Pour quel candidat avez-vous voté à l'occasion du premier tour de l'élection présidentielle ?
1st round vote,Le Pen,993.0248,0,0,0,0,0,0,0,0,0,0,1,0,0,0,0,0,t12022. Pour quel candidat avez-vous voté à l'occasion du premier tour de l'élection présidentielle ?
1st round vote,Lassalle,134.5409,0,0,0,0,0,0,0,0,0,0,0,1,0,0,0,0,t12022. Pour quel candidat avez-vous voté à l'occasion du premier tour de l'élection présidentielle ?
1st round vote,Blank/Null/NA,96.61228,0,0,0,0,0,0,0,0,0,0,0,0,1,0.66108118,0.19760665999999996,0.14131195,t12022. Pour quel candidat avez-vous voté à l'occasion du premier tour de l'élection présidentielle ?
1st round vote,Blank,63.86856,0,0,0,0,0,0,0,0,0,0,0,0,1,1,0,0,t12022. Pour quel candidat avez-vous voté à l'occasion du premier tour de l'élection présidentielle ?
1st round vote,Null,19.09123,0,0,0,0,0,0,0,0,0,0,0,0,1,0,1,0,t12022. Pour quel candidat avez-vous voté à l'occasion du premier tour de l'élection présidentielle ?
2nd round vote,Macron,2130.666,0.0036982100000000004,0.00258013,0.02455152,0.19626971,0.02250383,0.06689157,0.54676801,0.05769276000000001,0.0072065,0.014165650000000002,0.01941189,0.02559402,0.012667039320099912,0.009232,0.00138073,0.00205432,t12022. Pour quel candidat avez-vous voté à l'occasion du premier tour de l'élection présidentielle ?
2nd round vote,Le Pen,1507.301,0.005560389999999999,0.0049999,0.00588266,0.10388469,0.00573138,0.01157653,0.006202329999999999,0.02425537,0.03672628,0.15731514999999996,0.6049999,0.02622423,0.0049999,0.0044562,0.0009411,0.00124389,t12022. Pour quel candidat avez-vous voté à l'occasion du premier tour de l'élection présidentielle ?
2nd round vote,Blank/Null/NA,344.7404,0.011040069999999999,0.02227381,0.04819946,0.4156838700000002,0.03282278,0.06911363,0.01264608,0.07960735,0.02714823,0.03685231,0.035,0.07334496,0.1349999,0.09444489,0.02457841,0.01724415,t12022. Pour quel candidat avez-vous voté à l'occasion du premier tour de l'élection présidentielle ?
