Indicator,Category,BASE,ST Elevé,ST Faible,Très élevé,Assez élevé,Assez faible,Très faible,Je ne sais pas,No rep.,Question
Total,Total,5979.002,0.43044474646437647,0.2428691276570906,0.17648915000000004,0.25395559,0.3081890499999999,0.1570291,0.0849999,0.01933721,"q14v13b_i3. Et si une de ces installations devait être construite près de votre commune, pensez-vous qu'elle présenterait un risque pour vous ou pour votre environnement ?
- Des éoliennes au sol"
Gender,Man,2929.637,0.445,0.23424796314355667,0.18783930999999998,0.255,0.3085681500000001,0.17264402,0.06160391,0.01434461,"q14v13b_i3. Et si une de ces installations devait être construite près de votre commune, pensez-vous qu'elle présenterait un risque pour vous ou pour votre environnement ?
- Des éoliennes au sol"
Gender,Woman,3049.36,0.4186157095259333,0.25115211060681586,0.1655856,0.25302982,0.30609748,0.14202761,0.1091245,0.024133829999999995,"q14v13b_i3. Et si une de ces installations devait être construite près de votre commune, pensez-vous qu'elle présenterait un risque pour vous ou pour votre environnement ?
- Des éoliennes au sol"
Age,18-24,478.2759,0.42750931000286657,0.26453120468750363,0.17867018,0.24883901,0.28870651999999997,0.14499990000000001,0.11886177,0.01992262,"q14v13b_i3. Et si une de ces installations devait être construite près de votre commune, pensez-vous qu'elle présenterait un risque pour vous ou pour votre environnement ?
- Des éoliennes au sol"
Age,25-34,836.9062,0.36776379479564136,0.30177503763265223,0.13888928,0.22887439,0.31321875000000005,0.18601511,0.1149999,0.01800257,"q14v13b_i3. Et si une de ces installations devait être construite près de votre commune, pensez-vous qu'elle présenterait un risque pour vous ou pour votre environnement ?
- Des éoliennes au sol"
Age,35-49,1494.556,0.4348171630905767,0.23624066277877845,0.1549999,0.27836073,0.31072634000000005,0.13781136,0.09842917,0.0196725,"q14v13b_i3. Et si une de ces installations devait être construite près de votre commune, pensez-vous qu'elle présenterait un risque pour vous ou pour votre environnement ?
- Des éoliennes au sol"
Age,50-64,1554.412,0.43691743244390807,0.2549999,0.1809602,0.2559573,0.28918838999999996,0.17414193,0.08475218,0.015,"q14v13b_i3. Et si une de ces installations devait être construite près de votre commune, pensez-vous qu'elle présenterait un risque pour vous ou pour votre environnement ?
- Des éoliennes au sol"
Age,65+,1614.848,0.4535246660986049,0.19663491548430564,0.20956771,0.24395689,0.32601403,0.14668551,0.04994938,0.02382732,"q14v13b_i3. Et si une de ces installations devait être construite près de votre commune, pensez-vous qu'elle présenterait un risque pour vous ou pour votre environnement ?
- Des éoliennes au sol"
Socio-Professional Category,Total-CSP+,1734.019,0.40002502856081734,0.2449999,0.14962339,0.25040152,0.34630686999999993,0.16477899,0.08160983,0.00727933,"q14v13b_i3. Et si une de ces installations devait être construite près de votre commune, pensez-vous qu'elle présenterait un risque pour vous ou pour votre environnement ?
- Des éoliennes au sol"
Socio-Professional Category,Small Business owners,212.9949,0.36898456254116885,0.25552409940331905,0.125,0.24403472,0.3612522700000001,0.12601612,0.12950794,0.01418895,"q14v13b_i3. Et si une de ces installations devait être construite près de votre commune, pensez-vous qu'elle présenterait un risque pour vous ou pour votre environnement ?
- Des éoliennes au sol"
Socio-Professional Category,Cadres/Prof Lib,597.9521,0.4234907779402397,0.2382553719603962,0.17931870999999996,0.2441719,0.32755432999999995,0.16098224,0.07727323,0.01069969,"q14v13b_i3. Et si une de ces installations devait être construite près de votre commune, pensez-vous qu'elle présenterait un risque pour vous ou pour votre environnement ?
- Des éoliennes au sol"
Socio-Professional Category,Prof Intermed,896.9079,0.39817176323232295,0.24078938316855053,0.13857376,0.25959789,0.35746736,0.17197909,0.06881029,0.0035705099999999994,"q14v13b_i3. Et si une de ces installations devait être construite près de votre commune, pensez-vous qu'elle présenterait un risque pour vous ou pour votre environnement ?
- Des éoliennes au sol"
Socio-Professional Category,Total-CSP-,1674.09,0.42091823020267727,0.285,0.16193801000000002,0.25898034,0.27423842,0.16673351,0.11641877,0.0216906,"q14v13b_i3. Et si une de ces installations devait être construite près de votre commune, pensez-vous qu'elle présenterait un risque pour vous ou pour votre environnement ?
- Des éoliennes au sol"
Socio-Professional Category,Salaried,956.6466,0.4128746184850288,0.26307854959187643,0.15126474,0.26160988,0.29822225,0.14057992,0.12249863,0.02582411,"q14v13b_i3. Et si une de ces installations devait être construite près de votre commune, pensez-vous qu'elle présenterait un risque pour vous ou pour votre environnement ?
- Des éoliennes au sol"
Socio-Professional Category,Blue collar,717.4432,0.43164434480666897,0.3099188897462545,0.17616976999999998,0.2549999,0.24273258999999997,0.20160676,0.10831207,0.01617891,"q14v13b_i3. Et si une de ces installations devait être construite près de votre commune, pensez-vous qu'elle présenterait un risque pour vous ou pour votre environnement ?
- Des éoliennes au sol"
Political similarity,Far left,187.3446,0.303370633581112,0.3666292489882281,0.09727561,0.2049999,0.32152413000000013,0.2584794,0.10814985,0.00957111,"q14v13b_i3. Et si une de ces installations devait être construite près de votre commune, pensez-vous qu'elle présenterait un risque pour vous ou pour votre environnement ?
- Des éoliennes au sol"
Political similarity,Radical left,828.7407,0.32970385067367874,0.2404851119294612,0.11072597,0.21897777999999998,0.41930208,0.17649682,0.06398834,0.0105096,"q14v13b_i3. Et si une de ces installations devait être construite près de votre commune, pensez-vous qu'elle présenterait un risque pour vous ou pour votre environnement ?
- Des éoliennes au sol"
Political similarity,Left,1430.296,0.3149999,0.25719053958061827,0.09499990000000001,0.21826119,0.4204655399999999,0.19786806,0.05932232,0.00908299,"q14v13b_i3. Et si une de ces installations devait être construite près de votre commune, pensez-vous qu'elle présenterait un risque pour vous ou pour votre environnement ?
- Des éoliennes au sol"
Political similarity,PC/LFI,641.3963,0.3373953045878188,0.2036399336884232,0.115,0.22274061,0.44783575,0.15255069,0.05108923,0.010783719999999998,"q14v13b_i3. Et si une de ces installations devait être construite près de votre commune, pensez-vous qu'elle présenterait un risque pour vous ou pour votre environnement ?
- Des éoliennes au sol"
Political similarity,PS,449.3176,0.31391381063194496,0.2935309010819963,0.09439828,0.21951568,0.38681572,0.21499990000000002,0.07789733,0.006373089999999999,"q14v13b_i3. Et si une de ces installations devait être construite près de votre commune, pensez-vous qu'elle présenterait un risque pour vous ou pour votre environnement ?
- Des éoliennes au sol"
Political similarity,EELV,339.583,0.27416054396127015,0.3102508076081547,0.0649999,0.20814007,0.4071530000000001,0.25995559,0.050295160000000005,0.00945628,"q14v13b_i3. Et si une de ces installations devait être construite près de votre commune, pensez-vous qu'elle présenterait un risque pour vous ou pour votre environnement ?
- Des éoliennes au sol"
Political similarity,EM,672.9198,0.325,0.3049999,0.095,0.22645446999999996,0.3591188800000002,0.26359783,0.0440557,0.01177312,"q14v13b_i3. Et si une de ces installations devait être construite près de votre commune, pensez-vous qu'elle présenterait un risque pour vous ou pour votre environnement ?
- Des éoliennes au sol"
Political similarity,MoDem,161.1257,0.420183930930944,0.1874476262942535,0.14885062,0.27133325,0.38094574999999997,0.14580908,0.04163853,0.01142255,"q14v13b_i3. Et si une de ces installations devait être construite près de votre commune, pensez-vous qu'elle présenterait un risque pour vous ou pour votre environnement ?
- Des éoliennes au sol"
Political similarity,Right,573.0042,0.5464410208511561,0.1534448089560251,0.22048617,0.32595485,0.29019072,0.11326371,0.04018112000000001,0.00992381,"q14v13b_i3. Et si une de ces installations devait être construite près de votre commune, pensez-vous qu'elle présenterait un risque pour vous ou pour votre environnement ?
- Des éoliennes au sol"
Political similarity,UDI/PR,89.32552,0.3694122351596722,0.18961501707462775,0.14918267,0.22022955999999996,0.43441639,0.14661185,0.043003190000000004,0.0065566700000000006,"q14v13b_i3. Et si une de ces installations devait être construite près de votre commune, pensez-vous qu'elle présenterait un risque pour vous ou pour votre environnement ?
- Des éoliennes au sol"
Political similarity,LR,397.5368,0.5619419384570182,0.145,0.21707604999999996,0.34486568,0.28261157,0.11530291000000001,0.02731324,0.01283077,"q14v13b_i3. Et si une de ces installations devait être construite près de votre commune, pensez-vous qu'elle présenterait un risque pour vous ou pour votre environnement ?
- Des éoliennes au sol"
Political similarity,Radical right,1008.8,0.5999229777954005,0.17080620539254562,0.3178412,0.28208168,0.21840464,0.10071114,0.07009512,0.010866539999999997,"q14v13b_i3. Et si une de ces installations devait être construite près de votre commune, pensez-vous qu'elle présenterait un risque pour vous ou pour votre environnement ?
- Des éoliennes au sol"
Political similarity,Debout la France,86.14185,0.6584785444008923,0.16591122665696173,0.31016248,0.34892644999999994,0.1749999,0.06927243,0.09663874,0,"q14v13b_i3. Et si une de ces installations devait être construite près de votre commune, pensez-vous qu'elle présenterait un risque pour vous ou pour votre environnement ?
- Des éoliennes au sol"
Political similarity,Reconquete,205.4045,0.7616342387824998,0.09814152075538753,0.5177019,0.24393229,0.1282061,0.07584629,0.0222952,0.01201844,"q14v13b_i3. Et si une de ces installations devait être construite près de votre commune, pensez-vous qu'elle présenterait un risque pour vous ou pour votre environnement ?
- Des éoliennes au sol"
Political similarity,RN,717.2537,0.5465802407153842,0.1922035396959263,0.2615281,0.28505214,0.24937494,0.11160762,0.08059603,0.01184173,"q14v13b_i3. Et si une de ces installations devait être construite près de votre commune, pensez-vous qu'elle présenterait un risque pour vous ou pour votre environnement ?
- Des éoliennes au sol"
Political similarity,No preference,1860.95,0.465,0.2549999,0.19650238000000003,0.2671003899999999,0.25032596,0.10980832,0.14499990000000001,0.03126305,"q14v13b_i3. Et si une de ces installations devait être construite près de votre commune, pensez-vous qu'elle présenterait un risque pour vous ou pour votre environnement ?
- Des éoliennes au sol"
Politics,Total-left,1649.278,0.3244622192256248,0.26019973588442946,0.11331176,0.21115033,0.4071581000000001,0.20092343000000001,0.05927632,0.00818053,"q14v13b_i3. Et si une de ces installations devait être construite près de votre commune, pensez-vous qu'elle présenterait un risque pour vous ou pour votre environnement ?
- Des éoliennes au sol"
Politics,Very Left,217.9165,0.3349999,0.3271685714482382,0.12180298,0.21375614000000004,0.33227225999999993,0.30613515,0.02103347,0.005,"q14v13b_i3. Et si une de ces installations devait être construite près de votre commune, pensez-vous qu'elle présenterait un risque pour vous ou pour votre environnement ?
- Des éoliennes au sol"
Politics,Left,1431.362,0.3227726459134726,0.25000398222112924,0.11201897,0.21075346,0.41837837,0.18490542999999998,0.06509856,0.00884489,"q14v13b_i3. Et si une de ces installations devait être construite près de votre commune, pensez-vous qu'elle présenterait un risque pour vous ou pour votre environnement ?
- Des éoliennes au sol"
Politics,Center,776.1196,0.36043955081149864,0.25630959455217983,0.11274043,0.24769907,0.37853801999999986,0.205,0.05137319,0.00464929,"q14v13b_i3. Et si une de ces installations devait être construite près de votre commune, pensez-vous qu'elle présenterait un risque pour vous ou pour votre environnement ?
- Des éoliennes au sol"
Politics,Total-right,1622.94,0.5649999,0.16808557309573982,0.26102245999999996,0.3049999,0.25604391,0.11983783,0.04824772,0.00984818,"q14v13b_i3. Et si une de ces installations devait être construite près de votre commune, pensez-vous qu'elle présenterait un risque pour vous ou pour votre environnement ?
- Des éoliennes au sol"
Politics,Right,1193.119,0.5695897894510104,0.15802455580709052,0.23717307,0.33241697,0.26473503,0.10952192999999999,0.04850271,0.00764945,"q14v13b_i3. Et si une de ces installations devait être construite près de votre commune, pensez-vous qu'elle présenterait un risque pour vous ou pour votre environnement ?
- Des éoliennes au sol"
Politics,Very Right,429.8207,0.5549999,0.19601373316827225,0.32478008,0.231336,0.23191817,0.14847379,0.047539920000000006,0.01595154,"q14v13b_i3. Et si une de ces installations devait être construite près de votre commune, pensez-vous qu'elle présenterait un risque pour vous ou pour votre environnement ?
- Des éoliennes au sol"
Politics,Both left and Right,200.4265,0.4423355195046563,0.261387092026254,0.2339959,0.20833972,0.28114885,0.21354047,0.04784662,0.01512885,"q14v13b_i3. Et si une de ces installations devait être construite près de votre commune, pensez-vous qu'elle présenterait un risque pour vous ou pour votre environnement ?
- Des éoliennes au sol"
Politics,Neither left nor right,1673.316,0.43696582115990046,0.29139451245311704,0.17833709,0.25862891,0.23287968,0.12219539,0.16919894,0.03876084,"q14v13b_i3. Et si une de ces installations devait être construite près de votre commune, pensez-vous qu'elle présenterait un risque pour vous ou pour votre environnement ?
- Des éoliennes au sol"
Loss of job risk,High risk,556.2398,0.5210042503251295,0.24780679124363272,0.25404223,0.26696202,0.22104531,0.18106741,0.06673956,0.01014326,"q14v13b_i3. Et si une de ces installations devait être construite près de votre commune, pensez-vous qu'elle présenterait un risque pour vous ou pour votre environnement ?
- Des éoliennes au sol"
Loss of job risk,Low risk,1874.312,0.4170776797032725,0.25989493744904796,0.14908697,0.26799097,0.31103829,0.15378438,0.10611055999999999,0.01198909,"q14v13b_i3. Et si une de ces installations devait être construite près de votre commune, pensez-vous qu'elle présenterait un risque pour vous ou pour votre environnement ?
- Des éoliennes au sol"
Loss of job risk,Zero risk,3478.817,0.4249999,0.235,0.17903562999999997,0.24499990000000002,0.32013678,0.15723765,0.07709017,0.02149987,"q14v13b_i3. Et si une de ces installations devait être construite près de votre commune, pensez-vous qu'elle présenterait un risque pour vous ou pour votre environnement ?
- Des éoliennes au sol"
1st round vote,Arthaud,24.07418,0.38060299457759317,0.2600786818076462,0.16997838,0.21062465999999996,0.33349406,0.2161544,0.043924279999999996,0.02582415,"q14v13b_i3. Et si une de ces installations devait être construite près de votre commune, pensez-vous qu'elle présenterait un risque pour vous ou pour votre environnement ?
- Des éoliennes au sol"
1st round vote,Poutou,32.85668,0.37972430568152354,0.35528391791258285,0.0290937,0.3530296600000001,0.25759279,0.17757117,0.17771278,0.0049999,"q14v13b_i3. Et si une de ces installations devait être construite près de votre commune, pensez-vous qu'elle présenterait un risque pour vous ou pour votre environnement ?
- Des éoliennes au sol"
1st round vote,Roussel,98.04205,0.4315761451336442,0.16101264712437163,0.17106976,0.26050638,0.39686849,0.07436481,0.08664782000000001,0.01054243,"q14v13b_i3. Et si une de ces installations devait être construite près de votre commune, pensez-vous qu'elle présenterait un risque pour vous ou pour votre environnement ?
- Des éoliennes au sol"
1st round vote,Melenchon,942.3053,0.3173212545870219,0.274595929790483,0.11670899000000001,0.20061216,0.39308291999999995,0.20070523,0.0738907,0.015,"q14v13b_i3. Et si une de ces installations devait être construite près de votre commune, pensez-vous qu'elle présenterait un risque pour vous ou pour votre environnement ?
- Des éoliennes au sol"
1st round vote,Hidalgo,75.31895,0.3075175636410226,0.20612793991419157,0.073533,0.235,0.46147631999999994,0.17502036,0.03110752,0.023862799999999997,"q14v13b_i3. Et si une de ces installations devait être construite près de votre commune, pensez-vous qu'elle présenterait un risque pour vous ou pour votre environnement ?
- Des éoliennes au sol"
1st round vote,Jadot,198.8808,0.255,0.3049999,0.07626614,0.1782349,0.4307060000000001,0.24499990000000002,0.06098150000000001,0.00881156,"q14v13b_i3. Et si une de ces installations devait être construite près de votre commune, pensez-vous qu'elle présenterait un risque pour vous ou pour votre environnement ?
- Des éoliennes au sol"
1st round vote,Macron,1195.294,0.35899443986165747,0.26087238788114053,0.11913069,0.23986358,0.36841438,0.19144754,0.06942479,0.0117202,"q14v13b_i3. Et si une de ces installations devait être construite près de votre commune, pensez-vous qu'elle présenterait un risque pour vous ou pour votre environnement ?
- Des éoliennes au sol"
1st round vote,Pecresse,205.1207,0.5534833880734612,0.15663816474885275,0.21421397,0.33926946,0.26874933,0.10618138,0.05045678,0.02112871,"q14v13b_i3. Et si une de ces installations devait être construite près de votre commune, pensez-vous qu'elle présenterait un risque pour vous ou pour votre environnement ?
- Des éoliennes au sol"
1st round vote,Dupont-Aignan,88.56025,0.5543768225586536,0.14949991672336066,0.29031241,0.2640643,0.29612326,0.09663492,0.05286504,0,"q14v13b_i3. Et si une de ces installations devait être construite près de votre commune, pensez-vous qu'elle présenterait un risque pour vous ou pour votre environnement ?
- Des éoliennes au sol"
1st round vote,Zemmour,303.4525,0.6775422842125209,0.13047366556545092,0.405,0.27254234,0.17923731,0.08024973,0.05022394,0.01274668,"q14v13b_i3. Et si une de ces installations devait être construite près de votre commune, pensez-vous qu'elle présenterait un risque pour vous ou pour votre environnement ?
- Des éoliennes au sol"
1st round vote,Le Pen,993.0248,0.5607385636290252,0.1949999,0.28318014,0.27755822,0.23670476,0.11394276999999998,0.08192966,0.00668431,"q14v13b_i3. Et si une de ces installations devait être construite près de votre commune, pensez-vous qu'elle présenterait un risque pour vous ou pour votre environnement ?
- Des éoliennes au sol"
1st round vote,Lassalle,134.5409,0.5230623550162069,0.18271402971141118,0.2006271,0.32243526000000006,0.27560385,0.15287559,0.02983847,0.01861925,"q14v13b_i3. Et si une de ces installations devait être construite près de votre commune, pensez-vous qu'elle présenterait un risque pour vous ou pour votre environnement ?
- Des éoliennes au sol"
1st round vote,Blank/Null/NA,96.61228,0.44720691820956926,0.28046838352226033,0.22105192000000004,0.2261551,0.23233474999999998,0.10689800999999999,0.17357048,0.03998949,"q14v13b_i3. Et si une de ces installations devait être construite près de votre commune, pensez-vous qu'elle présenterait un risque pour vous ou pour votre environnement ?
- Des éoliennes au sol"
1st round vote,Blank,63.86856,0.4646159237033057,0.2719889097233443,0.22460002,0.2400159,0.23555909,0.10801148000000002,0.16397755,0.02783582,"q14v13b_i3. Et si une de ces installations devait être construite près de votre commune, pensez-vous qu'elle présenterait un risque pour vous ou pour votre environnement ?
- Des éoliennes au sol"
1st round vote,Null,19.09123,0.3908514014026336,0.365,0.17821868999999999,0.21263276,0.20230127,0.1170923,0.24749610000000002,0.04225916,"q14v13b_i3. Et si une de ces installations devait être construite près de votre commune, pensez-vous qu'elle présenterait un risque pour vous ou pour votre environnement ?
- Des éoliennes au sol"
2nd round vote,Macron,2287.563,0.3596380077838293,0.26684943758925983,0.12399095000000002,0.23564732,0.36185666,0.20164909000000003,0.06520039,0.01165792,"q14v13b_i3. Et si une de ces installations devait être construite près de votre commune, pensez-vous qu'elle présenterait un risque pour vous ou pour votre environnement ?
- Des éoliennes au sol"
2nd round vote,Le Pen,1619.66,0.5762484719015102,0.1749999,0.28905795,0.28719095,0.23649346,0.10479848000000001,0.07339084,0.00906787,"q14v13b_i3. Et si une de ces installations devait être construite près de votre commune, pensez-vous qu'elle présenterait un risque pour vous ou pour votre environnement ?
- Des éoliennes au sol"
2nd round vote,Blank/Null/NA,370.4173,0.4160664202238934,0.215,0.17669746999999997,0.23936899999999997,0.34483892,0.1366623,0.07795748,0.024475119999999996,"q14v13b_i3. Et si une de ces installations devait être construite près de votre commune, pensez-vous qu'elle présenterait un risque pour vous ou pour votre environnement ?
- Des éoliennes au sol"
