Indicator,Category,BASE,ST Extreme gauche,ST Gauche,ST Centre,ST Droite,ST Extrème droite,0.0,1.0,2.0,3.0,4.0,5.0,6.0,7.0,8.0,9.0,10.0,NSP,Question
Total,Total,5979.002,0.052193459711169184,0.2249999,0.1493491388696642,0.2767607369925616,0.095,0.01915341,0.03304005,0.07128166,0.08486998,0.0693021,0.14934914,0.08325063,0.09557687,0.09793306999999998,0.04687077,0.04808634,0.20128577,"nou1. Sur une échelle de 0 à 10, où 0 correspond à la gauche et 10 correspond à la droite, où diriez-vous que vous vous situez ?Cliquer sur le curseur pour vous positionner"
Gender,Man,2929.637,0.055,0.249308293143485,0.13671144240736993,0.29076301944575383,0.0949999,0.01861225,0.03636983,0.08185103,0.08732952,0.08012764000000001,0.13671144,0.08073881000000001,0.10147117,0.10855311,0.04143967,0.054999900000000004,0.17179562999999998,"nou1. Sur une échelle de 0 à 10, où 0 correspond à la gauche et 10 correspond à la droite, où diriez-vous que vous vous situez ?Cliquer sur le curseur pour vous positionner"
Gender,Woman,3049.36,0.0495143899047669,0.20253610593698348,0.16149087021538946,0.265,0.0933993362541648,0.01967334,0.02984105,0.06112738,0.08250712,0.05890164,0.16149087,0.08566388,0.08991408,0.08773028000000001,0.0520887,0.04131064,0.22974977999999996,"nou1. Sur une échelle de 0 à 10, où 0 correspond à la gauche et 10 correspond à la droite, où diriez-vous que vous vous situez ?Cliquer sur le curseur pour vous positionner"
Age,18-24,478.2759,0.0406448244621985,0.21041202368758286,0.14568254432222072,0.2496220277877267,0.07942426118480986,0.01359093,0.02705388,0.05052182,0.10176081999999999,0.05812927,0.14568254,0.085,0.08400377,0.08077158,0.04438853999999999,0.03503572,0.2740611300000001,"nou1. Sur une échelle de 0 à 10, où 0 correspond à la gauche et 10 correspond à la droite, où diriez-vous que vous vous situez ?Cliquer sur le curseur pour vous positionner"
Age,25-34,836.9062,0.0639534514142684,0.18594306028560906,0.13071070569198795,0.3106128261446743,0.10780226027719714,0.02260398,0.04134946,0.074257,0.055,0.05740098,0.13071071,0.10858706,0.09176497999999998,0.11026064999999999,0.04528902,0.06251325,0.20026290999999993,"nou1. Sur une échelle de 0 à 10, où 0 correspond à la gauche et 10 correspond à la droite, où diriez-vous que vous vous situez ?Cliquer sur le curseur pour vous positionner"
Age,35-49,1494.556,0.04778653994898819,0.20841494062450652,0.16922510765739124,0.2449999,0.08446649038242796,0.01737982,0.03040672,0.07042593,0.08534896,0.0526401,0.16922511,0.08205561,0.0848286,0.07811745,0.0417166,0.04274991999999999,0.24510483000000002,"nou1. Sur une échelle de 0 à 10, où 0 correspond à la gauche et 10 correspond à la droite, où diriez-vous que vous vous situez ?Cliquer sur le curseur pour vous positionner"
Age,50-64,1554.412,0.05542577514841625,0.24007444615713208,0.15541722529162152,0.2349999,0.09775355568536527,0.025,0.03078036,0.08394866,0.095,0.06158965,0.15541723,0.0744845,0.08036299,0.08265562999999998,0.04042467,0.05732894,0.21300737000000006,"nou1. Sur une échelle de 0 à 10, où 0 correspond à la gauche et 10 correspond à la droite, où diriez-vous que vous vous situez ?Cliquer sur le curseur pour vous positionner"
Age,65+,1614.848,0.0449999,0.252081929692454,0.13585835942454028,0.335,0.09991801085922637,0.0149999,0.0349999,0.06448749,0.08597057,0.10162381,0.13634456000000028,0.07919123,0.12557225,0.12967264,0.05940089,0.04051711,0.12721965,"nou1. Sur une échelle de 0 à 10, où 0 correspond à la gauche et 10 correspond à la droite, où diriez-vous que vous vous situez ?Cliquer sur le curseur pour vous positionner"
Socio-Professional Category,Total-CSP+,1734.019,0.075,0.23419524238200387,0.14672088368120534,0.30221283619152967,0.0749518892238205,0.02532472,0.04606302,0.07408137,0.09615045,0.06396343,0.14672088,0.10437585,0.09755718000000001,0.10027980999999998,0.03392696,0.04102491,0.17053146,"nou1. Sur une échelle de 0 à 10, où 0 correspond à la gauche et 10 correspond à la droite, où diriez-vous que vous vous situez ?Cliquer sur le curseur pour vous positionner"
Socio-Professional Category,Small Business owners,212.9949,0.1264159376586012,0.140074574555541,0.1835296525879258,0.23715671126397864,0.10346421440137768,0.01772729,0.10868866,0.01951002,0.08077644000000002,0.03978813,0.18352965,0.05772091,0.054434680000000006,0.12500116,0.04418985,0.05927433,0.20935914,"nou1. Sur une échelle de 0 à 10, où 0 correspond à la gauche et 10 correspond à la droite, où diriez-vous que vous vous situez ?Cliquer sur le curseur pour vous positionner"
Socio-Professional Category,Cadres/Prof Lib,597.9521,0.06195208612863806,0.23218933422928023,0.1661886629380514,0.3400499805920909,0.08823675006743852,0.02170687,0.04024520999999999,0.06229752,0.10137392,0.06851781,0.16618865999999996,0.11091569,0.11901681,0.11011738,0.04688313999999999,0.0413536,0.1113833,"nou1. Sur une échelle de 0 à 10, où 0 correspond à la gauche et 10 correspond à la droite, où diriez-vous que vous vous situez ?Cliquer sur le curseur pour vous positionner"
Socio-Professional Category,Prof Intermed,896.9079,0.06625577720967783,0.2574050245292744,0.12714181690227055,0.29341674880999485,0.06151052967645842,0.03027964,0.03597615,0.09522547000000002,0.09440696,0.06777268,0.12714182,0.10981233,0.09460074,0.0890037,0.023841809999999998,0.03766872,0.194269,"nou1. Sur une échelle de 0 à 10, où 0 correspond à la gauche et 10 correspond à la droite, où diriez-vous que vous vous situez ?Cliquer sur le curseur pour vous positionner"
Socio-Professional Category,Total-CSP-,1674.09,0.04916393383868251,0.1849999,0.16237484245172007,0.235,0.10945223972426811,0.01940216,0.02976176,0.07403097,0.06228458,0.04989699,0.16237484,0.07834877,0.06693254,0.0862364,0.04598913,0.06346308,0.26127866,"nou1. Sur une échelle de 0 à 10, où 0 correspond à la gauche et 10 correspond à la droite, où diriez-vous que vous vous situez ?Cliquer sur le curseur pour vous positionner"
Socio-Professional Category,Salaried,956.6466,0.049277622478353024,0.2040908314522834,0.1638923924466987,0.21764254427915175,0.09760690102280194,0.01941585,0.029861770000000003,0.0720893,0.07499990000000001,0.05698325,0.16389239,0.07648941,0.06926032,0.07189279,0.05149602000000001,0.0461109,0.2675081000000001,"nou1. Sur une échelle de 0 à 10, où 0 correspond à la gauche et 10 correspond à la droite, où diriez-vous que vous vous situez ?Cliquer sur le curseur pour vous positionner"
Socio-Professional Category,Blue collar,717.4432,0.049012339931579246,0.16237355096542833,0.16035123059219183,0.2500190955883337,0.12524690456331594,0.01938392,0.02962842,0.07661999,0.0449999,0.04044814,0.16035123000000004,0.08082814,0.06382865,0.10536233000000002,0.0386462,0.08660071999999999,0.25330236000000006,"nou1. Sur une échelle de 0 à 10, où 0 correspond à la gauche et 10 correspond à la droite, où diriez-vous que vous vous situez ?Cliquer sur le curseur pour vous positionner"
Political similarity,Far left,187.3446,0.2442038361393923,0.2139236999625289,0.09723445458262472,0.3055836143662534,0.05151395343127051,0.1142966,0.12990724,0.13239752,0.04797603,0.03355017,0.09723445,0.065,0.10811916,0.13246401000000016,0.02243663,0.029077319999999997,0.08754087,"nou1. Sur une échelle de 0 à 10, où 0 correspond à la gauche et 10 correspond à la droite, où diriez-vous que vous vous situez ?Cliquer sur le curseur pour vous positionner"
Political similarity,Radical left,828.7407,0.245,0.4395716295820877,0.07203829858965537,0.1749999,0.02705368518765882,0.09772089000000002,0.145,0.22698490000000004,0.15804364,0.05392815,0.0720383,0.06143966,0.06101822,0.05412718,0.01612179,0.0109319,0.04264537,"nou1. Sur une échelle de 0 à 10, où 0 correspond à la gauche et 10 correspond à la droite, où diriez-vous que vous vous situez ?Cliquer sur le curseur pour vous positionner"
Political similarity,Left,1430.296,0.13806680575209607,0.5828727759848311,0.09993693613070302,0.11868864906285131,0.017643760452381883,0.04704123999999999,0.09102563,0.22311200000000012,0.235,0.12441634000000001,0.09993694,0.05029774,0.037154,0.031236900000000005,0.012987280000000002,0.005,0.04279192999999999,"nou1. Sur une échelle de 0 à 10, où 0 correspond à la gauche et 10 correspond à la droite, où diriez-vous que vous vous situez ?Cliquer sur le curseur pour vous positionner"
Political similarity,PC/LFI,641.3963,0.24149390945972093,0.5054804650416599,0.0646787797185609,0.1389060086564266,0.01990911079468341,0.09287929,0.14861467,0.25540715,0.19019318,0.05988030999999999,0.06467878,0.060602979999999994,0.04726053,0.03104248,0.01427728,0.00563183,0.02953188,"nou1. Sur une échelle de 0 à 10, où 0 correspond à la gauche et 10 correspond à la droite, où diriez-vous que vous vous situez ?Cliquer sur le curseur pour vous positionner"
Political similarity,PS,449.3176,0.055,0.7349998999999999,0.08117118047456855,0.0818556628985822,0.025,0.005,0.04993486,0.23382035,0.3110187399999999,0.19041052,0.08117118,0.02401148,0.03268379,0.02516038,0.01881537,0.005,0.02297333,"nou1. Sur une échelle de 0 à 10, où 0 correspond à la gauche et 10 correspond à la droite, où diriez-vous que vous vous situez ?Cliquer sur le curseur pour vous positionner"
Political similarity,EELV,339.583,0.055,0.5262781116840359,0.19136134612156672,0.12923762379153253,0.0049999,0.01627496,0.03662159,0.15157531,0.21571257,0.15899047,0.19136134999999999,0.06561383,0.023979620000000004,0.03964421,0.00283932,0.0033265,0.09405998,"nou1. Sur une échelle de 0 à 10, où 0 correspond à la gauche et 10 correspond à la droite, où diriez-vous que vous vous situez ?Cliquer sur le curseur pour vous positionner"
Political similarity,EM,672.9198,0.0023520366022815793,0.185,0.21523114641596222,0.5134247795948343,0.0349999,0.0008394099999999999,0.00151262,0.00512303,0.04793329,0.12934636,0.21523115,0.23341454,0.18118103,0.09883728,0.02497393,0.0149999,0.04660746,"nou1. Sur une échelle de 0 à 10, où 0 correspond à la gauche et 10 correspond à la droite, où diriez-vous que vous vous situez ?Cliquer sur le curseur pour vous positionner"
Political similarity,MoDem,161.1257,0,0.12927447328390196,0.43264364406174805,0.345,0.0149999,0.0,0.0,0.0,0.02852669,0.10074780000000001,0.43264364,0.20061573,0.09761615,0.045009850000000004,0.0008819500000000002,0.0147367,0.07922138,"nou1. Sur une échelle de 0 à 10, où 0 correspond à la gauche et 10 correspond à la droite, où diriez-vous que vous vous situez ?Cliquer sur le curseur pour vous positionner"
Political similarity,Right,573.0042,0.015,0.035104000982889835,0.05246153518595501,0.7635650838161396,0.11046138928824606,0.0,0.015,0.00717651,0.0151435,0.01278399,0.05246154,0.1335918,0.3298959600000002,0.29959187,0.08920130000000001,0.02126009,0.02389344,"nou1. Sur une échelle de 0 à 10, où 0 correspond à la gauche et 10 correspond à la droite, où diriez-vous que vous vous situez ?Cliquer sur le curseur pour vous positionner"
Political similarity,UDI/PR,89.32552,0,0.055,0.16290506901051346,0.7619467538504114,0.02095711281613586,0.0,0.0,0.0,0.005,0.04701487,0.16290507,0.41762683000000006,0.27167869,0.07259307,0.01446055,0.00649656,0.00222436,"nou1. Sur une échelle de 0 à 10, où 0 correspond à la gauche et 10 correspond à la droite, où diriez-vous que vous vous situez ?Cliquer sur le curseur pour vous positionner"
Political similarity,LR,397.5368,0.020921371304493067,0.03005746889344584,0.015,0.825,0.10499990000000001,0.0,0.02092137,0.01034413,0.01852826,0.00118509,0.015,0.08370448,0.385,0.35612334000000007,0.09365631,0.01368622,0.0018507999999999999,"nou1. Sur une échelle de 0 à 10, où 0 correspond à la gauche et 10 correspond à la droite, où diriez-vous que vous vous situez ?Cliquer sur le curseur pour vous positionner"
Political similarity,Radical right,1008.8,0.00846694587628866,0.027551823949246632,0.09181738699444886,0.3338739095955591,0.4221220261697066,0.00231647,0.00615048,0.01435921,0.005,0.00881211,0.09181739,0.04317399,0.07792887,0.21277111,0.18091257,0.2405893800000003,0.11616841999999998,"nou1. Sur une échelle de 0 à 10, où 0 correspond à la gauche et 10 correspond à la droite, où diriez-vous que vous vous situez ?Cliquer sur le curseur pour vous positionner"
Political similarity,Debout la France,86.14185,0,0.04090724775472085,0.11115368430095245,0.482183863011997,0.21766690638754563,0.0,0.0,0.0,0.010091399999999999,0.030815860000000004,0.11115368,0.06923477,0.14499990000000001,0.26794935999999986,0.14614488,0.07152197,0.14808818,"nou1. Sur une échelle de 0 à 10, où 0 correspond à la gauche et 10 correspond à la droite, où diriez-vous que vous vous situez ?Cliquer sur le curseur pour vous positionner"
Political similarity,Reconquete,205.4045,0,0.003968453466209358,0.036252136637707544,0.4645501437407651,0.4663685557035021,0.0,0.0,0.00396845,0.0,0.0,0.03625214,0.02492528,0.07914164,0.36048334,0.24081064,0.22555785999999997,0.02886078,"nou1. Sur une échelle de 0 à 10, où 0 correspond à la gauche et 10 correspond à la droite, où diriez-vous que vous vous situez ?Cliquer sur le curseur pour vous positionner"
Political similarity,RN,717.2537,0.011908554811219515,0.03270155316033922,0.10540765422332432,0.2749999,0.435,0.00325806,0.0086505,0.01905941,0.00494911,0.00869304,0.10540765,0.0449999,0.06951342,0.16385596999999996,0.16793472,0.26634048,0.13733774,"nou1. Sur une échelle de 0 à 10, où 0 correspond à la gauche et 10 correspond à la droite, où diriez-vous que vous vous situez ?Cliquer sur le curseur pour vous positionner"
Political similarity,No preference,1860.95,0.020533507079717347,0.12631994411456512,0.20392100808726726,0.145,0.013808834197587253,0.00994052,0.01059298,0.02129351,0.05541842,0.04960797,0.20392101,0.05588909,0.04947529,0.03854131,0.00947553,0.0043333,0.49151202,"nou1. Sur une échelle de 0 à 10, où 0 correspond à la gauche et 10 correspond à la droite, où diriez-vous que vous vous situez ?Cliquer sur le curseur pour vous positionner"
Politics,Total-left,1649.278,0.177330262090442,0.6749999,0.02933564262665239,0.07655980374442635,0.015,0.06877597,0.10855429,0.24340656999999996,0.2730346100000001,0.16232296999999998,0.02933564,0.02293206,0.025,0.02877016,0.00949444,0.00506801,0.02330528,"nou1. Sur une échelle de 0 à 10, où 0 correspond à la gauche et 10 correspond à la droite, où diriez-vous que vous vous situez ?Cliquer sur le curseur pour vous positionner"
Politics,Very Left,217.9165,0.7255696562674234,0.1149999,0.032372477531531565,0.07499990000000001,0.045000000000000005,0.43656745,0.2890023,0.05319235,0.03492071,0.02720106,0.03237248,0.02119061,0.01121194,0.043559310000000004,0.01649373,0.025278600000000002,0.00901002,"nou1. Sur une échelle de 0 à 10, où 0 correspond à la gauche et 10 correspond à la droite, où diriez-vous que vous vous situez ?Cliquer sur le curseur pour vous positionner"
Politics,Left,1431.362,0.09386388628453178,0.7647101152608494,0.02887328292912624,0.07665077038512969,0.010419907752196858,0.012781840000000001,0.08108207,0.27236548,0.30945023,0.18289447,0.02887328,0.02319718,0.02693503,0.02651859,0.00842884,0.00199107,0.02548165,"nou1. Sur une échelle de 0 à 10, où 0 correspond à la gauche et 10 correspond à la droite, où diriez-vous que vous vous situez ?Cliquer sur le curseur pour vous positionner"
Politics,Center,776.1196,0.0031518634499115854,0.1322569356578548,0.38989699525691657,0.40845276939275854,0.018018898118279707,0.0,0.00315186,0.00320837,0.02775231,0.10129626,0.38900395000000004,0.26261854,0.097732,0.04810219999999999,0.013912419999999998,0.005,0.04822209,"nou1. Sur une échelle de 0 à 10, où 0 correspond à la gauche et 10 correspond à la droite, où diriez-vous que vous vous situez ?Cliquer sur le curseur pour vous positionner"
Politics,Total-right,1622.94,0.008239096947515004,0.0049999,0.025129148335736377,0.625,0.3096111994281982,0.0,0.0082391,0.0049091,0.00230061,0.0021962,0.02512915,0.09583417,0.24254778,0.28605198,0.14666537,0.1629457,0.02317987,"nou1. Sur une échelle de 0 à 10, où 0 correspond à la gauche et 10 correspond à la droite, où diriez-vous que vous vous situez ?Cliquer sur le curseur pour vous positionner"
Politics,Right,1193.119,0.011207230795922285,0.012794381784214316,0.021979995289656776,0.7889571786217469,0.1403776991230548,0.0,0.011207229999999999,0.006677599999999999,0.0031294,0.00298738,0.02198,0.1236502,0.31507989,0.3499105700000002,0.11298412,0.02739361,0.025,"nou1. Sur une échelle de 0 à 10, où 0 correspond à la gauche et 10 correspond à la droite, où diriez-vous que vous vous situez ?Cliquer sur le curseur pour vous positionner"
Politics,Very Right,429.8207,0,0,0.03387075122254466,0.16774078121412023,0.7793787037245997,0.0,0.0,0.0,0.0,0.0,0.03387075,0.01862092,0.0412093,0.10791051,0.24016014,0.53921856,0.01900929,"nou1. Sur une échelle de 0 à 10, où 0 correspond à la gauche et 10 correspond à la droite, où diriez-vous que vous vous situez ?Cliquer sur le curseur pour vous positionner"
Politics,Both left and Right,200.4265,0,0.1703144045323348,0.35600601716838837,0.24957223720416213,0.022489406340977864,0.0,0.0,0.0032054900000000005,0.04622517,0.12088377,0.35639346000000005,0.13827628,0.08165237999999998,0.029643549999999998,0.0071017,0.0149999,0.2016183,"nou1. Sur une échelle de 0 à 10, où 0 correspond à la gauche et 10 correspond à la droite, où diriez-vous que vous vous situez ?Cliquer sur le curseur pour vous positionner"
Politics,Neither left nor right,1673.316,0.002259045512025224,0.04136479899791791,0.2537124488142108,0.08559704204107293,0.010748316516426068,0.00064996,0.00160908,0.00708146,0.01175831,0.022525029999999998,0.25371245,0.04318094,0.0261503,0.01626577,0.00708355,0.00366477,0.60631943,"nou1. Sur une échelle de 0 à 10, où 0 correspond à la gauche et 10 correspond à la droite, où diriez-vous que vous vous situez ?Cliquer sur le curseur pour vous positionner"
Loss of job risk,High risk,556.2398,0.07499990000000001,0.18817801243276733,0.145,0.24040261052876835,0.11803168345738656,0.03344872,0.04457311,0.07873484,0.05678060000000001,0.05266259,0.145,0.08084873000000001,0.07293063,0.08662325,0.04780224,0.07022944,0.23036584999999998,"nou1. Sur une échelle de 0 à 10, où 0 correspond à la gauche et 10 correspond à la droite, où diriez-vous que vous vous situez ?Cliquer sur le curseur pour vous positionner"
Loss of job risk,Low risk,1874.312,0.054999900000000004,0.199179645651311,0.16195377290440438,0.275,0.08177832719419179,0.0249999,0.03418303,0.0673405,0.07656842,0.054999900000000004,0.16195377,0.0973434,0.08598931,0.08770029,0.04141411,0.04036421,0.22714316000000026,"nou1. Sur une échelle de 0 à 10, où 0 correspond à la gauche et 10 correspond à la droite, où diriez-vous que vous vous situez ?Cliquer sur le curseur pour vous positionner"
Loss of job risk,Zero risk,3478.817,0.0438553968202409,0.24669771361931367,0.1426380289621443,0.28574937974604586,0.09902682434862195,0.012964110000000001,0.03089128,0.07132427,0.095,0.0806916,0.14263803,0.07548348,0.1042536,0.10601233,0.04960614,0.04942074,0.18171442000000002,"nou1. Sur une échelle de 0 à 10, où 0 correspond à la gauche et 10 correspond à la droite, où diriez-vous que vous vous situez ?Cliquer sur le curseur pour vous positionner"
1st round vote,Arthaud,24.07418,0.07683281424330965,0.2118975599584285,0.1297338476326089,0.11854800454262618,0.0783738013091204,0.05190241,0.025,0.12959515,0.06273302,0.01956936,0.12973385,0.075,0.04362429,0.0,0.02928994,0.049083829999999995,0.38446815000000006,"nou1. Sur une échelle de 0 à 10, où 0 correspond à la gauche et 10 correspond à la droite, où diriez-vous que vous vous situez ?Cliquer sur le curseur pour vous positionner"
1st round vote,Poutou,32.85668,0.165,0.26287379004817285,0.07991851276513634,0.23278523575723417,0.05887597286153075,0.08694816,0.07659158,0.10058344,0.10990127,0.0523891,0.07991851,0.16369399,0.04031381,0.028777439999999998,0.04431902,0.015,0.20156367999999997,"nou1. Sur une échelle de 0 à 10, où 0 correspond à la gauche et 10 correspond à la droite, où diriez-vous que vous vous situez ?Cliquer sur le curseur pour vous positionner"
1st round vote,Roussel,98.04205,0.20348217933019555,0.4149999,0.11536804870971179,0.105,0.010229284271391713,0.03888949,0.16459274,0.1527105,0.19230187,0.07381792,0.11536805,0.02728433,0.03880689,0.0364368,0.01022928,0.0,0.14956174,"nou1. Sur une échelle de 0 à 10, où 0 correspond à la gauche et 10 correspond à la droite, où diriez-vous que vous vous situez ?Cliquer sur le curseur pour vous positionner"
1st round vote,Melenchon,942.3053,0.18512482101077007,0.4895374142541701,0.08647318443396211,0.1191139432198885,0.0149999,0.07608592,0.10903896999999999,0.23349747,0.18719368,0.06884638,0.08647318000000001,0.04232814000000001,0.04849303,0.02829274,0.0137559,0.00245887,0.10353534,"nou1. Sur une échelle de 0 à 10, où 0 correspond à la gauche et 10 correspond à la droite, où diriez-vous que vous vous situez ?Cliquer sur le curseur pour vous positionner"
1st round vote,Hidalgo,75.31895,0.07381666897905508,0.685,0.09053489194950275,0.08144048742049644,0.010815849132256888,0.00468265,0.06913402,0.24776633,0.26956058,0.16683212,0.09053489,0.04389938,0.03047666,0.00706444,0.0,0.01081585,0.05923335,"nou1. Sur une échelle de 0 à 10, où 0 correspond à la gauche et 10 correspond à la droite, où diriez-vous que vous vous situez ?Cliquer sur le curseur pour vous positionner"
1st round vote,Jadot,198.8808,0.03626567773259158,0.515,0.19182133217485048,0.1149999,0,0.0,0.03626568,0.12684105,0.17763806,0.21012471,0.19182133,0.04369125000000001,0.040269490000000005,0.03392714,0.0,0.0,0.13942125,"nou1. Sur une échelle de 0 à 10, où 0 correspond à la gauche et 10 correspond à la droite, où diriez-vous que vous vous situez ?Cliquer sur le curseur pour vous positionner"
1st round vote,Macron,1195.294,0.0046581535588733815,0.20851405595610786,0.21527264421974843,0.4259965330705249,0.0349999,0.00100137,0.00365678,0.01890805,0.06067199000000001,0.12893414,0.21527264,0.17737887000000002,0.15104418,0.09757298,0.02386045,0.01486761,0.10683162,"nou1. Sur une échelle de 0 à 10, où 0 correspond à la gauche et 10 correspond à la droite, où diriez-vous que vous vous situez ?Cliquer sur le curseur pour vous positionner"
1st round vote,Pecresse,205.1207,0,0.01535245833306926,0.0913375880640033,0.7318944406878487,0.0949999,0.0,0.0,0.0,0.00789621,0.00745625,0.09133759,0.1578513,0.31957994000000006,0.2549999,0.09001393,0.0049999,0.06586498,"nou1. Sur une échelle de 0 à 10, où 0 correspond à la gauche et 10 correspond à la droite, où diriez-vous que vous vous situez ?Cliquer sur le curseur pour vous positionner"
1st round vote,Dupont-Aignan,88.56025,0,0.08593995613156016,0.18917934400591688,0.303266646153325,0.18604046397791335,0.0,0.0,0.01933304,0.04959839,0.01700852,0.18975310999999986,0.10456768000000001,0.0400155,0.15868338,0.08724279,0.09879769,0.2349999,"nou1. Sur une échelle de 0 à 10, où 0 correspond à la gauche et 10 correspond à la droite, où diriez-vous que vous vous situez ?Cliquer sur le curseur pour vous positionner"
1st round vote,Zemmour,303.4525,0,0.028893075522528237,0.07002595134329095,0.46946029444476484,0.32578703421458055,0.0,0.0,0.0079864,0.01596547,0.00494121,0.07002595,0.05949214,0.12958068,0.2812211799999999,0.16667139,0.15911568,0.10499990000000001,"nou1. Sur une échelle de 0 à 10, où 0 correspond à la gauche et 10 correspond à la droite, où diriez-vous que vous vous situez ?Cliquer sur le curseur pour vous positionner"
1st round vote,Le Pen,993.0248,0.00717898586218592,0.04747344678602186,0.1393231065326868,0.3110699752916543,0.3029297959124485,0.00534706,0.00183192,0.00571175,0.02376265,0.01799905,0.13932311,0.04540206000000001,0.10293479,0.1627332,0.11770109,0.1849999,0.19225342,"nou1. Sur une échelle de 0 à 10, où 0 correspond à la gauche et 10 correspond à la droite, où diriez-vous que vous vous situez ?Cliquer sur le curseur pour vous positionner"
1st round vote,Lassalle,134.5409,0,0.1649999,0.23842311148505774,0.28467952867863977,0.025,0.0,0.0,0.01999117,0.08147664,0.06353872,0.23842311,0.12990258,0.09072371,0.06405333,0.01958291,0.005,0.2873078300000001,"nou1. Sur une échelle de 0 à 10, où 0 correspond à la gauche et 10 correspond à la droite, où diriez-vous que vous vous situez ?Cliquer sur le curseur pour vous positionner"
1st round vote,Blank/Null/NA,96.61228,0.026946170818036796,0.1349999,0.2535399226682157,0.1693308552494569,0.015,0.00751388,0.01943228,0.02421012,0.05033076,0.06199756,0.25353992,0.050248650000000006,0.04433797,0.075,0.00707141,0.00565079,0.40066666,"nou1. Sur une échelle de 0 à 10, où 0 correspond à la gauche et 10 correspond à la droite, où diriez-vous que vous vous situez ?Cliquer sur le curseur pour vous positionner"
1st round vote,Blank,63.86856,0.013561353191617283,0.17429937358850742,0.2699099525650805,0.15918411186975248,0.01924452344001493,0.0,0.01356135,0.03328588,0.05370038,0.08731313,0.2687105400000002,0.04882187999999999,0.04099953,0.06936278,0.01069673,0.0085478,0.365,"nou1. Sur une échelle de 0 à 10, où 0 correspond à la gauche et 10 correspond à la droite, où diriez-vous que vous vous situez ?Cliquer sur le curseur pour vous positionner"
1st round vote,Null,19.09123,0.07799031282950339,0.054999900000000004,0.235,0.21797621211414875,0,0.03802443,0.0399659,0.0,0.0342788,0.02164142,0.235,0.06403417,0.06733448,0.08660762,0.0,0.0,0.41311318000000014,"nou1. Sur une échelle de 0 à 10, où 0 correspond à la gauche et 10 correspond à la droite, où diriez-vous que vous vous situez ?Cliquer sur le curseur pour vous positionner"
2nd round vote,Macron,2287.563,0.04145436868842519,0.27964265902184987,0.1785506672384542,0.35878565967363524,0.034867708561469125,0.01168954,0.029764819999999997,0.06712362,0.10379137000000001,0.10872763,0.17855067,0.12979909,0.13862691,0.09035983,0.02359222,0.0112755,0.10670084000000002,"nou1. Sur une échelle de 0 à 10, où 0 correspond à la gauche et 10 correspond à la droite, où diriez-vous que vous vous situez ?Cliquer sur le curseur pour vous positionner"
2nd round vote,Le Pen,1619.66,0.020297235222207128,0.0749143647432177,0.12625804181124434,0.31078423866737465,0.2624721237790647,0.010587799999999998,0.00970944,0.02232522,0.03027382,0.02231533,0.12625804,0.04806528,0.09875244999999999,0.16396663,0.11329767,0.14917439,0.20527333,"nou1. Sur une échelle de 0 à 10, où 0 correspond à la gauche et 10 correspond à la droite, où diriez-vous que vous vous situez ?Cliquer sur le curseur pour vous positionner"
2nd round vote,Blank/Null/NA,370.4173,0.09983127137960349,0.385,0.14907249202453557,0.19009706080142583,0.0149999,0.03636599,0.06346529,0.15755787,0.15680528,0.06878901,0.14907249,0.03984938,0.06810214,0.08214554,0.01047167,0.0049999,0.16237543999999995,"nou1. Sur une échelle de 0 à 10, où 0 correspond à la gauche et 10 correspond à la droite, où diriez-vous que vous vous situez ?Cliquer sur le curseur pour vous positionner"
