Indicator,Category,BASE,ST 0 à 5,ST 6 à 8,ST 9 à 10,0.0,1.0,2.0,3.0,4.0,5.0,6.0,7.0,8.0,9.0,10.0,Je ne sais pas,No rep.,Moyenne,Question
Total,Total,5979.002,0.34258961612657096,0.325,0.2649999,0.13914568,0.03922625,0.03065923,0.03178748,0.028463509999999997,0.07330777,0.05723402,0.10904281000000002,0.15870925000000005,0.12223018,0.14499990000000001,0.05710013,0.00809379,5.997313,"q20v13b. Dans quelle mesure vous sentiriez-vous coupable si vous ne votiez pas lors d'une élection ?La note 0 signifiant que vous ne ressentez pas du tout coupable et la
note 10 signifiant que vous ressentez extrêmement coupable. Les notes intermédiaires permettent de nuancer votre jugement. Merci de faire glisser le curseur pour sélectionner
une note.Pas coupable du toutExtrêmement coupable"
Gender,Man,2929.637,0.33331327396534105,0.3105534235128789,0.2932141080959859,0.1291657,0.03761626,0.026897890000000004,0.03321967,0.0331503,0.07326358,0.04939288000000001,0.09707496000000002,0.16408531,0.13187825,0.16133634000000002,0.057048129999999996,0.00587346,6.166832,"q20v13b. Dans quelle mesure vous sentiriez-vous coupable si vous ne votiez pas lors d'une élection ?La note 0 signifiant que vous ne ressentez pas du tout coupable et la
note 10 signifiant que vous ressentez extrêmement coupable. Les notes intermédiaires permettent de nuancer votre jugement. Merci de faire glisser le curseur pour sélectionner
une note.Pas coupable du toutExtrêmement coupable"
Gender,Woman,3049.36,0.3515029383214838,0.33534512159928637,0.2449999,0.14873419,0.04077311,0.035,0.030411579999999997,0.02396079,0.07335034,0.065,0.12054096999999998,0.1490784100000002,0.11296124,0.1328122,0.05715022,0.010226949999999999,5.833671,"q20v13b. Dans quelle mesure vous sentiriez-vous coupable si vous ne votiez pas lors d'une élection ?La note 0 signifiant que vous ne ressentez pas du tout coupable et la
note 10 signifiant que vous ressentez extrêmement coupable. Les notes intermédiaires permettent de nuancer votre jugement. Merci de faire glisser le curseur pour sélectionner
une note.Pas coupable du toutExtrêmement coupable"
Age,18-24,478.2759,0.3509493160746757,0.3357145948604143,0.24778062202172427,0.13014814,0.05695838,0.03322214,0.04081736,0.0393774,0.05042602000000001,0.05686609,0.10520147,0.17364694999999997,0.12830168,0.11947886,0.06388449,0.00167098,5.855651,"q20v13b. Dans quelle mesure vous sentiriez-vous coupable si vous ne votiez pas lors d'une élection ?La note 0 signifiant que vous ne ressentez pas du tout coupable et la
note 10 signifiant que vous ressentez extrêmement coupable. Les notes intermédiaires permettent de nuancer votre jugement. Merci de faire glisser le curseur pour sélectionner
une note.Pas coupable du toutExtrêmement coupable"
Age,25-34,836.9062,0.3249999,0.355,0.2449331836710016,0.08977491000000001,0.0412873,0.03830749,0.020088710000000003,0.0449999,0.09209235,0.06731477,0.1268822,0.15696247000000005,0.10388275999999999,0.14105034,0.07045677,0.00690003,6.188679,"q20v13b. Dans quelle mesure vous sentiriez-vous coupable si vous ne votiez pas lors d'une élection ?La note 0 signifiant que vous ne ressentez pas du tout coupable et la
note 10 signifiant que vous ressentez extrêmement coupable. Les notes intermédiaires permettent de nuancer votre jugement. Merci de faire glisser le curseur pour sélectionner
une note.Pas coupable du toutExtrêmement coupable"
Age,35-49,1494.556,0.405,0.3149999,0.215,0.18981895999999993,0.04580785,0.02278725,0.0351597,0.0279111,0.08196427999999999,0.06435581,0.11314016,0.14182259,0.095,0.11911437,0.05939319999999999,0.00372473,5.414635,"q20v13b. Dans quelle mesure vous sentiriez-vous coupable si vous ne votiez pas lors d'une élection ?La note 0 signifiant que vous ne ressentez pas du tout coupable et la
note 10 signifiant que vous ressentez extrêmement coupable. Les notes intermédiaires permettent de nuancer votre jugement. Merci de faire glisser le curseur pour sélectionner
une note.Pas coupable du toutExtrêmement coupable"
Age,50-64,1554.412,0.37761713110809747,0.30962788501375443,0.24766850744847568,0.16211235999999996,0.03877917,0.03108828,0.04210114999999999,0.02815901,0.07669376,0.056742179999999996,0.09656783,0.1549999,0.11080305999999998,0.13686539,0.05018435,0.01490356,5.729105,"q20v13b. Dans quelle mesure vous sentiriez-vous coupable si vous ne votiez pas lors d'une élection ?La note 0 signifiant que vous ne ressentez pas du tout coupable et la
note 10 signifiant que vous ressentez extrêmement coupable. Les notes intermédiaires permettent de nuancer votre jugement. Merci de faire glisser le curseur pour sélectionner
une note.Pas coupable du toutExtrêmement coupable"
Age,65+,1614.848,0.25769818583544707,0.3218961165385225,0.35959978895846545,0.09921807000000002,0.027245409999999998,0.03280909,0.02212743,0.01721938,0.05907877,0.0449999,0.10915125999999999,0.16674374,0.16658415999999998,0.19401579000000005,0.05270357,0.00810343,6.736569,"q20v13b. Dans quelle mesure vous sentiriez-vous coupable si vous ne votiez pas lors d'une élection ?La note 0 signifiant que vous ne ressentez pas du tout coupable et la
note 10 signifiant que vous ressentez extrêmement coupable. Les notes intermédiaires permettent de nuancer votre jugement. Merci de faire glisser le curseur pour sélectionner
une note.Pas coupable du toutExtrêmement coupable"
Socio-Professional Category,Total-CSP+,1734.019,0.32698978500235576,0.3692178113388607,0.2549999,0.12132895,0.04882639999999999,0.03059122,0.03732194,0.02994763,0.05897346,0.06593763,0.1186547,0.18462549,0.11116199,0.14441658,0.04557117,0.0026429199999999996,6.077489,"q20v13b. Dans quelle mesure vous sentiriez-vous coupable si vous ne votiez pas lors d'une élection ?La note 0 signifiant que vous ne ressentez pas du tout coupable et la
note 10 signifiant que vous ressentez extrêmement coupable. Les notes intermédiaires permettent de nuancer votre jugement. Merci de faire glisser le curseur pour sélectionner
une note.Pas coupable du toutExtrêmement coupable"
Socio-Professional Category,Small Business owners,212.9949,0.36241872457979046,0.31308674526948765,0.215,0.20547534,0.05009712,0.01952334,0.02050967,0.00271736,0.06409585,0.05509803,0.07356998,0.18441878,0.10735778,0.10588573000000001,0.11125116,0,5.432385,"q20v13b. Dans quelle mesure vous sentiriez-vous coupable si vous ne votiez pas lors d'une élection ?La note 0 signifiant que vous ne ressentez pas du tout coupable et la
note 10 signifiant que vous ressentez extrêmement coupable. Les notes intermédiaires permettent de nuancer votre jugement. Merci de faire glisser le curseur pour sélectionner
une note.Pas coupable du toutExtrêmement coupable"
Socio-Professional Category,Cadres/Prof Lib,597.9521,0.235,0.4149999,0.3149999,0.07642778,0.02712933,0.01582252,0.01781462,0.028095459999999996,0.05578049,0.07728238,0.1345569,0.20398039,0.1309538,0.18416609,0.04415832,0.0038318700000000002,6.891929,"q20v13b. Dans quelle mesure vous sentiriez-vous coupable si vous ne votiez pas lors d'une élection ?La note 0 signifiant que vous ne ressentez pas du tout coupable et la
note 10 signifiant que vous ressentez extrêmement coupable. Les notes intermédiaires permettent de nuancer votre jugement. Merci de faire glisser le curseur pour sélectionner
une note.Pas coupable du toutExtrêmement coupable"
Socio-Professional Category,Prof Intermed,896.9079,0.38718222907837024,0.3549999,0.22798349752521968,0.12940024,0.06441399,0.04377625,0.05540835,0.03852261,0.05566079,0.06067359,0.12130198,0.17328177999999997,0.09968184,0.12830158,0.02702108,0.002555,5.698699,"q20v13b. Dans quelle mesure vous sentiriez-vous coupable si vous ne votiez pas lors d'une élection ?La note 0 signifiant que vous ne ressentez pas du tout coupable et la
note 10 signifiant que vous ressentez extrêmement coupable. Les notes intermédiaires permettent de nuancer votre jugement. Merci de faire glisser le curseur pour sélectionner
une note.Pas coupable du toutExtrêmement coupable"
Socio-Professional Category,Total-CSP-,1674.09,0.395,0.293959703480697,0.24297498939722478,0.14648395000000003,0.04865662,0.02570083,0.02870782,0.03682027,0.10066161,0.06161323,0.10845963999999998,0.12388677,0.10388492000000002,0.13909007,0.0649999,0.01103437,5.721324,"q20v13b. Dans quelle mesure vous sentiriez-vous coupable si vous ne votiez pas lors d'une élection ?La note 0 signifiant que vous ne ressentez pas du tout coupable et la
note 10 signifiant que vous ressentez extrêmement coupable. Les notes intermédiaires permettent de nuancer votre jugement. Merci de faire glisser le curseur pour sélectionner
une note.Pas coupable du toutExtrêmement coupable"
Socio-Professional Category,Salaried,956.6466,0.4049999,0.30659859137115003,0.2149999,0.17318595000000012,0.03981877,0.03078541,0.030157259999999998,0.03816126,0.09283799000000001,0.06600795,0.10750354,0.13308708,0.09334445,0.12313272,0.065,0.00697762,5.483085,"q20v13b. Dans quelle mesure vous sentiriez-vous coupable si vous ne votiez pas lors d'une élection ?La note 0 signifiant que vous ne ressentez pas du tout coupable et la
note 10 signifiant que vous ressentez extrêmement coupable. Les notes intermédiaires permettent de nuancer votre jugement. Merci de faire glisser le curseur pour sélectionner
une note.Pas coupable du toutExtrêmement coupable"
Socio-Professional Category,Blue collar,717.4432,0.3604332719300984,0.2749999,0.27830732802262254,0.10817012000000001,0.06044111,0.01892098,0.0267751,0.0349999,0.11109387,0.054999900000000004,0.10973438999999999,0.11161911999999999,0.11793972,0.16115307999999992,0.06770901,0.0164437,6.043532,"q20v13b. Dans quelle mesure vous sentiriez-vous coupable si vous ne votiez pas lors d'une élection ?La note 0 signifiant que vous ne ressentez pas du tout coupable et la
note 10 signifiant que vous ressentez extrêmement coupable. Les notes intermédiaires permettent de nuancer votre jugement. Merci de faire glisser le curseur pour sélectionner
une note.Pas coupable du toutExtrêmement coupable"
Political similarity,Far left,187.3446,0.46759266079726874,0.31516382110826785,0.18111650936296,0.11113766,0.09938322,0.03405864,0.00787364,0.04962205,0.165,0.05067698,0.105,0.16000394000000026,0.10366752,0.07744899,0.03386432,0.00226304,5.436647,"q20v13b. Dans quelle mesure vous sentiriez-vous coupable si vous ne votiez pas lors d'une élection ?La note 0 signifiant que vous ne ressentez pas du tout coupable et la
note 10 signifiant que vous ressentez extrêmement coupable. Les notes intermédiaires permettent de nuancer votre jugement. Merci de faire glisser le curseur pour sélectionner
une note.Pas coupable du toutExtrêmement coupable"
Political similarity,Radical left,828.7407,0.405,0.373357432547961,0.1839400430074208,0.12740982,0.06863978,0.04508197,0.022355509999999995,0.02983871,0.10794014,0.058533520000000006,0.13311836,0.18170557000000004,0.09180442,0.09213562,0.03164483,0.00979238,5.601294,"q20v13b. Dans quelle mesure vous sentiriez-vous coupable si vous ne votiez pas lors d'une élection ?La note 0 signifiant que vous ne ressentez pas du tout coupable et la
note 10 signifiant que vous ressentez extrêmement coupable. Les notes intermédiaires permettent de nuancer votre jugement. Merci de faire glisser le curseur pour sélectionner
une note.Pas coupable du toutExtrêmement coupable"
Political similarity,Left,1430.296,0.325,0.374989163082327,0.26432668482607796,0.08762584999999999,0.04556356999999999,0.0458772,0.03542945,0.030362460000000004,0.07261154,0.06959863,0.12296168,0.18242895,0.11429913999999998,0.15002769,0.03014288,0.01307187,6.265598,"q20v13b. Dans quelle mesure vous sentiriez-vous coupable si vous ne votiez pas lors d'une élection ?La note 0 signifiant que vous ne ressentez pas du tout coupable et la
note 10 signifiant que vous ressentez extrêmement coupable. Les notes intermédiaires permettent de nuancer votre jugement. Merci de faire glisser le curseur pour sélectionner
une note.Pas coupable du toutExtrêmement coupable"
Political similarity,PC/LFI,641.3963,0.38189244309641324,0.3903549178565576,0.185,0.13216275,0.05965996,0.04830174,0.0265855,0.02406021,0.09112237,0.06082831,0.14150255,0.18802416000000002,0.08833931999999999,0.09642541,0.03099653,0.01199161,5.649731,"q20v13b. Dans quelle mesure vous sentiriez-vous coupable si vous ne votiez pas lors d'une élection ?La note 0 signifiant que vous ne ressentez pas du tout coupable et la
note 10 signifiant que vous ressentez extrêmement coupable. Les notes intermédiaires permettent de nuancer votre jugement. Merci de faire glisser le curseur pour sélectionner
une note.Pas coupable du toutExtrêmement coupable"
Political similarity,PS,449.3176,0.255,0.3349999,0.3687086817876709,0.04880708,0.04557269,0.07327612,0.030652590000000004,0.01868862,0.03669565,0.07317681,0.08159478,0.18141272,0.15998848,0.20872013,0.0346519,0.00676276,6.813099,"q20v13b. Dans quelle mesure vous sentiriez-vous coupable si vous ne votiez pas lors d'une élection ?La note 0 signifiant que vous ne ressentez pas du tout coupable et la
note 10 signifiant que vous ressentez extrêmement coupable. Les notes intermédiaires permettent de nuancer votre jugement. Merci de faire glisser le curseur pour sélectionner
une note.Pas coupable du toutExtrêmement coupable"
Political similarity,EELV,339.583,0.295,0.3949999,0.2749999,0.055,0.01892647,0.00504486,0.05845407,0.05771214000000001,0.08517034,0.08142911,0.14267605,0.17320523,0.10287744,0.17347982000000023,0.02256438,0.02346009,6.704615,"q20v13b. Dans quelle mesure vous sentiriez-vous coupable si vous ne votiez pas lors d'une élection ?La note 0 signifiant que vous ne ressentez pas du tout coupable et la
note 10 signifiant que vous ressentez extrêmement coupable. Les notes intermédiaires permettent de nuancer votre jugement. Merci de faire glisser le curseur pour sélectionner
une note.Pas coupable du toutExtrêmement coupable"
Political similarity,EM,672.9198,0.14844587720557487,0.3899393360100267,0.435,0.04340656999999999,0.012567990000000001,0.015,0.012538099999999998,0.025149239999999996,0.03982536,0.06946843,0.12671413,0.19375697,0.19770603,0.23680549000000015,0.02294675,0.00411494,7.586823,"q20v13b. Dans quelle mesure vous sentiriez-vous coupable si vous ne votiez pas lors d'une élection ?La note 0 signifiant que vous ne ressentez pas du tout coupable et la
note 10 signifiant que vous ressentez extrêmement coupable. Les notes intermédiaires permettent de nuancer votre jugement. Merci de faire glisser le curseur pour sélectionner
une note.Pas coupable du toutExtrêmement coupable"
Political similarity,MoDem,161.1257,0.0849999,0.4323686413775084,0.43651962411955386,0.010270520000000002,0.012480710000000002,0.0,0.01650688,0.01394351,0.03392018,0.09117136,0.13065358,0.21054369,0.20874019000000002,0.22676938000000013,0.045,0,7.939022,"q20v13b. Dans quelle mesure vous sentiriez-vous coupable si vous ne votiez pas lors d'une élection ?La note 0 signifiant que vous ne ressentez pas du tout coupable et la
note 10 signifiant que vous ressentez extrêmement coupable. Les notes intermédiaires permettent de nuancer votre jugement. Merci de faire glisser le curseur pour sélectionner
une note.Pas coupable du toutExtrêmement coupable"
Political similarity,Right,573.0042,0.2049999,0.3598210972973671,0.385,0.04895345,0.01163765,0.01559469,0.0449999,0.02082103,0.06478521,0.05002745,0.11376986,0.19602387000000002,0.19673164000000007,0.18704871999999997,0.04916604000000001,0.00044049,7.24906,"q20v13b. Dans quelle mesure vous sentiriez-vous coupable si vous ne votiez pas lors d'une élection ?La note 0 signifiant que vous ne ressentez pas du tout coupable et la
note 10 signifiant que vous ressentez extrêmement coupable. Les notes intermédiaires permettent de nuancer votre jugement. Merci de faire glisser le curseur pour sélectionner
une note.Pas coupable du toutExtrêmement coupable"
Political similarity,UDI/PR,89.32552,0.2149999,0.49559353250896276,0.27668934924756106,0.09793703,0.0,0.0049999,0.01103145,0.01946693,0.08383843,0.07801487,0.18778463000000004,0.2312904100000002,0.15866205,0.1180273,0.008947,0,6.833449,"q20v13b. Dans quelle mesure vous sentiriez-vous coupable si vous ne votiez pas lors d'une élection ?La note 0 signifiant que vous ne ressentez pas du tout coupable et la
note 10 signifiant que vous ressentez extrêmement coupable. Les notes intermédiaires permettent de nuancer votre jugement. Merci de faire glisser le curseur pour sélectionner
une note.Pas coupable du toutExtrêmement coupable"
Political similarity,LR,397.5368,0.20672247198246801,0.3249999,0.4184090630100156,0.03330622,0.007236560000000001,0.0165888,0.05889115,0.023863099999999998,0.06683663,0.05046084,0.08463388000000001,0.19219705,0.20691184,0.2114971,0.0469423,0.00063492,7.409185,"q20v13b. Dans quelle mesure vous sentiriez-vous coupable si vous ne votiez pas lors d'une élection ?La note 0 signifiant que vous ne ressentez pas du tout coupable et la
note 10 signifiant que vous ressentez extrêmement coupable. Les notes intermédiaires permettent de nuancer votre jugement. Merci de faire glisser le curseur pour sélectionner
une note.Pas coupable du toutExtrêmement coupable"
Political similarity,Radical right,1008.8,0.255,0.32133257335448057,0.37728994845360825,0.09699251,0.02943554,0.013828469999999999,0.01852855,0.02621292,0.06887469,0.04671372,0.10499990000000001,0.16915632,0.15603351,0.22193800999999996,0.0449999,0.00228596,6.877241,"q20v13b. Dans quelle mesure vous sentiriez-vous coupable si vous ne votiez pas lors d'une élection ?La note 0 signifiant que vous ne ressentez pas du tout coupable et la
note 10 signifiant que vous ressentez extrêmement coupable. Les notes intermédiaires permettent de nuancer votre jugement. Merci de faire glisser le curseur pour sélectionner
une note.Pas coupable du toutExtrêmement coupable"
Political similarity,Debout la France,86.14185,0.1949999,0.36915099919493255,0.335,0.07037013,0.04401605,0.020441399999999995,0.01766306,0.00818633,0.0349999,0.01900561,0.17147948,0.178666,0.18824355999999995,0.14579452,0.10113396,0,6.941239,"q20v13b. Dans quelle mesure vous sentiriez-vous coupable si vous ne votiez pas lors d'une élection ?La note 0 signifiant que vous ne ressentez pas du tout coupable et la
note 10 signifiant que vous ressentez extrêmement coupable. Les notes intermédiaires permettent de nuancer votre jugement. Merci de faire glisser le curseur pour sélectionner
une note.Pas coupable du toutExtrêmement coupable"
Political similarity,Reconquete,205.4045,0.2649999,0.2990953460123804,0.405,0.11052436,0.01261385,0.02460696,0.00773497,0.04197022,0.07131509,0.031025689999999998,0.10210477,0.16596482,0.14720982,0.25703892,0.02188944,0.00600121,6.926558,"q20v13b. Dans quelle mesure vous sentiriez-vous coupable si vous ne votiez pas lors d'une élection ?La note 0 signifiant que vous ne ressentez pas du tout coupable et la
note 10 signifiant que vous ressentez extrêmement coupable. Les notes intermédiaires permettent de nuancer votre jugement. Merci de faire glisser le curseur pour sélectionner
une note.Pas coupable du toutExtrêmement coupable"
Political similarity,RN,717.2537,0.2549999,0.3219580463649055,0.375,0.09631462000000002,0.03250175,0.00994755,0.021723509999999998,0.02386538,0.07217679,0.05453413000000001,0.09849571,0.16892823,0.155,0.21983062999999992,0.04518516,0.0014965399999999998,6.855593,"q20v13b. Dans quelle mesure vous sentiriez-vous coupable si vous ne votiez pas lors d'une élection ?La note 0 signifiant que vous ne ressentez pas du tout coupable et la
note 10 signifiant que vous ressentez extrêmement coupable. Les notes intermédiaires permettent de nuancer votre jugement. Merci de faire glisser le curseur pour sélectionner
une note.Pas coupable du toutExtrêmement coupable"
Political similarity,No preference,1860.95,0.525,0.24462468094252937,0.12223901770601038,0.27634412,0.05610414,0.04082197,0.03993828,0.02945242,0.07598872,0.04954921000000001,0.09499990000000001,0.09963562,0.05991703,0.06232193,0.10235971,0.012566950000000002,4.158123,"q20v13b. Dans quelle mesure vous sentiriez-vous coupable si vous ne votiez pas lors d'une élection ?La note 0 signifiant que vous ne ressentez pas du tout coupable et la
note 10 signifiant que vous ressentez extrêmement coupable. Les notes intermédiaires permettent de nuancer votre jugement. Merci de faire glisser le curseur pour sélectionner
une note.Pas coupable du toutExtrêmement coupable"
Politics,Total-left,1649.278,0.3649999,0.33690857453988954,0.255,0.10951295,0.07121152,0.05255504999999999,0.03255397,0.03316714,0.07030598,0.05883878,0.10766626000000001,0.17040347,0.11587573,0.13836079,0.02505595,0.01449249,5.887434,"q20v13b. Dans quelle mesure vous sentiriez-vous coupable si vous ne votiez pas lors d'une élection ?La note 0 signifiant que vous ne ressentez pas du tout coupable et la
note 10 signifiant que vous ressentez extrêmement coupable. Les notes intermédiaires permettent de nuancer votre jugement. Merci de faire glisser le curseur pour sélectionner
une note.Pas coupable du toutExtrêmement coupable"
Politics,Very Left,217.9165,0.4949999,0.295,0.1890580566409611,0.23449803,0.04056429,0.052527229999999994,0.01537014,0.05128652,0.10342962,0.03884795,0.08539179,0.16765844,0.08001147,0.10904663000000002,0.01942282,0.00194555,5.003607,"q20v13b. Dans quelle mesure vous sentiriez-vous coupable si vous ne votiez pas lors d'une élection ?La note 0 signifiant que vous ne ressentez pas du tout coupable et la
note 10 signifiant que vous ressentez extrêmement coupable. Les notes intermédiaires permettent de nuancer votre jugement. Merci de faire glisser le curseur pour sélectionner
une note.Pas coupable du toutExtrêmement coupable"
Politics,Left,1431.362,0.3497630927745741,0.3437609773069286,0.2641595207920847,0.09048466,0.07587738,0.05255928,0.0349999,0.030408550000000003,0.06526309,0.06188224,0.11105744,0.17099179,0.12133583,0.14282362,0.02591354,0.01640268,6.024935,"q20v13b. Dans quelle mesure vous sentiriez-vous coupable si vous ne votiez pas lors d'une élection ?La note 0 signifiant que vous ne ressentez pas du tout coupable et la
note 10 signifiant que vous ressentez extrêmement coupable. Les notes intermédiaires permettent de nuancer votre jugement. Merci de faire glisser le curseur pour sélectionner
une note.Pas coupable du toutExtrêmement coupable"
Politics,Center,776.1196,0.205,0.4153010695774208,0.34278196298611713,0.05356949,0.01836249,0.01835307,0.03062549,0.01640806,0.06721592,0.086466,0.13042011,0.19841465,0.16475889,0.17802308,0.03465184,0.00273028,7.096041,"q20v13b. Dans quelle mesure vous sentiriez-vous coupable si vous ne votiez pas lors d'une élection ?La note 0 signifiant que vous ne ressentez pas du tout coupable et la
note 10 signifiant que vous ressentez extrêmement coupable. Les notes intermédiaires permettent de nuancer votre jugement. Merci de faire glisser le curseur pour sélectionner
une note.Pas coupable du toutExtrêmement coupable"
Politics,Total-right,1622.94,0.2224880155766695,0.355,0.3849999,0.07112191,0.01950287,0.02148468,0.02903947,0.02339292,0.05794614,0.05340177,0.125,0.17541535999999996,0.17361702,0.2130960700000001,0.035,0.00198179,7.090598,"q20v13b. Dans quelle mesure vous sentiriez-vous coupable si vous ne votiez pas lors d'une élection ?La note 0 signifiant que vous ne ressentez pas du tout coupable et la
note 10 signifiant que vous ressentez extrêmement coupable. Les notes intermédiaires permettent de nuancer votre jugement. Merci de faire glisser le curseur pour sélectionner
une note.Pas coupable du toutExtrêmement coupable"
Politics,Right,1193.119,0.215,0.3749999,0.3700588122391815,0.06313369,0.01721408,0.02313613,0.035,0.025,0.05284544000000001,0.06228193,0.13084898,0.18307788,0.1869122800000001,0.1815746,0.03776643,0.00120856,7.069005,"q20v13b. Dans quelle mesure vous sentiriez-vous coupable si vous ne votiez pas lors d'une élection ?La note 0 signifiant que vous ne ressentez pas du tout coupable et la
note 10 signifiant que vous ressentez extrêmement coupable. Les notes intermédiaires permettent de nuancer votre jugement. Merci de faire glisser le curseur pour sélectionner
une note.Pas coupable du toutExtrêmement coupable"
Politics,Very Right,429.8207,0.24394939564334617,0.2901039898729866,0.43709225730636053,0.09329602,0.02585627,0.01690051,0.014440339999999998,0.02135113,0.07210497,0.02875176,0.1072067,0.1536155500000001,0.13234858,0.305,0.025,0.00412817,7.14991,"q20v13b. Dans quelle mesure vous sentiriez-vous coupable si vous ne votiez pas lors d'une élection ?La note 0 signifiant que vous ne ressentez pas du tout coupable et la
note 10 signifiant que vous ressentez extrêmement coupable. Les notes intermédiaires permettent de nuancer votre jugement. Merci de faire glisser le curseur pour sélectionner
une note.Pas coupable du toutExtrêmement coupable"
Politics,Both left and Right,200.4265,0.24185070337505268,0.41707593556740247,0.246492255265646,0.05839551999999999,0.05450257,0.005,0.00222331,0.04760583000000001,0.07416574,0.067644,0.12049075,0.22878179000000023,0.12160892,0.125,0.08321155,0.011370019999999998,6.689149,"q20v13b. Dans quelle mesure vous sentiriez-vous coupable si vous ne votiez pas lors d'une élection ?La note 0 signifiant que vous ne ressentez pas du tout coupable et la
note 10 signifiant que vous ressentez extrêmement coupable. Les notes intermédiaires permettent de nuancer votre jugement. Merci de faire glisser le curseur pour sélectionner
une note.Pas coupable du toutExtrêmement coupable"
Politics,Neither left nor right,1673.316,0.507181608255703,0.23076286845999203,0.13731960968519993,0.28236055999999987,0.03601172,0.02780562,0.03841858,0.029407839999999998,0.09329965,0.04558014,0.0849999,0.10005988,0.05973928,0.07758033,0.11491129,0.00982521,4.312166,"q20v13b. Dans quelle mesure vous sentiriez-vous coupable si vous ne votiez pas lors d'une élection ?La note 0 signifiant que vous ne ressentez pas du tout coupable et la
note 10 signifiant que vous ressentez extrêmement coupable. Les notes intermédiaires permettent de nuancer votre jugement. Merci de faire glisser le curseur pour sélectionner
une note.Pas coupable du toutExtrêmement coupable"
Loss of job risk,High risk,556.2398,0.415,0.2762668187353728,0.24285281276169018,0.18972609,0.028934280000000003,0.01244363,0.04514039,0.026781310000000003,0.10897464,0.05662195,0.0902603,0.12938465,0.10308311,0.1397697,0.06486648,0.00401345,5.556015,"q20v13b. Dans quelle mesure vous sentiriez-vous coupable si vous ne votiez pas lors d'une élection ?La note 0 signifiant que vous ne ressentez pas du tout coupable et la
note 10 signifiant que vous ressentez extrêmement coupable. Les notes intermédiaires permettent de nuancer votre jugement. Merci de faire glisser le curseur pour sélectionner
une note.Pas coupable du toutExtrêmement coupable"
Loss of job risk,Low risk,1874.312,0.3645621433357947,0.375,0.19093123236686319,0.12242135,0.05090494000000001,0.03084863,0.02935375,0.03827053,0.09276284,0.07578066,0.12860244,0.16708275,0.09179752,0.09913366,0.06151174,0.01152941,5.746356,"q20v13b. Dans quelle mesure vous sentiriez-vous coupable si vous ne votiez pas lors d'une élection ?La note 0 signifiant que vous ne ressentez pas du tout coupable et la
note 10 signifiant que vous ressentez extrêmement coupable. Les notes intermédiaires permettent de nuancer votre jugement. Merci de faire glisser le curseur pour sélectionner
une note.Pas coupable du toutExtrêmement coupable"
Loss of job risk,Zero risk,3478.817,0.316878122649165,0.3065087930753472,0.3149999,0.13833734,0.03530355,0.03218275,0.03153009,0.02217776,0.05734679,0.04738989999999999,0.10155813999999999,0.15756054,0.14209066,0.17477079,0.05282163,0.00693192,6.223844,"q20v13b. Dans quelle mesure vous sentiriez-vous coupable si vous ne votiez pas lors d'une élection ?La note 0 signifiant que vous ne ressentez pas du tout coupable et la
note 10 signifiant que vous ressentez extrêmement coupable. Les notes intermédiaires permettent de nuancer votre jugement. Merci de faire glisser le curseur pour sélectionner
une note.Pas coupable du toutExtrêmement coupable"
1st round vote,Arthaud,24.07418,0.2449999,0.49602312519055686,0.160778477190085,0.0,0.014830250000000001,0.0,0.0724605,0.02358858,0.13597693,0.18599433,0.10354787,0.20648121999999997,0.07707116,0.08370736,0.09634181,0,6.672673,"q20v13b. Dans quelle mesure vous sentiriez-vous coupable si vous ne votiez pas lors d'une élection ?La note 0 signifiant que vous ne ressentez pas du tout coupable et la
note 10 signifiant que vous ressentez extrêmement coupable. Les notes intermédiaires permettent de nuancer votre jugement. Merci de faire glisser le curseur pour sélectionner
une note.Pas coupable du toutExtrêmement coupable"
1st round vote,Poutou,32.85668,0.42262699700639267,0.375,0.11319542936170059,0.07124153,0.09064242,0.06821544,0.05160065,0.0,0.14092696,0.08741553,0.15617495999999984,0.125,0.03359859,0.07959684,0.08268352,0.012903559999999998,5.30948,"q20v13b. Dans quelle mesure vous sentiriez-vous coupable si vous ne votiez pas lors d'une élection ?La note 0 signifiant que vous ne ressentez pas du tout coupable et la
note 10 signifiant que vous ressentez extrêmement coupable. Les notes intermédiaires permettent de nuancer votre jugement. Merci de faire glisser le curseur pour sélectionner
une note.Pas coupable du toutExtrêmement coupable"
1st round vote,Roussel,98.04205,0.2249999,0.455,0.255,0.08153018,0.011380669999999999,0.03298168,0.02202288,0.01132263,0.07425822,0.05929424,0.09966052,0.29584245,0.14533131,0.10738984,0.05622265,0.00276244,6.760791,"q20v13b. Dans quelle mesure vous sentiriez-vous coupable si vous ne votiez pas lors d'une élection ?La note 0 signifiant que vous ne ressentez pas du tout coupable et la
note 10 signifiant que vous ressentez extrêmement coupable. Les notes intermédiaires permettent de nuancer votre jugement. Merci de faire glisser le curseur pour sélectionner
une note.Pas coupable du toutExtrêmement coupable"
1st round vote,Melenchon,942.3053,0.305,0.3849999,0.24945524555576626,0.09516831,0.03766617,0.03408977,0.02905306,0.0293427,0.07888052,0.06415544,0.14623498,0.1748184000000002,0.115,0.1345254,0.05668141,0.00438384,6.275288,"q20v13b. Dans quelle mesure vous sentiriez-vous coupable si vous ne votiez pas lors d'une élection ?La note 0 signifiant que vous ne ressentez pas du tout coupable et la
note 10 signifiant que vous ressentez extrêmement coupable. Les notes intermédiaires permettent de nuancer votre jugement. Merci de faire glisser le curseur pour sélectionner
une note.Pas coupable du toutExtrêmement coupable"
1st round vote,Hidalgo,75.31895,0.13958465963744848,0.3549999,0.455,0.04428781,0.01062609,0.0,0.00515924,0.025667579999999995,0.05384397,0.053919009999999996,0.12481775,0.18000078,0.16660933,0.28781509,0.03867355,0.00858011,7.780529,"q20v13b. Dans quelle mesure vous sentiriez-vous coupable si vous ne votiez pas lors d'une élection ?La note 0 signifiant que vous ne ressentez pas du tout coupable et la
note 10 signifiant que vous ressentez extrêmement coupable. Les notes intermédiaires permettent de nuancer votre jugement. Merci de faire glisser le curseur pour sélectionner
une note.Pas coupable du toutExtrêmement coupable"
1st round vote,Jadot,198.8808,0.1494471562865797,0.5063857345706575,0.2933567242287843,0.02474458,0.00771109,0.00386776,0.02636994,0.025555650000000003,0.06119810999999999,0.09033084,0.16763529,0.24843159000000017,0.14834474,0.14499990000000001,0.04261538,0.00819513,7.365,"q20v13b. Dans quelle mesure vous sentiriez-vous coupable si vous ne votiez pas lors d'une élection ?La note 0 signifiant que vous ne ressentez pas du tout coupable et la
note 10 signifiant que vous ressentez extrêmement coupable. Les notes intermédiaires permettent de nuancer votre jugement. Merci de faire glisser le curseur pour sélectionner
une note.Pas coupable du toutExtrêmement coupable"
1st round vote,Macron,1195.294,0.11279266858195557,0.4157699277332606,0.4381374791473896,0.01839865,0.0049999,0.010441550000000003,0.01690684,0.01703952,0.044478720000000006,0.07087976,0.12635954,0.21853059,0.19933506,0.2393287099999999,0.03143549,0.00186567,7.869826,"q20v13b. Dans quelle mesure vous sentiriez-vous coupable si vous ne votiez pas lors d'une élection ?La note 0 signifiant que vous ne ressentez pas du tout coupable et la
note 10 signifiant que vous ressentez extrêmement coupable. Les notes intermédiaires permettent de nuancer votre jugement. Merci de faire glisser le curseur pour sélectionner
une note.Pas coupable du toutExtrêmement coupable"
1st round vote,Pecresse,205.1207,0.1349999,0.3714172192275085,0.455,0.02896905,0.012657950000000001,0.012004410000000002,0.01183652,0.03196499,0.04301433,0.04019137,0.10154246,0.22720208999999997,0.235,0.21894182,0.03167501,0.005,7.773085,"q20v13b. Dans quelle mesure vous sentiriez-vous coupable si vous ne votiez pas lors d'une élection ?La note 0 signifiant que vous ne ressentez pas du tout coupable et la
note 10 signifiant que vous ressentez extrêmement coupable. Les notes intermédiaires permettent de nuancer votre jugement. Merci de faire glisser le curseur pour sélectionner
une note.Pas coupable du toutExtrêmement coupable"
1st round vote,Dupont-Aignan,88.56025,0.3203707080772694,0.3282819323567854,0.29505438387990096,0.10135765,0.03122009,0.026042540000000003,0.03157784,0.03996156,0.09021104,0.09906035000000002,0.12801127,0.10121029000000001,0.18005436999999988,0.115,0.04446784,0.01182516,6.208941,"q20v13b. Dans quelle mesure vous sentiriez-vous coupable si vous ne votiez pas lors d'une élection ?La note 0 signifiant que vous ne ressentez pas du tout coupable et la
note 10 signifiant que vous ressentez extrêmement coupable. Les notes intermédiaires permettent de nuancer votre jugement. Merci de faire glisser le curseur pour sélectionner
une note.Pas coupable du toutExtrêmement coupable"
1st round vote,Zemmour,303.4525,0.23770468195187058,0.39034807754096607,0.34050469183809656,0.07092448,0.01612635,0.01814461,0.029365200000000004,0.02962794,0.07351615,0.05354219,0.12761872,0.20918743,0.11457223,0.22593252999999996,0.03144259,0,7.026078,"q20v13b. Dans quelle mesure vous sentiriez-vous coupable si vous ne votiez pas lors d'une élection ?La note 0 signifiant que vous ne ressentez pas du tout coupable et la
note 10 signifiant que vous ressentez extrêmement coupable. Les notes intermédiaires permettent de nuancer votre jugement. Merci de faire glisser le curseur pour sélectionner
une note.Pas coupable du toutExtrêmement coupable"
1st round vote,Le Pen,993.0248,0.21083340516772592,0.3385382721559421,0.4003293774737549,0.04684541,0.02035643,0.0204174,0.02573051,0.0140574,0.08342627000000001,0.051421539999999995,0.115,0.17267484,0.1714353,0.2283361199999999,0.044236769999999995,0.00606201,7.301901,"q20v13b. Dans quelle mesure vous sentiriez-vous coupable si vous ne votiez pas lors d'une élection ?La note 0 signifiant que vous ne ressentez pas du tout coupable et la
note 10 signifiant que vous ressentez extrêmement coupable. Les notes intermédiaires permettent de nuancer votre jugement. Merci de faire glisser le curseur pour sélectionner
une note.Pas coupable du toutExtrêmement coupable"
1st round vote,Lassalle,134.5409,0.33739375907251995,0.34968303318916405,0.22879659642532493,0.11860943000000002,0.0164753,0.02253863,0.03930567,0.04759228,0.09287258,0.054999900000000004,0.13653402,0.15814950000000005,0.14179718,0.08699942000000001,0.06418256,0.01994353,6.037636,"q20v13b. Dans quelle mesure vous sentiriez-vous coupable si vous ne votiez pas lors d'une élection ?La note 0 signifiant que vous ne ressentez pas du tout coupable et la
note 10 signifiant que vous ressentez extrêmement coupable. Les notes intermédiaires permettent de nuancer votre jugement. Merci de faire glisser le curseur pour sélectionner
une note.Pas coupable du toutExtrêmement coupable"
1st round vote,Blank/Null/NA,96.61228,0.395,0.30950537550713014,0.15262842363310336,0.11327401000000001,0.04258968,0.0382403,0.02516313,0.045,0.1288409400000003,0.07294883,0.10867097000000002,0.12788581,0.07070151,0.08192692,0.12479934999999999,0.01995855,5.49068,"q20v13b. Dans quelle mesure vous sentiriez-vous coupable si vous ne votiez pas lors d'une élection ?La note 0 signifiant que vous ne ressentez pas du tout coupable et la
note 10 signifiant que vous ressentez extrêmement coupable. Les notes intermédiaires permettent de nuancer votre jugement. Merci de faire glisser le curseur pour sélectionner
une note.Pas coupable du toutExtrêmement coupable"
1st round vote,Blank,63.86856,0.388075290878642,0.32742964613575126,0.1618815266854302,0.12063266,0.02795371,0.03896853,0.02489256,0.04940835,0.12621944,0.07819913,0.11751975,0.13171084,0.09305171,0.06882983,0.10476348999999999,0.01784982,5.562637,"q20v13b. Dans quelle mesure vous sentiriez-vous coupable si vous ne votiez pas lors d'une élection ?La note 0 signifiant que vous ne ressentez pas du tout coupable et la
note 10 signifiant que vous ressentez extrêmement coupable. Les notes intermédiaires permettent de nuancer votre jugement. Merci de faire glisser le curseur pour sélectionner
une note.Pas coupable du toutExtrêmement coupable"
1st round vote,Null,19.09123,0.48353563390101106,0.2449999,0.095,0.07905892,0.10356404,0.030448819999999998,0.03105922,0.02734425,0.21103135000000028,0.053842520000000005,0.08181222,0.11112898,0.026772860000000002,0.065,0.17893682,0,4.984705,"q20v13b. Dans quelle mesure vous sentiriez-vous coupable si vous ne votiez pas lors d'une élection ?La note 0 signifiant que vous ne ressentez pas du tout coupable et la
note 10 signifiant que vous ressentez extrêmement coupable. Les notes intermédiaires permettent de nuancer votre jugement. Merci de faire glisser le curseur pour sélectionner
une note.Pas coupable du toutExtrêmement coupable"
2nd round vote,Macron,2287.563,0.14499990000000001,0.4357241308763955,0.385,0.0319838,0.01021505,0.0149999,0.02086702,0.01792284,0.04878427,0.06977911,0.14743891,0.21954913999999995,0.17671155,0.20821333,0.031051150000000003,0.00248393,7.544853,"q20v13b. Dans quelle mesure vous sentiriez-vous coupable si vous ne votiez pas lors d'une élection ?La note 0 signifiant que vous ne ressentez pas du tout coupable et la
note 10 signifiant que vous ressentez extrêmement coupable. Les notes intermédiaires permettent de nuancer votre jugement. Merci de faire glisser le curseur pour sélectionner
une note.Pas coupable du toutExtrêmement coupable"
2nd round vote,Le Pen,1619.66,0.2298436708938913,0.3449999,0.3613467641356828,0.057408799999999996,0.02094081,0.02143605,0.026913350000000003,0.02113696,0.08200764000000002,0.05334428,0.11852531,0.17364595,0.1586633,0.20268359,0.05631528,0.00697809,7.081042,"q20v13b. Dans quelle mesure vous sentiriez-vous coupable si vous ne votiez pas lors d'une élection ?La note 0 signifiant que vous ne ressentez pas du tout coupable et la
note 10 signifiant que vous ressentez extrêmement coupable. Les notes intermédiaires permettent de nuancer votre jugement. Merci de faire glisser le curseur pour sélectionner
une note.Pas coupable du toutExtrêmement coupable"
2nd round vote,Blank/Null/NA,370.4173,0.275,0.37380003579746407,0.28193526598244734,0.06688111,0.03701847,0.02081988,0.02628578,0.03140183,0.08613777,0.05938092,0.14131357,0.17347799000000008,0.13860165,0.1433338,0.0649999,0.01034733,6.626658,"q20v13b. Dans quelle mesure vous sentiriez-vous coupable si vous ne votiez pas lors d'une élection ?La note 0 signifiant que vous ne ressentez pas du tout coupable et la
note 10 signifiant que vous ressentez extrêmement coupable. Les notes intermédiaires permettent de nuancer votre jugement. Merci de faire glisser le curseur pour sélectionner
une note.Pas coupable du toutExtrêmement coupable"
