Indicator,Category,BASE,ST Improbable,ST probable,Tout à fait improbable,Plutôt improbable,Plutôt probable,Tout à fait probable,No rep.,Question
Total,Total,2045.387,0.7174705813618646,0.2249999,0.46984159,0.24929238,0.14909037,0.07499990000000001,0.05677576,"comp2v13b_i9_groupe3. Voici des idées qui circulent souvent. Pour chacune d'elle, vous trouvez que cette idée est :
- Les experts préparent en secret le remplacement de la population française par les immigrés"
Gender,Man,988.965,0.7462784830605734,0.20992765163580104,0.50728266,0.23899552000000002,0.1405889,0.06933877,0.043794129999999994,"comp2v13b_i9_groupe3. Voici des idées qui circulent souvent. Pour chacune d'elle, vous trouvez que cette idée est :
- Les experts préparent en secret le remplacement de la population française par les immigrés"
Gender,Woman,1056.424,0.690501730365838,0.2405688435703846,0.43157094,0.25893088,0.15704859,0.08352024999999999,0.06892835,"comp2v13b_i9_groupe3. Voici des idées qui circulent souvent. Pour chacune d'elle, vous trouvez que cette idée est :
- Les experts préparent en secret le remplacement de la population française par les immigrés"
Age,18-24,172.1535,0.6981653001536419,0.2436810753194097,0.3785923,0.31957306,0.13034182,0.11333932,0.05815362,"comp2v13b_i9_groupe3. Voici des idées qui circulent souvent. Pour chacune d'elle, vous trouvez que cette idée est :
- Les experts préparent en secret le remplacement de la population française par les immigrés"
Age,25-34,293.5343,0.6953732493953859,0.25987995270058734,0.42784983,0.26752349,0.19605524999999996,0.0638247,0.04474734,"comp2v13b_i9_groupe3. Voici des idées qui circulent souvent. Pour chacune d'elle, vous trouvez que cette idée est :
- Les experts préparent en secret le remplacement de la population française par les immigrés"
Age,35-49,510.9997,0.710532315381007,0.225,0.45496468,0.25579271,0.14737218,0.07687053,0.0649999,"comp2v13b_i9_groupe3. Voici des idées qui circulent souvent. Pour chacune d'elle, vous trouvez que cette idée est :
- Les experts préparent en secret le remplacement de la population française par les immigrés"
Age,50-64,498.25,0.707888208730557,0.2137609633718013,0.46681565,0.24107215,0.14933353,0.06442752,0.07835065,"comp2v13b_i9_groupe3. Voici des idées qui circulent souvent. Pour chacune d'elle, vous trouvez que cette idée est :
- Les experts préparent en secret le remplacement de la population française par les immigrés"
Age,65+,570.4509,0.749252740244603,0.21461145911067891,0.52919471,0.2200575,0.13190832,0.08270314,0.03613608,"comp2v13b_i9_groupe3. Voici des idées qui circulent souvent. Pour chacune d'elle, vous trouvez que cette idée est :
- Les experts préparent en secret le remplacement de la population française par les immigrés"
Socio-Professional Category,Total-CSP+,622.673,0.7500493838660099,0.21318380594629924,0.50213884,0.24791038,0.13899382,0.07419002,0.03676625,"comp2v13b_i9_groupe3. Voici des idées qui circulent souvent. Pour chacune d'elle, vous trouvez que cette idée est :
- Les experts préparent en secret le remplacement de la population française par les immigrés"
Socio-Professional Category,Small Business owners,83.97375,0.6614713526548476,0.2660290864704744,0.46276449000000003,0.19870685999999999,0.19909996,0.06692917,0.07249928,"comp2v13b_i9_groupe3. Voici des idées qui circulent souvent. Pour chacune d'elle, vous trouvez que cette idée est :
- Les experts préparent en secret le remplacement de la population française par les immigrés"
Socio-Professional Category,Cadres/Prof Lib,221.9442,0.7149998999999999,0.24664393122235231,0.52265029,0.19445915,0.14700618,0.09963770000000001,0.03624621,"comp2v13b_i9_groupe3. Voici des idées qui circulent souvent. Pour chacune d'elle, vous trouvez que cette idée est :
- Les experts préparent en secret le remplacement de la population française par les immigrés"
Socio-Professional Category,Prof Intermed,308.3514,0.7926618786228957,0.17892683477357327,0.49931117999999997,0.29335096,0.11905417,0.05987266,0.028411350000000002,"comp2v13b_i9_groupe3. Voici des idées qui circulent souvent. Pour chacune d'elle, vous trouvez que cette idée est :
- Les experts préparent en secret le remplacement de la population française par les immigrés"
Socio-Professional Category,Total-CSP-,565.5397,0.6947657255538382,0.21823030284169262,0.4221334799999999,0.27207144,0.14379125,0.075,0.08700383,"comp2v13b_i9_groupe3. Voici des idées qui circulent souvent. Pour chacune d'elle, vous trouvez que cette idée est :
- Les experts préparent en secret le remplacement de la population française par les immigrés"
Socio-Professional Category,Salaried,328.1974,0.730702010436402,0.2073184004504606,0.46666488,0.26403753,0.13750645,0.06981186,0.0619791,"comp2v13b_i9_groupe3. Voici des idées qui circulent souvent. Pour chacune d'elle, vous trouvez que cette idée est :
- Les experts préparent en secret le remplacement de la population française par les immigrés"
Socio-Professional Category,Blue collar,237.3422,0.6450723891495065,0.2333194012695593,0.36007251000000007,0.28500000000000003,0.15248199,0.08083742,0.12160808,"comp2v13b_i9_groupe3. Voici des idées qui circulent souvent. Pour chacune d'elle, vous trouvez que cette idée est :
- Les experts préparent en secret le remplacement de la population française par les immigrés"
Political similarity,Far left,65.5295,0.7249998999999999,0.25820721964916565,0.4141289000000001,0.31181743,0.21636286,0.04184432999999999,0.01584647,"comp2v13b_i9_groupe3. Voici des idées qui circulent souvent. Pour chacune d'elle, vous trouvez que cette idée est :
- Les experts préparent en secret le remplacement de la population française par les immigrés"
Political similarity,Radical left,297.6857,0.7227804358758247,0.215,0.4732273,0.24955334,0.14766799,0.06711441,0.06243639,"comp2v13b_i9_groupe3. Voici des idées qui circulent souvent. Pour chacune d'elle, vous trouvez que cette idée est :
- Les experts préparent en secret le remplacement de la population française par les immigrés"
Political similarity,Left,505.0977,0.7900580422361853,0.1549999,0.5679904299999999,0.22137282,0.11148596,0.04415079,0.055,"comp2v13b_i9_groupe3. Voici des idées qui circulent souvent. Pour chacune d'elle, vous trouvez que cette idée est :
- Les experts préparent en secret le remplacement de la population française par les immigrés"
Political similarity,PC/LFI,232.156,0.72188743775737,0.20252528472234188,0.48990893999999996,0.2319785,0.12827793,0.07424732,0.07558715,"comp2v13b_i9_groupe3. Voici des idées qui circulent souvent. Pour chacune d'elle, vous trouvez que cette idée est :
- Les experts préparent en secret le remplacement de la population française par les immigrés"
Political similarity,PS,156.5141,0.8435418917528834,0.10566115129563405,0.5785414600000001,0.2649999,0.08670925,0.01895192,0.05079747,"comp2v13b_i9_groupe3. Voici des idées qui circulent souvent. Pour chacune d'elle, vous trouvez que cette idée est :
- Les experts préparent en secret le remplacement de la population française par les immigrés"
Political similarity,EELV,116.4276,0.8540912979396639,0.129323545276206,0.71346914,0.14062207,0.11131012,0.01801339,0.01658523,"comp2v13b_i9_groupe3. Voici des idées qui circulent souvent. Pour chacune d'elle, vous trouvez que cette idée est :
- Les experts préparent en secret le remplacement de la population française par les immigrés"
Political similarity,EM,230.1238,0.913200633745836,0.08103633783207126,0.75876593,0.15443466,0.068978,0.01205834,0.00576318,"comp2v13b_i9_groupe3. Voici des idées qui circulent souvent. Pour chacune d'elle, vous trouvez que cette idée est :
- Les experts préparent en secret le remplacement de la population française par les immigrés"
Political similarity,MoDem,60.60146,0.8588654464760419,0.047339866069233315,0.645,0.21308064000000002,0.03312471,0.015,0.09379465,"comp2v13b_i9_groupe3. Voici des idées qui circulent souvent. Pour chacune d'elle, vous trouvez que cette idée est :
- Les experts préparent en secret le remplacement de la population française par les immigrés"
Political similarity,Right,203.5067,0.735,0.23349319702987664,0.44667242,0.2857759,0.13270202,0.10079118,0.03405823,"comp2v13b_i9_groupe3. Voici des idées qui circulent souvent. Pour chacune d'elle, vous trouvez que cette idée est :
- Les experts préparent en secret le remplacement de la population française par les immigrés"
Political similarity,UDI/PR,45.07241,0.8683201097966583,0.12451135850068813,0.6465720399999999,0.22174785,0.07068357,0.05382779,0.00716851,"comp2v13b_i9_groupe3. Voici des idées qui circulent souvent. Pour chacune d'elle, vous trouvez que cette idée est :
- Les experts préparent en secret le remplacement de la population française par les immigrés"
Political similarity,LR,130.1298,0.7367991036641877,0.2224837047317371,0.42747365,0.30932561,0.12313736,0.09934642,0.04071738,"comp2v13b_i9_groupe3. Voici des idées qui circulent souvent. Pour chacune d'elle, vous trouvez que cette idée est :
- Les experts préparent en secret le remplacement de la population française par les immigrés"
Political similarity,Radical right,318.9996,0.44794758363333376,0.5340567825163417,0.20585396,0.24209356,0.29905640000000006,0.2349999,0.01799618,"comp2v13b_i9_groupe3. Voici des idées qui circulent souvent. Pour chacune d'elle, vous trouvez que cette idée est :
- Les experts préparent en secret le remplacement de la population française par les immigrés"
Political similarity,Debout la France,28.30442,0.49608329723767525,0.4549999,0.21661748,0.27990113,0.2749999,0.18221907,0.04626242,"comp2v13b_i9_groupe3. Voici des idées qui circulent souvent. Pour chacune d'elle, vous trouvez que cette idée est :
- Les experts préparent en secret le remplacement de la population française par les immigrés"
Political similarity,Reconquete,63.15218,0.28499990000000003,0.6872788872846511,0.08223575000000001,0.20478438,0.35062258,0.33665615,0.025701250000000002,"comp2v13b_i9_groupe3. Voici des idées qui circulent souvent. Pour chacune d'elle, vous trouvez que cette idée est :
- Les experts préparent en secret le remplacement de la population française par les immigrés"
Political similarity,RN,227.5431,0.4866234133225749,0.5010351884983548,0.2388239,0.24779934,0.28760248,0.21343284,0.01234164,"comp2v13b_i9_groupe3. Voici des idées qui circulent souvent. Pour chacune d'elle, vous trouvez que cette idée est :
- Les experts préparent en secret le remplacement de la population française par les immigrés"
Political similarity,No preference,647.701,0.6949998999999999,0.205,0.39499989999999996,0.3010730900000001,0.14701697,0.05646182,0.10044822,"comp2v13b_i9_groupe3. Voici des idées qui circulent souvent. Pour chacune d'elle, vous trouvez que cette idée est :
- Les experts préparent en secret le remplacement de la population française par les immigrés"
Politics,Total-left,579.8448,0.8323494493699004,0.13150599953642766,0.59132651,0.24102293999999996,0.11013756,0.02136846,0.03614464,"comp2v13b_i9_groupe3. Voici des idées qui circulent souvent. Pour chacune d'elle, vous trouvez que cette idée est :
- Les experts préparent en secret le remplacement de la population française par les immigrés"
Politics,Very Left,74.55247,0.7836244728041875,0.20051381262082935,0.59880726,0.18481722,0.18609323,0.014420600000000002,0.01586161,"comp2v13b_i9_groupe3. Voici des idées qui circulent souvent. Pour chacune d'elle, vous trouvez que cette idée est :
- Les experts préparent en secret le remplacement de la population française par les immigrés"
Politics,Left,505.2924,0.8395384533786774,0.12132434606180502,0.59022281,0.24931564000000003,0.0989308,0.02239357,0.03913724,"comp2v13b_i9_groupe3. Voici des idées qui circulent souvent. Pour chacune d'elle, vous trouvez que cette idée est :
- Les experts préparent en secret le remplacement de la population française par les immigrés"
Politics,Center,260.2607,0.8349998999999999,0.125,0.6215376100000001,0.21499990000000002,0.08815375999999998,0.03675585,0.03855288,"comp2v13b_i9_groupe3. Voici des idées qui circulent souvent. Pour chacune d'elle, vous trouvez que cette idée est :
- Les experts préparent en secret le remplacement de la population française par les immigrés"
Politics,Total-right,535.9052,0.603326670463358,0.365,0.3549999,0.24832684000000016,0.20786643,0.15647893,0.0323279,"comp2v13b_i9_groupe3. Voici des idées qui circulent souvent. Pour chacune d'elle, vous trouvez que cette idée est :
- Les experts préparent en secret le remplacement de la population française par les immigrés"
Politics,Right,392.9878,0.675,0.28499990000000003,0.41675644999999994,0.25735226,0.18087274,0.10444215,0.04057648,"comp2v13b_i9_groupe3. Voici des idées qui circulent souvent. Pour chacune d'elle, vous trouvez que cette idée est :
- Les experts préparent en secret le remplacement de la population française par les immigrés"
Politics,Very Right,142.9173,0.40869425884759925,0.5816596731116527,0.18695525000000002,0.22173894000000002,0.2820923,0.29956723,0.00964638,"comp2v13b_i9_groupe3. Voici des idées qui circulent souvent. Pour chacune d'elle, vous trouvez que cette idée est :
- Les experts préparent en secret le remplacement de la population française par les immigrés"
Politics,Both left and Right,57.09072,0.8054958844449676,0.16234664758125314,0.44020342,0.36529247,0.08103033,0.0813163,0.0321575,"comp2v13b_i9_groupe3. Voici des idées qui circulent souvent. Pour chacune d'elle, vous trouvez que cette idée est :
- Les experts préparent en secret le remplacement de la population française par les immigrés"
Politics,Neither left nor right,585.9814,0.665,0.2349999,0.395,0.2651878000000001,0.16294055000000002,0.0736323,0.10323935,"comp2v13b_i9_groupe3. Voici des idées qui circulent souvent. Pour chacune d'elle, vous trouvez que cette idée est :
- Les experts préparent en secret le remplacement de la population française par les immigrés"
Loss of job risk,High risk,196.1573,0.7096600534367062,0.2453624208734521,0.44046982,0.26919034,0.107565,0.13779742,0.04497707,"comp2v13b_i9_groupe3. Voici des idées qui circulent souvent. Pour chacune d'elle, vous trouvez que cette idée est :
- Les experts préparent en secret le remplacement de la population française par les immigrés"
Loss of job risk,Low risk,649.2712,0.6549999,0.27768827571591037,0.3649999,0.29156502000000006,0.20692247,0.07076574,0.06574687,"comp2v13b_i9_groupe3. Voici des idées qui circulent souvent. Pour chacune d'elle, vous trouvez que cette idée est :
- Les experts préparent en secret le remplacement de la population française par les immigrés"
Loss of job risk,Zero risk,1177.241,0.7543178499559564,0.195,0.52931714,0.2249999,0.12631492,0.06819511,0.051172930000000005,"comp2v13b_i9_groupe3. Voici des idées qui circulent souvent. Pour chacune d'elle, vous trouvez que cette idée est :
- Les experts préparent en secret le remplacement de la population française par les immigrés"
1st round vote,Arthaud,5.881341,0.6417692835698525,0.05939269632554889,0.49175401,0.15001524,0,0.0593927,0.29883814,"comp2v13b_i9_groupe3. Voici des idées qui circulent souvent. Pour chacune d'elle, vous trouvez que cette idée est :
- Les experts préparent en secret le remplacement de la population française par les immigrés"
1st round vote,Poutou,10.73745,0.6788126603616315,0.32118752590233246,0.40099586,0.2778168,0.12497110999999998,0.19621642000000003,0,"comp2v13b_i9_groupe3. Voici des idées qui circulent souvent. Pour chacune d'elle, vous trouvez que cette idée est :
- Les experts préparent en secret le remplacement de la population française par les immigrés"
1st round vote,Roussel,38.20898,0.8105958337542641,0.16397265773647976,0.64337772,0.16748297999999998,0.0849999,0.0787077,0.0254317,"comp2v13b_i9_groupe3. Voici des idées qui circulent souvent. Pour chacune d'elle, vous trouvez que cette idée est :
- Les experts préparent en secret le remplacement de la population française par les immigrés"
1st round vote,Melenchon,331.0276,0.7641121163310854,0.185,0.55401997,0.21009194,0.13647249,0.04809239,0.051323,"comp2v13b_i9_groupe3. Voici des idées qui circulent souvent. Pour chacune d'elle, vous trouvez que cette idée est :
- Les experts préparent en secret le remplacement de la population française par les immigrés"
1st round vote,Hidalgo,30.12287,0.842548203408241,0.12605956869315574,0.6792706,0.16327786999999996,0.01050137,0.11555821,0.0313922,"comp2v13b_i9_groupe3. Voici des idées qui circulent souvent. Pour chacune d'elle, vous trouvez que cette idée est :
- Les experts préparent en secret le remplacement de la population française par les immigrés"
1st round vote,Jadot,66.71886,0.9049999,0.095,0.6828456,0.22306406,0.07875796,0.01533219,0,"comp2v13b_i9_groupe3. Voici des idées qui circulent souvent. Pour chacune d'elle, vous trouvez que cette idée est :
- Les experts préparent en secret le remplacement de la population française par les immigrés"
1st round vote,Macron,386.9499,0.8932228694205632,0.08523777884423799,0.68982444,0.20339791,0.058270390000000005,0.02696737,0.02153887,"comp2v13b_i9_groupe3. Voici des idées qui circulent souvent. Pour chacune d'elle, vous trouvez que cette idée est :
- Les experts préparent en secret le remplacement de la population française par les immigrés"
1st round vote,Pecresse,62.3511,0.6928219389874437,0.24025366032034717,0.47368114,0.21914096000000002,0.15146519,0.08878841,0.06692455,"comp2v13b_i9_groupe3. Voici des idées qui circulent souvent. Pour chacune d'elle, vous trouvez que cette idée est :
- Les experts préparent en secret le remplacement de la population française par les immigrés"
1st round vote,Dupont-Aignan,21.94642,0.6037116759817774,0.3272063963051833,0.293395,0.30958662,0.22293659,0.105,0.06908179,"comp2v13b_i9_groupe3. Voici des idées qui circulent souvent. Pour chacune d'elle, vous trouvez que cette idée est :
- Les experts préparent en secret le remplacement de la population française par les immigrés"
1st round vote,Zemmour,93.84444,0.3605281250546116,0.555,0.1374709,0.22305722,0.25750465,0.2969673300000001,0.0849999,"comp2v13b_i9_groupe3. Voici des idées qui circulent souvent. Pour chacune d'elle, vous trouvez que cette idée est :
- Les experts préparent en secret le remplacement de la population française par les immigrés"
1st round vote,Le Pen,333.3762,0.4855694557679882,0.4749999,0.19825512,0.28731442,0.28364208,0.19304965,0.03773881,"comp2v13b_i9_groupe3. Voici des idées qui circulent souvent. Pour chacune d'elle, vous trouvez que cette idée est :
- Les experts préparent en secret le remplacement de la population française par les immigrés"
1st round vote,Lassalle,41.76448,0.725,0.1749999,0.34910048,0.37579972,0.15396026,0.02192949,0.09921002,"comp2v13b_i9_groupe3. Voici des idées qui circulent souvent. Pour chacune d'elle, vous trouvez que cette idée est :
- Les experts préparent en secret le remplacement de la population française par les immigrés"
1st round vote,Blank/Null/NA,35.84971,0.5591604506703122,0.33608612175663344,0.37352715,0.18563347,0.22960088,0.10648518,0.10475332,"comp2v13b_i9_groupe3. Voici des idées qui circulent souvent. Pour chacune d'elle, vous trouvez que cette idée est :
- Les experts préparent en secret le remplacement de la population française par les immigrés"
1st round vote,Blank,22.17033,0.5163725573773598,0.389585224938014,0.355,0.16202001,0.25665562,0.13228166,0.09404271,"comp2v13b_i9_groupe3. Voici des idées qui circulent souvent. Pour chacune d'elle, vous trouvez que cette idée est :
- Les experts préparent en secret le remplacement de la population française par les immigrés"
1st round vote,Null,7.461995,0.7361709569625817,0.24044722624445608,0.44618175000000004,0.28998921,0.19452331,0.04592387,0.02338174,"comp2v13b_i9_groupe3. Voici des idées qui circulent souvent. Pour chacune d'elle, vous trouvez que cette idée est :
- Les experts préparent en secret le remplacement de la population française par les immigrés"
2nd round vote,Macron,765.8798,0.8549998999999999,0.11723297833419813,0.6546740099999999,0.20056607,0.08779426,0.02943874,0.027526799999999997,"comp2v13b_i9_groupe3. Voici des idées qui circulent souvent. Pour chacune d'elle, vous trouvez que cette idée est :
- Les experts préparent en secret le remplacement de la population française par les immigrés"
2nd round vote,Le Pen,534.734,0.48690302094125304,0.4624871431403277,0.21190255000000002,0.27500028,0.27387935,0.18860798,0.05060929,"comp2v13b_i9_groupe3. Voici des idées qui circulent souvent. Pour chacune d'elle, vous trouvez que cette idée est :
- Les experts préparent en secret le remplacement de la population française par les immigrés"
2nd round vote,Blank/Null/NA,124.6971,0.7443034360863243,0.19969085086982777,0.47059547,0.27370813,0.1298934,0.06979745,0.05600591,"comp2v13b_i9_groupe3. Voici des idées qui circulent souvent. Pour chacune d'elle, vous trouvez que cette idée est :
- Les experts préparent en secret le remplacement de la population française par les immigrés"
