Indicator,Category,BASE,ST 0 à 5,ST 6 à 8,ST 9 à 10,0.0,1.0,2.0,3.0,4.0,5.0,6.0,7.0,8.0,9.0,10.0,No rep.,Moyenne,Question
Total,Total,5979.002,0.7063021554433331,0.205,0.0249999,0.055,0.05297423,0.09616471000000001,0.14367398,0.13718806,0.2213010300000001,0.08530307,0.07704199,0.04045776,0.01347827,0.014571849999999999,0.06284505,4.240846,"new8bv12b. Avez-vous le sentiment que, lorsqu'ils auront votre âge, vos enfants auront une situation plus mauvaise ou meilleure que la vôtre ? Vraiment plus mauvaiseVraiment
meilleure"
Gender,Man,2929.637,0.6996457240265602,0.21429149754730703,0.028064476930077,0.05341781,0.04584329,0.085,0.15276568,0.13915233,0.22346565000000013,0.08988895,0.08253917,0.04186334,0.01055516,0.01750932,0.0579993,4.322385,"new8bv12b. Avez-vous le sentiment que, lorsqu'ils auront votre âge, vos enfants auront une situation plus mauvaise ou meilleure que la vôtre ? Vraiment plus mauvaiseVraiment
meilleure"
Gender,Woman,3049.36,0.7126974184746964,0.19176538683527036,0.028036378125245953,0.05614788,0.05982527,0.10737374,0.1349394,0.1349999,0.21941138000000002,0.08089717,0.0717608,0.03910742,0.01628664,0.01174974,0.06750066,4.161708,"new8bv12b. Avez-vous le sentiment que, lorsqu'ils auront votre âge, vos enfants auront une situation plus mauvaise ou meilleure que la vôtre ? Vraiment plus mauvaiseVraiment
meilleure"
Age,18-24,478.2759,0.615,0.28499990000000003,0.041381993113180075,0.06987454,0.04746435999999999,0.065,0.11181247,0.10932031,0.21110043999999994,0.13059289,0.10211062,0.05310367999999999,0.0209187,0.02046328,0.05823871,4.590858,"new8bv12b. Avez-vous le sentiment que, lorsqu'ils auront votre âge, vos enfants auront une situation plus mauvaise ou meilleure que la vôtre ? Vraiment plus mauvaiseVraiment
meilleure"
Age,25-34,836.9062,0.6806888274934514,0.205,0.06311462383717553,0.05050314,0.05541288,0.10224537,0.13288502,0.12459055,0.21505182,0.06517317,0.09533993,0.04406299000000001,0.03042433,0.03269028,0.05162046,4.474817,"new8bv12b. Avez-vous le sentiment que, lorsqu'ils auront votre âge, vos enfants auront une situation plus mauvaise ou meilleure que la vôtre ? Vraiment plus mauvaiseVraiment
meilleure"
Age,35-49,1494.556,0.7257051592580003,0.17055520167862562,0.028891202470834144,0.05038803,0.07499990000000001,0.10209213,0.1561449,0.10596237,0.2361179299999999,0.06890394,0.07110888,0.03054228,0.00849044,0.02040075,0.07484845,4.093402,"new8bv12b. Avez-vous le sentiment que, lorsqu'ils auront votre âge, vos enfants auront une situation plus mauvaise ou meilleure que la vôtre ? Vraiment plus mauvaiseVraiment
meilleure"
Age,50-64,1554.412,0.7349769559164495,0.185,0.016239922234259643,0.07522677,0.05367999,0.12262507999999998,0.13305205,0.14630613,0.20408669000000002,0.08650564,0.0587336,0.03912568,0.01053812,0.0057018,0.0644196,3.953455,"new8bv12b. Avez-vous le sentiment que, lorsqu'ils auront votre âge, vos enfants auront une situation plus mauvaise ou meilleure que la vôtre ? Vraiment plus mauvaiseVraiment
meilleure"
Age,65+,1614.848,0.7011861178265695,0.2248936122780596,0.016519009838696894,0.037021,0.03204996,0.07145998,0.15738453,0.17209372000000003,0.23147957000000008,0.09634176,0.08324876,0.0449999,0.00993864,0.00658038,0.0574018,4.423782,"new8bv12b. Avez-vous le sentiment que, lorsqu'ils auront votre âge, vos enfants auront une situation plus mauvaise ou meilleure que la vôtre ? Vraiment plus mauvaiseVraiment
meilleure"
Socio-Professional Category,Total-CSP+,1734.019,0.6749999,0.225,0.02903389755244896,0.04079104,0.05485925,0.0939409,0.14448561,0.12791198,0.22323671,0.08685308999999998,0.08668037,0.04529435,0.01555926,0.01347464,0.06691282,4.360841,"new8bv12b. Avez-vous le sentiment que, lorsqu'ils auront votre âge, vos enfants auront une situation plus mauvaise ou meilleure que la vôtre ? Vraiment plus mauvaiseVraiment
meilleure"
Socio-Professional Category,Small Business owners,212.9949,0.6526325278210886,0.235,0.03173883506130898,0.05022341,0.10652509,0.09300988,0.11852462,0.0921738,0.19229847000000003,0.08753552,0.08537125,0.05759922,0.00297541,0.02876343,0.0849999,4.236318,"new8bv12b. Avez-vous le sentiment que, lorsqu'ils auront votre âge, vos enfants auront une situation plus mauvaise ou meilleure que la vôtre ? Vraiment plus mauvaiseVraiment
meilleure"
Socio-Professional Category,Cadres/Prof Lib,597.9521,0.6649999,0.235,0.027851846326821163,0.041722760000000005,0.04234707,0.0890416,0.15414725,0.12162332,0.22163414,0.09704981,0.08929919,0.04849343,0.02254844,0.00530341,0.06678958,4.424347,"new8bv12b. Avez-vous le sentiment que, lorsqu'ils auront votre âge, vos enfants auront une situation plus mauvaise ou meilleure que la vôtre ? Vraiment plus mauvaiseVraiment
meilleure"
Socio-Professional Category,Prof Intermed,896.9079,0.7049998999999999,0.20506442188768767,0.02917337443454339,0.03911982,0.05211509,0.09836333,0.14499990000000001,0.13895953,0.23285365000000005,0.07757857,0.08734642,0.04013946,0.01348879,0.01568459,0.059350850000000004,4.336683,"new8bv12b. Avez-vous le sentiment que, lorsqu'ils auront votre âge, vos enfants auront une situation plus mauvaise ou meilleure que la vôtre ? Vraiment plus mauvaiseVraiment
meilleure"
Socio-Professional Category,Total-CSP-,1674.09,0.725,0.1717738592309852,0.0349999,0.07017389,0.0654567,0.09981028,0.135,0.11843413,0.2286898200000001,0.07813803,0.06033768,0.03329815,0.01334628,0.02458269,0.07273235,4.110215,"new8bv12b. Avez-vous le sentiment que, lorsqu'ils auront votre âge, vos enfants auront une situation plus mauvaise ou meilleure que la vôtre ? Vraiment plus mauvaiseVraiment
meilleure"
Socio-Professional Category,Salaried,956.6466,0.7531432192410447,0.16909964452912912,0.01912493077380926,0.07476187,0.07140456,0.10820077,0.14335168,0.10727054,0.24815371,0.07976828,0.05587099,0.03346034,0.01151659,0.00760833,0.05863182,3.935586,"new8bv12b. Avez-vous le sentiment que, lorsqu'ils auront votre âge, vos enfants auront une situation plus mauvaise ou meilleure que la vôtre ? Vraiment plus mauvaiseVraiment
meilleure"
Socio-Professional Category,Blue collar,717.4432,0.6649999,0.17533987359556827,0.065,0.06405626,0.05752581,0.08862241999999998,0.12329614,0.13331988,0.20330319999999996,0.07596434,0.06629365,0.03308189,0.015786,0.04721649,0.0915341,4.3515,"new8bv12b. Avez-vous le sentiment que, lorsqu'ils auront votre âge, vos enfants auront une situation plus mauvaise ou meilleure que la vôtre ? Vraiment plus mauvaiseVraiment
meilleure"
Political similarity,Far left,187.3446,0.4713835893855494,0.375,0.1149999,0.030860759999999997,0.05369058,0.08615893,0.099808,0.1041223,0.09674311,0.145,0.15552621000000005,0.06935412,0.0424445,0.07348763,0.04280386,5.282235,"new8bv12b. Avez-vous le sentiment que, lorsqu'ils auront votre âge, vos enfants auront une situation plus mauvaise ou meilleure que la vôtre ? Vraiment plus mauvaiseVraiment
meilleure"
Political similarity,Radical left,828.7407,0.625,0.28408560120192,0.04182477100497176,0.054999900000000004,0.04655093,0.08637352,0.14520718,0.10652713999999999,0.18393299000000013,0.11809899,0.10308019,0.0629064,0.02416675,0.01765801,0.050498,4.55796,"new8bv12b. Avez-vous le sentiment que, lorsqu'ils auront votre âge, vos enfants auront une situation plus mauvaise ou meilleure que la vôtre ? Vraiment plus mauvaiseVraiment
meilleure"
Political similarity,Left,1430.296,0.6772251338184543,0.24165298651467945,0.026525935890193357,0.04934583,0.03360977,0.08731102,0.14565901,0.13978505,0.22151408,0.09816807,0.09426601,0.0492188,0.01568672,0.01083921,0.05459702999999999,4.446898,"new8bv12b. Avez-vous le sentiment que, lorsqu'ils auront votre âge, vos enfants auront une situation plus mauvaise ou meilleure que la vôtre ? Vraiment plus mauvaiseVraiment
meilleure"
Political similarity,PC/LFI,641.3963,0.6680503146026879,0.25902581602045416,0.020178819241707505,0.062151059999999994,0.04446549999999999,0.08643615,0.15846771,0.10722954,0.20930055,0.11027182,0.08773078,0.06102305,0.01882802,0.0013508,0.05274535,4.344187,"new8bv12b. Avez-vous le sentiment que, lorsqu'ils auront votre âge, vos enfants auront une situation plus mauvaise ou meilleure que la vôtre ? Vraiment plus mauvaiseVraiment
meilleure"
Political similarity,PS,449.3176,0.6572346598486237,0.24340310728981016,0.045000000000000005,0.021412320000000002,0.01850076,0.09326269,0.11826601,0.15902667,0.2467971500000002,0.09146547999999999,0.0977854,0.05415227,0.0181257,0.02620565,0.054999900000000004,4.784769,"new8bv12b. Avez-vous le sentiment que, lorsqu'ils auront votre âge, vos enfants auront une situation plus mauvaise ou meilleure que la vôtre ? Vraiment plus mauvaiseVraiment
meilleure"
Political similarity,EELV,339.583,0.7210010512893754,0.2049999,0.015,0.0621196,0.03309706,0.08108819,0.1577111,0.1758154,0.21116985,0.08417515,0.10195272,0.02039536,0.00652635,0.00842861,0.057520249999999995,4.193645,"new8bv12b. Avez-vous le sentiment que, lorsqu'ils auront votre âge, vos enfants auront une situation plus mauvaise ou meilleure que la vôtre ? Vraiment plus mauvaiseVraiment
meilleure"
Political similarity,EM,672.9198,0.5465404644060109,0.34500441211567856,0.054875885655318805,0.00889022,0.015,0.03566001,0.08360966999999998,0.14248683,0.26056401000000007,0.13352037,0.135,0.07681401,0.02044377,0.0344321,0.05357901,5.388453,"new8bv12b. Avez-vous le sentiment que, lorsqu'ils auront votre âge, vos enfants auront une situation plus mauvaise ou meilleure que la vôtre ? Vraiment plus mauvaiseVraiment
meilleure"
Political similarity,MoDem,161.1257,0.645,0.28155136021131333,0.024577407576817357,0.01066725,0.03060264,0.09899327,0.125,0.15927006,0.21918556999999989,0.14427823,0.08645275,0.05082043,0.02100228,0.00357512,0.05015239999999999,4.673244,"new8bv12b. Avez-vous le sentiment que, lorsqu'ils auront votre âge, vos enfants auront une situation plus mauvaise ou meilleure que la vôtre ? Vraiment plus mauvaiseVraiment
meilleure"
Political similarity,Right,573.0042,0.7035376005969939,0.22728419791687393,0.01648029805017136,0.022595859999999995,0.04942817,0.09435711,0.17239404000000005,0.14976199,0.215,0.108855,0.07237455,0.04605469,0.01108397,0.00539633,0.052698289999999995,4.338791,"new8bv12b. Avez-vous le sentiment que, lorsqu'ils auront votre âge, vos enfants auront une situation plus mauvaise ou meilleure que la vôtre ? Vraiment plus mauvaiseVraiment
meilleure"
Political similarity,UDI/PR,89.32552,0.6390432431851503,0.27869101685610115,0.010622286889569744,0.0,0.00731079,0.03137353,0.16198193,0.25729222,0.18020606,0.12291940999999999,0.075,0.08165017,0.01062229,0.0,0.0716436,4.841767,"new8bv12b. Avez-vous le sentiment que, lorsqu'ils auront votre âge, vos enfants auront une situation plus mauvaise ou meilleure que la vôtre ? Vraiment plus mauvaiseVraiment
meilleure"
Political similarity,LR,397.5368,0.6949998999999999,0.22772553383737051,0.016568352917264512,0.0149999,0.03982363,0.10008887,0.16631483999999983,0.13158918,0.24499990000000002,0.11636166000000002,0.07812336,0.03324052,0.00879015,0.0077782,0.05788979,4.414138,"new8bv12b. Avez-vous le sentiment que, lorsqu'ils auront votre âge, vos enfants auront une situation plus mauvaise ou meilleure que la vôtre ? Vraiment plus mauvaiseVraiment
meilleure"
Political similarity,Radical right,1008.8,0.795,0.14499990000000001,0.024032642743854082,0.10437004,0.09682953,0.12606027,0.16831874000000002,0.13578519,0.15714582,0.05869524,0.054394229999999995,0.03250937,0.0149999,0.00879106,0.04210061,3.549581,"new8bv12b. Avez-vous le sentiment que, lorsqu'ils auront votre âge, vos enfants auront une situation plus mauvaise ou meilleure que la vôtre ? Vraiment plus mauvaiseVraiment
meilleure"
Political similarity,Debout la France,86.14185,0.7968158334189479,0.17194116448625144,0.022148444687454468,0.08042459,0.13742623,0.1332169,0.21771032,0.12121251,0.10682518,0.05962828,0.04403296,0.06827995,0.02214844,0.0,0.00909453,3.519552,"new8bv12b. Avez-vous le sentiment que, lorsqu'ils auront votre âge, vos enfants auront une situation plus mauvaise ou meilleure que la vôtre ? Vraiment plus mauvaiseVraiment
meilleure"
Political similarity,Reconquete,205.4045,0.8205063667056952,0.11552492764277315,0.019290385556304752,0.09568802,0.08526054999999999,0.16032093,0.1899230399999999,0.10499990000000001,0.18431378000000004,0.05661507,0.03573373,0.02317611,0.01929039,0.0,0.04467848,3.418872,"new8bv12b. Avez-vous le sentiment que, lorsqu'ils auront votre âge, vos enfants auront une situation plus mauvaise ou meilleure que la vôtre ? Vraiment plus mauvaiseVraiment
meilleure"
Political similarity,RN,717.2537,0.785,0.15104753032295268,0.0249999,0.10973216,0.09499990000000001,0.11538931,0.1564628800000001,0.14634222,0.15540903,0.05917889,0.06098252,0.03088617,0.0132526,0.01236442,0.0449999,3.590782,"new8bv12b. Avez-vous le sentiment que, lorsqu'ils auront votre âge, vos enfants auront une situation plus mauvaise ou meilleure que la vôtre ? Vraiment plus mauvaiseVraiment
meilleure"
Political similarity,No preference,1860.95,0.785,0.1149999,0.017921051076063302,0.05992982000000001,0.065,0.10980499,0.15596787,0.1338893,0.25548957,0.05461125,0.044674160000000004,0.02225953,0.00601976,0.01190129,0.08045246,3.868685,"new8bv12b. Avez-vous le sentiment que, lorsqu'ils auront votre âge, vos enfants auront une situation plus mauvaise ou meilleure que la vôtre ? Vraiment plus mauvaiseVraiment
meilleure"
Politics,Total-left,1649.278,0.6749999,0.225,0.035,0.04395898,0.04411077,0.09346429,0.14283468,0.15288296,0.21174157,0.0960821,0.07794059,0.045,0.015,0.01650075,0.060483310000000005,4.371237,"new8bv12b. Avez-vous le sentiment que, lorsqu'ils auront votre âge, vos enfants auront une situation plus mauvaise ou meilleure que la vôtre ? Vraiment plus mauvaiseVraiment
meilleure"
Politics,Very Left,217.9165,0.6449999,0.2252953768989498,0.05165244485846643,0.09698238,0.0849999,0.09041422,0.15308309,0.07757861,0.14278639,0.07822528,0.08713705,0.05993305,0.0224033,0.02924913,0.0772076,4.120013,"new8bv12b. Avez-vous le sentiment que, lorsqu'ils auront votre âge, vos enfants auront une situation plus mauvaise ou meilleure que la vôtre ? Vraiment plus mauvaiseVraiment
meilleure"
Politics,Left,1431.362,0.6949998999999999,0.21724455448726457,0.02760477084063989,0.03588645,0.03786253,0.09392865,0.14129738,0.16434752,0.22345099999999993,0.09880065,0.07654046,0.04190336,0.013044879999999998,0.015,0.05793712,4.408701,"new8bv12b. Avez-vous le sentiment que, lorsqu'ils auront votre âge, vos enfants auront une situation plus mauvaise ou meilleure que la vôtre ? Vraiment plus mauvaiseVraiment
meilleure"
Politics,Center,776.1196,0.6249998999999999,0.285479067916852,0.035,0.00949163,0.029824529999999995,0.0649999,0.1149999,0.17078682,0.2394980200000002,0.11729249,0.12088783999999998,0.04729863,0.01578056,0.01802957,0.05111010999999999,4.883091,"new8bv12b. Avez-vous le sentiment que, lorsqu'ils auront votre âge, vos enfants auront une situation plus mauvaise ou meilleure que la vôtre ? Vraiment plus mauvaiseVraiment
meilleure"
Politics,Total-right,1622.94,0.695,0.23400193476037315,0.0249999,0.05859746,0.05835083,0.09964318000000001,0.16655175,0.13266695,0.17651016,0.09494923,0.08869170000000001,0.05036094000000001,0.01437806,0.01110385,0.04819485,4.207144,"new8bv12b. Avez-vous le sentiment que, lorsqu'ils auront votre âge, vos enfants auront une situation plus mauvaise ou meilleure que la vôtre ? Vraiment plus mauvaiseVraiment
meilleure"
Politics,Right,1193.119,0.670526661632243,0.255,0.0224687814040343,0.03248411,0.04140449,0.0953966,0.175,0.14255493,0.1836873099999999,0.10750478,0.09573354,0.05165093,0.01238389,0.0100849,0.05211452,4.417539,"new8bv12b. Avez-vous le sentiment que, lorsqu'ils auront votre âge, vos enfants auront une situation plus mauvaise ou meilleure que la vôtre ? Vraiment plus mauvaiseVraiment
meilleure"
Politics,Very Right,429.8207,0.7528173957187265,0.17602179234271406,0.033845926917898554,0.13108429,0.10539139,0.11143090999999998,0.14420104,0.10499990000000001,0.15571024000000006,0.06009701,0.06914465,0.04678016000000001,0.01991361,0.01393231,0.03731449,3.632098,"new8bv12b. Avez-vous le sentiment que, lorsqu'ils auront votre âge, vos enfants auront une situation plus mauvaise ou meilleure que la vôtre ? Vraiment plus mauvaiseVraiment
meilleure"
Politics,Both left and Right,200.4265,0.7049998999999999,0.155,0.075,0.03379579,0.05275754,0.0649999,0.17359431,0.15115262,0.24131237999999994,0.06668634,0.04550607,0.03591664,0.02598551,0.04573844999999999,0.06255445,4.492687,"new8bv12b. Avez-vous le sentiment que, lorsqu'ils auront votre âge, vos enfants auront une situation plus mauvaise ou meilleure que la vôtre ? Vraiment plus mauvaiseVraiment
meilleure"
Politics,Neither left nor right,1673.316,0.7732263362090603,0.12849491668041182,0.020412809056986246,0.085,0.06702159,0.11444611,0.13245155,0.11078063,0.2635262600000002,0.05282086,0.04984696,0.02582706,0.00970654,0.01070627,0.07786617,3.819961,"new8bv12b. Avez-vous le sentiment que, lorsqu'ils auront votre âge, vos enfants auront une situation plus mauvaise ou meilleure que la vôtre ? Vraiment plus mauvaiseVraiment
meilleure"
Loss of job risk,High risk,556.2398,0.7234236025541503,0.17709604742415053,0.05352765120367151,0.1528889,0.08282314999999998,0.11564551999999999,0.11911393,0.09483841,0.15835717000000024,0.04600043,0.08307626999999998,0.04801941999999999,0.0249999,0.02828406,0.04595284,3.766168,"new8bv12b. Avez-vous le sentiment que, lorsqu'ils auront votre âge, vos enfants auront une situation plus mauvaise ou meilleure que la vôtre ? Vraiment plus mauvaiseVraiment
meilleure"
Loss of job risk,Low risk,1874.312,0.6959054842523551,0.21857732330583168,0.0249999,0.049379679999999995,0.06241426,0.10102639999999999,0.13868582,0.13674303,0.20770568,0.09888306000000001,0.08342031999999999,0.03627389,0.010398989999999999,0.0149999,0.06006897,4.231476,"new8bv12b. Avez-vous le sentiment que, lorsqu'ils auront votre âge, vos enfants auront une situation plus mauvaise ou meilleure que la vôtre ? Vraiment plus mauvaiseVraiment
meilleure"
Loss of job risk,Zero risk,3478.817,0.7114277640933686,0.205,0.0249999,0.04211481,0.04217577,0.09179195,0.15054287,0.145,0.23817087999999978,0.085,0.075,0.04214211,0.013525910000000002,0.01241361,0.06212209,4.33306,"new8bv12b. Avez-vous le sentiment que, lorsqu'ils auront votre âge, vos enfants auront une situation plus mauvaise ou meilleure que la vôtre ? Vraiment plus mauvaiseVraiment
meilleure"
1st round vote,Arthaud,24.07418,0.6687226730048541,0.11391769106985161,0.0783738013091204,0.025,0.06193096,0.1170086,0.11995524,0.14290406,0.20192375999999992,0.05074864,0.03225215,0.0309169,0.02928994,0.049083829999999995,0.13898592,4.377904,"new8bv12b. Avez-vous le sentiment que, lorsqu'ils auront votre âge, vos enfants auront une situation plus mauvaise ou meilleure que la vôtre ? Vraiment plus mauvaiseVraiment
meilleure"
1st round vote,Poutou,32.85668,0.5920963408354101,0.3297253404787094,0.012903555684871388,0.07821031,0.0622313,0.12156956,0.10774467,0.06899696,0.15334343,0.14519921,0.09478739,0.08973874000000001,0.012903559999999998,0.0,0.06527498,4.322189,"new8bv12b. Avez-vous le sentiment que, lorsqu'ils auront votre âge, vos enfants auront une situation plus mauvaise ou meilleure que la vôtre ? Vraiment plus mauvaiseVraiment
meilleure"
1st round vote,Roussel,98.04205,0.6781237234431552,0.2349999,0.01900955763368881,0.0213493,0.03836815,0.095,0.13249233,0.19339243,0.19752192999999998,0.10996047,0.08272556,0.043579650000000004,0.01108558,0.00792398,0.06660062,4.453243,"new8bv12b. Avez-vous le sentiment que, lorsqu'ils auront votre âge, vos enfants auront une situation plus mauvaise ou meilleure que la vôtre ? Vraiment plus mauvaiseVraiment
meilleure"
1st round vote,Melenchon,942.3053,0.7197543089272659,0.21114515645831558,0.023794050611834615,0.04867192,0.0519261,0.10940276000000002,0.17227124,0.12503644,0.21244536999999997,0.06402861,0.09029284000000001,0.0568236,0.01417789,0.00961615,0.04530658,4.236431,"new8bv12b. Avez-vous le sentiment que, lorsqu'ils auront votre âge, vos enfants auront une situation plus mauvaise ou meilleure que la vôtre ? Vraiment plus mauvaiseVraiment
meilleure"
1st round vote,Hidalgo,75.31895,0.7349998999999999,0.195,0.015461142249062155,0.00750073,0.03287148,0.0895966,0.10170601,0.20466735,0.30371653,0.08742464,0.06813186,0.03721561,0.0,0.01546114,0.051708330000000004,4.54316,"new8bv12b. Avez-vous le sentiment que, lorsqu'ils auront votre âge, vos enfants auront une situation plus mauvaise ou meilleure que la vôtre ? Vraiment plus mauvaiseVraiment
meilleure"
1st round vote,Jadot,198.8808,0.6622640295091331,0.245,0.02445622704655251,0.01722491,0.02425548,0.07942577,0.10921632,0.1610882,0.2706278199999999,0.095,0.1106059,0.035,0.020986749999999995,0.00346949,0.07309936,4.698785,"new8bv12b. Avez-vous le sentiment que, lorsqu'ils auront votre âge, vos enfants auront une situation plus mauvaise ou meilleure que la vôtre ? Vraiment plus mauvaiseVraiment
meilleure"
1st round vote,Macron,1195.294,0.582367852595261,0.32399878188964387,0.036172489780756864,0.00903875,0.013954439999999999,0.04029977,0.1057718,0.13830249000000008,0.2749999,0.12403702,0.12921934,0.07074242,0.01860423,0.01756826,0.05746158,5.196763,"new8bv12b. Avez-vous le sentiment que, lorsqu'ils auront votre âge, vos enfants auront une situation plus mauvaise ou meilleure que la vôtre ? Vraiment plus mauvaiseVraiment
meilleure"
1st round vote,Pecresse,205.1207,0.7184750247049664,0.22157734446109045,0.015398421514747171,0.02085976,0.04622003,0.05393541,0.13775192,0.16329893000000004,0.29640894,0.1205635,0.07192005,0.02909379,0.01539842,0.0,0.04454876,4.501273,"new8bv12b. Avez-vous le sentiment que, lorsqu'ils auront votre âge, vos enfants auront une situation plus mauvaise ou meilleure que la vôtre ? Vraiment plus mauvaiseVraiment
meilleure"
1st round vote,Dupont-Aignan,88.56025,0.7607725813782144,0.14499990000000001,0.015069729365036796,0.0791975,0.05481788,0.16606389,0.25873710000000016,0.0649999,0.13708588,0.06313784,0.0449999,0.03848254,0.00767999,0.007389739999999999,0.07740784,3.527198,"new8bv12b. Avez-vous le sentiment que, lorsqu'ils auront votre âge, vos enfants auront une situation plus mauvaise ou meilleure que la vôtre ? Vraiment plus mauvaiseVraiment
meilleure"
1st round vote,Zemmour,303.4525,0.8051335876290359,0.1575255105823811,0.004893503925655581,0.047239680000000006,0.07737185,0.1509889,0.18201827,0.1350905,0.21242475,0.07164354,0.06705214,0.01882986,0.00222458,0.00266893,0.03244731,3.746013,"new8bv12b. Avez-vous le sentiment que, lorsqu'ils auront votre âge, vos enfants auront une situation plus mauvaise ou meilleure que la vôtre ? Vraiment plus mauvaiseVraiment
meilleure"
1st round vote,Le Pen,993.0248,0.7620668688234171,0.17180839793729222,0.025832094022223816,0.095,0.08855507,0.11359374,0.15882725,0.13299889,0.17217608999999998,0.08072036,0.06083811,0.03024996,0.015,0.0117479,0.04029263,3.739963,"new8bv12b. Avez-vous le sentiment que, lorsqu'ils auront votre âge, vos enfants auront une situation plus mauvaise ou meilleure que la vôtre ? Vraiment plus mauvaiseVraiment
meilleure"
1st round vote,Lassalle,134.5409,0.7556943650592497,0.16762493784417973,0.01479337510006251,0.02996909,0.057842859999999996,0.10323456,0.18174859999999998,0.21707942,0.16581991,0.10128013,0.045915340000000006,0.020429449999999995,0.0,0.01479338,0.06188676,3.99465,"new8bv12b. Avez-vous le sentiment que, lorsqu'ils auront votre âge, vos enfants auront une situation plus mauvaise ou meilleure que la vôtre ? Vraiment plus mauvaiseVraiment
meilleure"
1st round vote,Blank/Null/NA,96.61228,0.7436582595918448,0.1500573219056625,0.011414729059287287,0.02620821,0.07405599,0.09348365999999998,0.13146331,0.13174371,0.28657303,0.05742538,0.04390577,0.04872621,0.0,0.01141473,0.095,4.167085,"new8bv12b. Avez-vous le sentiment que, lorsqu'ils auront votre âge, vos enfants auront une situation plus mauvaise ou meilleure que la vôtre ? Vraiment plus mauvaiseVraiment
meilleure"
1st round vote,Blank,63.86856,0.745,0.17075521978262856,0.012864119685804722,0.0349999,0.06970473,0.09668231,0.14732172,0.1363096,0.2585009600000003,0.06632728,0.04495226,0.05947568,0.0,0.01286412,0.07286144,4.160277,"new8bv12b. Avez-vous le sentiment que, lorsqu'ils auront votre âge, vos enfants auront une situation plus mauvaise ou meilleure que la vôtre ? Vraiment plus mauvaiseVraiment
meilleure"
1st round vote,Null,19.09123,0.7471619167544469,0.1296496873171608,0,0.0,0.06816654,0.08043756,0.08306615,0.145,0.37049125,0.041867539999999995,0.04017264,0.04760951000000001,0.0,0.0,0.12318881,4.362871,"new8bv12b. Avez-vous le sentiment que, lorsqu'ils auront votre âge, vos enfants auront une situation plus mauvaise ou meilleure que la vôtre ? Vraiment plus mauvaiseVraiment
meilleure"
2nd round vote,Macron,2287.563,0.6147948712232187,0.2949999,0.035,0.02043609,0.02282053,0.05709806,0.11272729999999999,0.14236906,0.2593446,0.11421631,0.11936152,0.06311909,0.01736525,0.01529869,0.05584576,4.953049,"new8bv12b. Avez-vous le sentiment que, lorsqu'ils auront votre âge, vos enfants auront une situation plus mauvaise ou meilleure que la vôtre ? Vraiment plus mauvaiseVraiment
meilleure"
2nd round vote,Le Pen,1619.66,0.775,0.16454650976130794,0.024270390081869035,0.08815702,0.08653822,0.13030253,0.16708964,0.13060124,0.16740316,0.07375925,0.05733997,0.03344731,0.01187848,0.012391910000000003,0.04109059,3.702304,"new8bv12b. Avez-vous le sentiment que, lorsqu'ils auront votre âge, vos enfants auront une situation plus mauvaise ou meilleure que la vôtre ? Vraiment plus mauvaiseVraiment
meilleure"
2nd round vote,Blank/Null/NA,370.4173,0.7410814775659776,0.1664359898957203,0.0049999,0.02521857,0.05881297,0.10350121,0.22469951000000005,0.14317085,0.18554036000000002,0.06915368,0.06785544,0.02942689,0.00275976,0.00486076,0.085,3.976978,"new8bv12b. Avez-vous le sentiment que, lorsqu'ils auront votre âge, vos enfants auront une situation plus mauvaise ou meilleure que la vôtre ? Vraiment plus mauvaiseVraiment
meilleure"
