Indicator,Category,BASE,ST Améliorée,ST Aggravée,Beaucoup améliorée,Un peu améliorée,Un peu aggravée,Beaucoup aggravée,N'a pas changée,No rep.,Question
Total,Total,5979.002,0.5164475609809128,0.3476548427312785,0.08714673000000002,0.42932513999999994,0.2217064,0.12594844,0.11087339,0.0249999,"q8v13b_i5. Par rapport à il y a cinq ans, avez-vous le sentiment que la situation en France s'est... :
- En matière d'emploi"
Gender,Man,2929.637,0.5600195519103561,0.3227182070679746,0.10414734000000002,0.45587252,0.20982856,0.11289002999999999,0.09744463,0.0198192,"q8v13b_i5. Par rapport à il y a cinq ans, avez-vous le sentiment que la situation en France s'est... :
- En matière d'emploi"
Gender,Woman,3049.36,0.4745877823543301,0.3716130597895952,0.07081368,0.40255032,0.23311820000000003,0.13849434,0.125,0.03002346,"q8v13b_i5. Par rapport à il y a cinq ans, avez-vous le sentiment que la situation en France s'est... :
- En matière d'emploi"
Age,18-24,478.2759,0.522472071036822,0.333833253985827,0.08693388,0.4349999,0.21499990000000002,0.11859485,0.1288772500000001,0.01559422,"q8v13b_i5. Par rapport à il y a cinq ans, avez-vous le sentiment que la situation en France s'est... :
- En matière d'emploi"
Age,25-34,836.9062,0.4595875858011328,0.3831379191598772,0.09161957,0.36796812,0.25359305,0.12954486,0.13912766,0.01814669,"q8v13b_i5. Par rapport à il y a cinq ans, avez-vous le sentiment que la situation en France s'est... :
- En matière d'emploi"
Age,35-49,1494.556,0.45321125471377455,0.3792420625255929,0.04843376,0.40477754,0.24316078,0.13608135,0.12694439,0.04060167,"q8v13b_i5. Par rapport à il y a cinq ans, avez-vous le sentiment que la situation en France s'est... :
- En matière d'emploi"
Age,50-64,1554.412,0.4996985355234005,0.3759227926701543,0.08988942,0.4083266100000001,0.215,0.16240418,0.10101112,0.023368670000000005,"q8v13b_i5. Par rapport à il y a cinq ans, avez-vous le sentiment que la situation en France s'est... :
- En matière d'emploi"
Age,65+,1614.848,0.6187819534717819,0.2749999,0.11808083,0.50082271,0.1949999,0.08179333,0.08574795,0.01855528,"q8v13b_i5. Par rapport à il y a cinq ans, avez-vous le sentiment que la situation en France s'est... :
- En matière d'emploi"
Socio-Professional Category,Total-CSP+,1734.019,0.5279652068402941,0.3541304910730505,0.08866581,0.43929957,0.21931046,0.13482032,0.11035571,0.007548340000000001,"q8v13b_i5. Par rapport à il y a cinq ans, avez-vous le sentiment que la situation en France s'est... :
- En matière d'emploi"
Socio-Professional Category,Small Business owners,212.9949,0.44681572187878676,0.4114556264023223,0.09322171999999998,0.355,0.23207645000000005,0.17797281,0.12831514,0.013413880000000001,"q8v13b_i5. Par rapport à il y a cinq ans, avez-vous le sentiment que la situation en France s'est... :
- En matière d'emploi"
Socio-Professional Category,Cadres/Prof Lib,597.9521,0.5671937601690837,0.31856113558259935,0.11257596999999998,0.455,0.195,0.12317906999999992,0.10452053,0.00972443,"q8v13b_i5. Par rapport à il y a cinq ans, avez-vous le sentiment que la situation en France s'est... :
- En matière d'emploi"
Socio-Professional Category,Prof Intermed,896.9079,0.5179190639306444,0.37054952910995653,0.06726909,0.4506500600000001,0.2381201,0.13242943,0.10660544,0.00492484,"q8v13b_i5. Par rapport à il y a cinq ans, avez-vous le sentiment que la situation en France s'est... :
- En matière d'emploi"
Socio-Professional Category,Total-CSP-,1674.09,0.4435665943885932,0.395,0.06206094,0.38150571,0.24523449,0.14874595,0.12981417,0.03263859,"q8v13b_i5. Par rapport à il y a cinq ans, avez-vous le sentiment que la situation en France s'est... :
- En matière d'emploi"
Socio-Professional Category,Salaried,956.6466,0.4385684326897728,0.3849999,0.05061305,0.3890272299999999,0.24499990000000002,0.13928215,0.13892372,0.03715395,"q8v13b_i5. Par rapport à il y a cinq ans, avez-vous le sentiment que la situation en France s'est... :
- En matière d'emploi"
Socio-Professional Category,Blue collar,717.4432,0.4502313214481648,0.4049999,0.07732583,0.3729053399999999,0.24411870000000002,0.16136525,0.11766743,0.02661776,"q8v13b_i5. Par rapport à il y a cinq ans, avez-vous le sentiment que la situation en France s'est... :
- En matière d'emploi"
Political similarity,Far left,187.3446,0.528130034172322,0.38085298428671016,0.13279187,0.39533822,0.25291196,0.12794102,0.08957878,0.00143857,"q8v13b_i5. Par rapport à il y a cinq ans, avez-vous le sentiment que la situation en France s'est... :
- En matière d'emploi"
Political similarity,Radical left,828.7407,0.41814779942628616,0.45463967197459954,0.06518005,0.35296782,0.29305101,0.16158866,0.12001396,0.00719933,"q8v13b_i5. Par rapport à il y a cinq ans, avez-vous le sentiment que la situation en France s'est... :
- En matière d'emploi"
Political similarity,Left,1430.296,0.5322300418934263,0.34891008574448923,0.05810912,0.47412102,0.24039954,0.10851062,0.10681887,0.01204162,"q8v13b_i5. Par rapport à il y a cinq ans, avez-vous le sentiment que la situation en France s'est... :
- En matière d'emploi"
Political similarity,PC/LFI,641.3963,0.38602296271431563,0.4749999,0.04543137,0.34059161,0.30477507,0.1714168,0.12890367,0.00888198,"q8v13b_i5. Par rapport à il y a cinq ans, avez-vous le sentiment que la situation en France s'est... :
- En matière d'emploi"
Political similarity,PS,449.3176,0.6918527117566727,0.22600717176447127,0.07846441,0.6121514100000001,0.18224394,0.045,0.07339181,0.00874843,"q8v13b_i5. Par rapport à il y a cinq ans, avez-vous le sentiment que la situation en France s'est... :
- En matière d'emploi"
Political similarity,EELV,339.583,0.5949998999999999,0.275,0.054999900000000004,0.54217771,0.19575632000000004,0.0753649,0.10933436,0.02236681,"q8v13b_i5. Par rapport à il y a cinq ans, avez-vous le sentiment que la situation en France s'est... :
- En matière d'emploi"
Political similarity,EM,672.9198,0.8749998999999999,0.08029433819602276,0.34336008999999995,0.5304136399999999,0.07008511,0.01020922,0.04093193999999999,0.005,"q8v13b_i5. Par rapport à il y a cinq ans, avez-vous le sentiment que la situation en France s'est... :
- En matière d'emploi"
Political similarity,MoDem,161.1257,0.7993721671961704,0.1407444001794872,0.22326873,0.57610319,0.12649075,0.014253639999999998,0.05988343000000001,0,"q8v13b_i5. Par rapport à il y a cinq ans, avez-vous le sentiment que la situation en France s'est... :
- En matière d'emploi"
Political similarity,Right,573.0042,0.6562641251146153,0.2449999,0.08781733,0.56844679,0.18229692,0.0633358,0.09244569000000001,0.0056576,"q8v13b_i5. Par rapport à il y a cinq ans, avez-vous le sentiment que la situation en France s'est... :
- En matière d'emploi"
Political similarity,UDI/PR,89.32552,0.8806638909015028,0.07535812833779194,0.14306359,0.73760041,0.0662186,0.00913953,0.043978029999999994,0,"q8v13b_i5. Par rapport à il y a cinq ans, avez-vous le sentiment que la situation en France s'est... :
- En matière d'emploi"
Political similarity,LR,397.5368,0.6602254181248126,0.22972117298323072,0.08472131,0.57550395,0.17348451999999998,0.05623666,0.10189922,0.00815478,"q8v13b_i5. Par rapport à il y a cinq ans, avez-vous le sentiment que la situation en France s'est... :
- En matière d'emploi"
Political similarity,Radical right,1008.8,0.34180333068992863,0.5274878072957969,0.0249999,0.3168031000000001,0.31096739,0.21652011999999998,0.11960299,0.0111065,"q8v13b_i5. Par rapport à il y a cinq ans, avez-vous le sentiment que la situation en France s'est... :
- En matière d'emploi"
Political similarity,Debout la France,86.14185,0.40529150465192004,0.4949999,0.045,0.36029157,0.34333405,0.15229694,0.09907743999999999,0,"q8v13b_i5. Par rapport à il y a cinq ans, avez-vous le sentiment que la situation en France s'est... :
- En matière d'emploi"
Political similarity,Reconquete,205.4045,0.3985582107500079,0.45281617491340254,0.00725231,0.39130584,0.28144744,0.17136884,0.14076882,0.00785691,"q8v13b_i5. Par rapport à il y a cinq ans, avez-vous le sentiment que la situation en France s'est... :
- En matière d'emploi"
Political similarity,RN,717.2537,0.3179250242975394,0.5526977413988942,0.028659899999999995,0.28979898000000004,0.3149999,0.2371635,0.11600672,0.013371,"q8v13b_i5. Par rapport à il y a cinq ans, avez-vous le sentiment que la situation en France s'est... :
- En matière d'emploi"
Political similarity,No preference,1860.95,0.4062688411832666,0.3943313361455171,0.03661486,0.36965399,0.24231531999999997,0.15201644,0.14688423,0.05251623,"q8v13b_i5. Par rapport à il y a cinq ans, avez-vous le sentiment que la situation en France s'est... :
- En matière d'emploi"
Politics,Total-left,1649.278,0.5232584803774742,0.355,0.06963253,0.45307030000000004,0.23577899,0.115,0.11233867,0.01417951,"q8v13b_i5. Par rapport à il y a cinq ans, avez-vous le sentiment que la situation en France s'est... :
- En matière d'emploi"
Politics,Very Left,217.9165,0.3165746512999245,0.4935188478155624,0.07728222,0.23929239,0.29102422,0.20249463000000004,0.18567424,0.00423279,"q8v13b_i5. Par rapport à il y a cinq ans, avez-vous le sentiment que la situation en France s'est... :
- En matière d'emploi"
Politics,Left,1431.362,0.555,0.3284073490842987,0.06846791,0.48695113000000007,0.22736812999999997,0.10103921999999999,0.10117371,0.0149999,"q8v13b_i5. Par rapport à il y a cinq ans, avez-vous le sentiment que la situation en France s'est... :
- En matière d'emploi"
Politics,Center,776.1196,0.7732263171810118,0.1511684539341617,0.18852391,0.58470202,0.12134913,0.029819299999999997,0.07545646,0.00014868,"q8v13b_i5. Par rapport à il y a cinq ans, avez-vous le sentiment que la situation en France s'est... :
- En matière d'emploi"
Politics,Total-right,1622.94,0.5396665927267797,0.3574379213033137,0.10256496999999999,0.43710179999999993,0.2298125,0.12762554,0.09076916,0.012125270000000002,"q8v13b_i5. Par rapport à il y a cinq ans, avez-vous le sentiment que la situation en France s'est... :
- En matière d'emploi"
Politics,Right,1193.119,0.605,0.292256933298355,0.125,0.4789859000000001,0.21040617,0.08185075,0.08977034,0.01398684,"q8v13b_i5. Par rapport à il y a cinq ans, avez-vous le sentiment que la situation en France s'est... :
- En matière d'emploi"
Politics,Very Right,429.8207,0.36112918712384023,0.5383707671594226,0.04132186,0.31949753,0.28368108,0.255,0.09354168,0.00695785,"q8v13b_i5. Par rapport à il y a cinq ans, avez-vous le sentiment que la situation en France s'est... :
- En matière d'emploi"
Politics,Both left and Right,200.4265,0.6069122596063894,0.26329986304206277,0.13140882,0.47550349,0.1801642,0.08313566,0.12798652,0.00180171,"q8v13b_i5. Par rapport à il y a cinq ans, avez-vous le sentiment que la situation en France s'est... :
- En matière d'emploi"
Politics,Neither left nor right,1673.316,0.3642719605860459,0.4358091358715269,0.03861127,0.32499989999999995,0.2507051700000001,0.18576401999999997,0.14308092,0.05683872,"q8v13b_i5. Par rapport à il y a cinq ans, avez-vous le sentiment que la situation en France s'est... :
- En matière d'emploi"
Loss of job risk,High risk,556.2398,0.3588065794644684,0.4861176780230398,0.07994281,0.27886372,0.20038282,0.28573468,0.14095976,0.01411595,"q8v13b_i5. Par rapport à il y a cinq ans, avez-vous le sentiment que la situation en France s'est... :
- En matière d'emploi"
Loss of job risk,Low risk,1874.312,0.4623231884552839,0.4123162525769456,0.05312216,0.40874696,0.26099481,0.15132176,0.11081431,0.015,"q8v13b_i5. Par rapport à il y a cinq ans, avez-vous le sentiment que la situation en France s'est... :
- En matière d'emploi"
Loss of job risk,Zero risk,3478.817,0.575,0.2908092032435164,0.10761204000000002,0.46682547,0.2032699,0.08753936,0.10499990000000001,0.02975333,"q8v13b_i5. Par rapport à il y a cinq ans, avez-vous le sentiment que la situation en France s'est... :
- En matière d'emploi"
1st round vote,Arthaud,24.07418,0.5949998999999999,0.3107332835427832,0.10235364,0.49298418,0.10201559999999998,0.20871763999999998,0.06810454,0.02582415,"q8v13b_i5. Par rapport à il y a cinq ans, avez-vous le sentiment que la situation en France s'est... :
- En matière d'emploi"
1st round vote,Poutou,32.85668,0.3849999,0.48917145615442587,0.08267162000000002,0.30402223,0.3638082100000001,0.12536337,0.11673577,0.00739894,"q8v13b_i5. Par rapport à il y a cinq ans, avez-vous le sentiment que la situation en France s'est... :
- En matière d'emploi"
1st round vote,Roussel,98.04205,0.5373651407737802,0.34486661590613416,0.04587974,0.49093581000000003,0.26239884,0.08246768999999998,0.085,0.03331792,"q8v13b_i5. Par rapport à il y a cinq ans, avez-vous le sentiment que la situation en France s'est... :
- En matière d'emploi"
1st round vote,Melenchon,942.3053,0.4162961834131677,0.4249999,0.03953534,0.37676091,0.27096409,0.15471705,0.14273049,0.0152919,"q8v13b_i5. Par rapport à il y a cinq ans, avez-vous le sentiment que la situation en France s'est... :
- En matière d'emploi"
1st round vote,Hidalgo,75.31895,0.6595530075764465,0.2149999,0.05514461,0.60440832,0.14403294,0.0709991,0.12541518,0,"q8v13b_i5. Par rapport à il y a cinq ans, avez-vous le sentiment que la situation en France s'est... :
- En matière d'emploi"
1st round vote,Jadot,198.8808,0.6348898435645874,0.20856281752688044,0.054999900000000004,0.5798897600000001,0.14883589,0.05972693,0.13595767,0.02058985,"q8v13b_i5. Par rapport à il y a cinq ans, avez-vous le sentiment que la situation en France s'est... :
- En matière d'emploi"
1st round vote,Macron,1195.294,0.8535105170778068,0.09139851785418482,0.27215932,0.5807262800000002,0.08273088000000002,0.00866765,0.045,0.01071587,"q8v13b_i5. Par rapport à il y a cinq ans, avez-vous le sentiment que la situation en France s'est... :
- En matière d'emploi"
1st round vote,Pecresse,205.1207,0.7091297952863851,0.1891535081539796,0.09722885,0.61190119,0.13276559,0.05638797,0.08966521000000001,0.012051099999999999,"q8v13b_i5. Par rapport à il y a cinq ans, avez-vous le sentiment que la situation en France s'est... :
- En matière d'emploi"
1st round vote,Dupont-Aignan,88.56025,0.3621959061768683,0.5199740289802706,0.05253839999999999,0.30965755,0.20923483999999998,0.3107393,0.11782995,0,"q8v13b_i5. Par rapport à il y a cinq ans, avez-vous le sentiment que la situation en France s'est... :
- En matière d'emploi"
1st round vote,Zemmour,303.4525,0.4049999,0.46072515467824454,0.03199374,0.3743742600000001,0.28345286,0.17727223,0.115,0.01790691,"q8v13b_i5. Par rapport à il y a cinq ans, avez-vous le sentiment que la situation en France s'est... :
- En matière d'emploi"
1st round vote,Le Pen,993.0248,0.34415233134157375,0.517212963865555,0.03101664,0.31313589,0.31659824,0.20061463000000002,0.12545477,0.013179750000000002,"q8v13b_i5. Par rapport à il y a cinq ans, avez-vous le sentiment que la situation en France s'est... :
- En matière d'emploi"
1st round vote,Lassalle,134.5409,0.54175406883706,0.345,0.05114269999999999,0.49061133,0.22832536,0.11619062,0.11372951,0,"q8v13b_i5. Par rapport à il y a cinq ans, avez-vous le sentiment que la situation en France s'est... :
- En matière d'emploi"
1st round vote,Blank/Null/NA,96.61228,0.395,0.42302055183875176,0.03716476,0.35664628000000004,0.27039523,0.15262521,0.14182452,0.04134357,"q8v13b_i5. Par rapport à il y a cinq ans, avez-vous le sentiment que la situation en France s'est... :
- En matière d'emploi"
1st round vote,Blank,63.86856,0.415235132904202,0.40293753295831314,0.0457901,0.3694450000000001,0.26070057,0.14223709,0.14481732,0.03700959,"q8v13b_i5. Par rapport à il y a cinq ans, avez-vous le sentiment que la situation en France s'est... :
- En matière d'emploi"
1st round vote,Null,19.09123,0.3383204748986839,0.5505114128319653,0.02636486,0.31195565,0.33317015,0.21734105,0.0940723,0.01709632,"q8v13b_i5. Par rapport à il y a cinq ans, avez-vous le sentiment que la situation en France s'est... :
- En matière d'emploi"
2nd round vote,Macron,2287.563,0.775,0.14488798778438014,0.185,0.585,0.11999048999999998,0.02424006,0.07337927,0.01239018,"q8v13b_i5. Par rapport à il y a cinq ans, avez-vous le sentiment que la situation en France s'est... :
- En matière d'emploi"
2nd round vote,Le Pen,1619.66,0.3301350900806342,0.5308575256535322,0.02960095,0.30053419,0.31153717,0.21932134000000003,0.1253455,0.01366054,"q8v13b_i5. Par rapport à il y a cinq ans, avez-vous le sentiment que la situation en France s'est... :
- En matière d'emploi"
2nd round vote,Blank/Null/NA,370.4173,0.4022012470799825,0.4228004469553662,0.02946228,0.3727388,0.28007493,0.14272589,0.14558675,0.029411770000000004,"q8v13b_i5. Par rapport à il y a cinq ans, avez-vous le sentiment que la situation en France s'est... :
- En matière d'emploi"
