Indicator,Category,BASE,st au moins un,Une association sportive ou culturelle,"Une organisation de défense de l'environnement, ou pour la protection des animaux","Une association de riverains, de quartier","Un club, une association de jeunesse, une association de femmes, une association de personnes âgées",Un syndicat de salariés ou une organisation professionnelle,"Une organisation humanitaire, de défense des droits de l'homme, des minorités, des immigrés",Un parti politique,Une association de défense des consommateurs,Une organisation de parents d'élèves,Une organisation religieuse ou paroissiale,Aucun,No rep.,Nombre moyen,Question
Total,Total,5979.002,0.3282949227981526,0.11384614020868364,0.05672376426701312,0.05251291101759123,0.05000112058835236,0.04797069811985344,0.04723064150170882,0.039651885047036275,0.034359028480003856,0.02761427408788289,0.024960821220665255,0.6557410417323828,0.015962881430713685,1.507398,"q11v13b. Au cours des douze derniers mois, avez-vous adhéré ou participé à l'activité d'une association, d'un club ou d'une organisation ? Indiquez tous les types d'associations,
clubs ou organisations qui vous concernent."
Gender,Man,2929.637,0.3613341857711382,0.13260345906335835,0.0559764571515174,0.06076544636758752,0.047863472505296725,0.060048326806358604,0.04772857524669439,0.04721834138495657,0.04535353697403467,0.027131381806005318,0.022244144923074086,0.6171293576644478,0.02153857628095221,1.513648,"q11v13b. Au cours des douze derniers mois, avez-vous adhéré ou participé à l'activité d'une association, d'un club ou d'une organisation ? Indiquez tous les types d'associations,
clubs ou organisations qui vous concernent."
Gender,Woman,3049.36,0.2965545229162841,0.09582541910433665,0.05744182385812104,0.04458440459637432,0.05205495579400267,0.036367303302988166,0.04675226932864601,0.032382572080698904,0.023796265445864048,0.02807825904452082,0.027570854212031374,0.6928388251961067,0.010606120628590917,1.500076,"q11v13b. Au cours des douze derniers mois, avez-vous adhéré ou participé à l'activité d'une association, d'un club ou d'une organisation ? Indiquez tous les types d'associations,
clubs ou organisations qui vous concernent."
Age,18-24,478.2759,0.3232034062347695,0.09010163380592667,0.06553131780213053,0.05663722550101312,0.05117886976952007,0.0563184764275181,0.04926250726829431,0.05335560499703205,0.035331176001132406,0.021339670261453694,0.036252903397390505,0.6554860907689474,0.02131067026375362,1.594381,"q11v13b. Au cours des douze derniers mois, avez-vous adhéré ou participé à l'activité d'une association, d'un club ou d'une organisation ? Indiquez tous les types d'associations,
clubs ou organisations qui vous concernent."
Age,25-34,836.9062,0.3352869174586113,0.07937752163862569,0.06978431991542182,0.053371273865577766,0.04673514188328393,0.04843192701882242,0.05121996945416344,0.041538036162236586,0.046367048063450836,0.058298265683776745,0.03110989021230814,0.6483357394173922,0.016377223636292813,1.569502,"q11v13b. Au cours des douze derniers mois, avez-vous adhéré ou participé à l'activité d'une association, d'un club ou d'une organisation ? Indiquez tous les types d'associations,
clubs ou organisations qui vous concernent."
Age,35-49,1494.556,0.31080093352139365,0.08412244171513145,0.06385166564518158,0.04328217209659591,0.04012158794986605,0.058339948452918455,0.03296320780218339,0.02583304339215125,0.03355481494169506,0.04592300991063567,0.026295582099299056,0.67904983152187,0.010148713062608561,1.461667,"q11v13b. Au cours des douze derniers mois, avez-vous adhéré ou participé à l'activité d'une association, d'un club ou d'une organisation ? Indiquez tous les types d'associations,
clubs ou organisations qui vous concernent."
Age,50-64,1554.412,0.3080447783470534,0.11644563989469973,0.05685208940744153,0.04642359940607767,0.04774139031350761,0.0465702850981593,0.03867549915981091,0.037492743236670845,0.023891445768560716,0.01654809021031747,0.013128250425241184,0.6770688852119,0.014887417235584902,1.4406,"q11v13b. Au cours des douze derniers mois, avez-vous adhéré ou participé à l'activité d'une association, d'un club ou d'une organisation ? Indiquez tous les types d'associations,
clubs ou organisations qui vous concernent."
Age,65+,1614.848,0.3618655130389981,0.1637496532181357,0.04062613942612556,0.06525115676521877,0.06266385443088142,0.037010505013474956,0.0660010106214331,0.04948357987872543,0.03866809755469246,0.0072776756697844015,0.02858403391526633,0.6175547791494927,0.020580587151236528,1.545646,"q11v13b. Au cours des douze derniers mois, avez-vous adhéré ou participé à l'activité d'une association, d'un club ou d'une organisation ? Indiquez tous les types d'associations,
clubs ou organisations qui vous concernent."
Socio-Professional Category,Total-CSP+,1734.019,0.3700071337165279,0.11206342029700943,0.0727610251098748,0.05248349643227669,0.04520558886609662,0.0679486210935405,0.057285646812405173,0.041670592998115936,0.036244977707856715,0.051232068391407475,0.03454473682237622,0.6155566922853786,0.014436375841325844,1.544403,"q11v13b. Au cours des douze derniers mois, avez-vous adhéré ou participé à l'activité d'une association, d'un club ou d'une organisation ? Indiquez tous les types d'associations,
clubs ou organisations qui vous concernent."
Socio-Professional Category,Small Business owners,212.9949,0.33569249780159055,0.08154979297626375,0.041477908625981184,0.06799571257339965,0.06336236219740472,0.03056423886205726,0.037800351088218546,0.07636229787661582,0.05662619151913966,0.05030571154520601,0.04117456333461505,0.6546677878202718,0.009639690903397218,1.630121,"q11v13b. Au cours des douze derniers mois, avez-vous adhéré ou participé à l'activité d'une association, d'un club ou d'une organisation ? Indiquez tous les types d'associations,
clubs ou organisations qui vous concernent."
Socio-Professional Category,Cadres/Prof Lib,597.9521,0.3917631529348254,0.12063894415622924,0.0754985223732804,0.06363210364174655,0.04823637211074265,0.06958077411217387,0.0739110540794154,0.04500342084257251,0.02243040872337433,0.041478623454955676,0.041372578171395336,0.5968866068034547,0.011350292105337535,1.536088,"q11v13b. Au cours des douze derniers mois, avez-vous adhéré ou participé à l'activité d'une association, d'un club ou d'une organisation ? Indiquez tous les types d'associations,
clubs ou organisations qui vous concernent."
Socio-Professional Category,Prof Intermed,896.9079,0.36105234439344325,0.11416378426369084,0.0757211749389207,0.04188155773853703,0.03874960851610293,0.07611139337717952,0.05250020654294605,0.032425770806567764,0.038435328755605784,0.05378485349499095,0.02887877339468188,0.6208926245381493,0.018054038770312985,1.530671,"q11v13b. Au cours des douze derniers mois, avez-vous adhéré ou participé à l'activité d'une association, d'un club ou d'une organisation ? Indiquez tous les types d'associations,
clubs ou organisations qui vous concernent."
Socio-Professional Category,Total-CSP-,1674.09,0.29823551899838124,0.08605594681289537,0.05040693750037334,0.046342377052607686,0.04685944602739399,0.051884594018242754,0.026237173628657958,0.031057177332162553,0.03331811312414506,0.028791510611735332,0.014801306978716795,0.6885245118243345,0.01324032758095443,1.394048,"q11v13b. Au cours des douze derniers mois, avez-vous adhéré ou participé à l'activité d'une association, d'un club ou d'une organisation ? Indiquez tous les types d'associations,
clubs ou organisations qui vous concernent."
Socio-Professional Category,Salaried,956.6466,0.26305043053516314,0.09291489668180496,0.04575326980726216,0.030989332946983764,0.03567511764532483,0.043347971967913755,0.026173981070961836,0.030667280895578367,0.029127307827153726,0.0232498814086623,0.010629149782166163,0.7262803212806066,0.010668694165640686,1.400979,"q11v13b. Au cours des douze derniers mois, avez-vous adhéré ou participé à l'activité d'une association, d'un club ou d'une organisation ? Indiquez tous les types d'associations,
clubs ou organisations qui vous concernent."
Socio-Professional Category,Blue collar,717.4432,0.34515164406046356,0.07691019999910793,0.056612244704528525,0.0668143066935473,0.061772792605742165,0.06326743357522938,0.02632145652784778,0.03157709209593177,0.038906174035798234,0.03618078755224107,0.020364511086034404,0.6381794405466523,0.01666937535961035,1.387005,"q11v13b. Au cours des douze derniers mois, avez-vous adhéré ou participé à l'activité d'une association, d'un club ou d'une organisation ? Indiquez tous les types d'associations,
clubs ou organisations qui vous concernent."
Political similarity,Far left,187.3446,0.579027631434266,0.1036563103500181,0.1714319494663844,0.03732141732401147,0.12943191316963498,0.07359048512740693,0.16211350634072183,0.03151627001792419,0.06617340451766424,0.07875257680232042,0.06730767793680736,0.41755545662912086,0.00341730052534207,1.591108,"q11v13b. Au cours des douze derniers mois, avez-vous adhéré ou participé à l'activité d'une association, d'un club ou d'une organisation ? Indiquez tous les types d'associations,
clubs ou organisations qui vous concernent."
Political similarity,Radical left,828.7407,0.4801323260701447,0.10988250003891446,0.1268113174603347,0.05316177907034131,0.07178940288560705,0.09735324933359735,0.09204667998084323,0.0591225940755655,0.06669930655028769,0.045860412068575857,0.03753047243848408,0.5080020807473316,0.011866253220096467,1.583434,"q11v13b. Au cours des douze derniers mois, avez-vous adhéré ou participé à l'activité d'une association, d'un club ou d'une organisation ? Indiquez tous les types d'associations,
clubs ou organisations qui vous concernent."
Political similarity,Left,1430.296,0.4346263290955159,0.1372287274801859,0.0969882457896827,0.0709852366223495,0.05688098127939951,0.07619296984680093,0.07605250941063948,0.047705111389530555,0.0492956423006147,0.03200546600144306,0.0286808324990072,0.553332876551427,0.012041626348671883,1.546192,"q11v13b. Au cours des douze derniers mois, avez-vous adhéré ou participé à l'activité d'une association, d'un club ou d'une organisation ? Indiquez tous les types d'associations,
clubs ou organisations qui vous concernent."
Political similarity,PC/LFI,641.3963,0.4512461328510938,0.11170108090738909,0.11377811190990657,0.0577885778262207,0.054952655635837,0.1042940690490419,0.07158089312333109,0.06718607513014964,0.06685289578377673,0.036252968718403895,0.028832876023762534,0.5344202952215347,0.014334092666265771,1.580557,"q11v13b. Au cours des douze derniers mois, avez-vous adhéré ou participé à l'activité d'une association, d'un club ou d'une organisation ? Indiquez tous les types d'associations,
clubs ou organisations qui vous concernent."
Political similarity,PS,449.3176,0.4038615447069066,0.1770535585519018,0.043638286147704874,0.07382486241358006,0.07072064392759152,0.06316781270086015,0.07408194114808768,0.04899000172706344,0.04094849611944869,0.024678623761900265,0.03902558012417052,0.5842551015139402,0.011883384937514131,1.62464,"q11v13b. Au cours des douze derniers mois, avez-vous adhéré ou participé à l'activité d'une association, d'un club ou d'une organisation ? Indiquez tous les types d'associations,
clubs ou organisations qui vous concernent."
Political similarity,EELV,339.583,0.44394154006531533,0.1327504910434268,0.13586539962247815,0.09215328800322749,0.04221109419493908,0.04035016476089792,0.08710556771098671,0.00920969542055992,0.027178259806880788,0.03367727477523904,0.014706010018169341,0.5481372742451771,0.007921003112641092,1.385784,"q11v13b. Au cours des douze derniers mois, avez-vous adhéré ou participé à l'activité d'une association, d'un club ou d'une organisation ? Indiquez tous les types d'associations,
clubs ou organisations qui vous concernent."
Political similarity,EM,672.9198,0.34292719578172615,0.1631846766880689,0.04838977839558296,0.05373888537683094,0.060776083568948334,0.03366279309956402,0.050930512075881854,0.035332457151654624,0.029829513115827475,0.021805510849881367,0.014092287074923342,0.6460645087274888,0.011008140940421131,1.492277,"q11v13b. Au cours des douze derniers mois, avez-vous adhéré ou participé à l'activité d'une association, d'un club ou d'une organisation ? Indiquez tous les types d'associations,
clubs ou organisations qui vous concernent."
Political similarity,MoDem,161.1257,0.41792197023814326,0.17909563775362963,0.025747084419183285,0.06915023487873133,0.06381756603695128,0.13494849052634064,0.07022430313724005,0.05328082981175567,0.07232974007250241,0.03701516890229182,0.05978729650204778,0.5772311307258867,0.004846714707833697,1.831434,"q11v13b. Au cours des douze derniers mois, avez-vous adhéré ou participé à l'activité d'une association, d'un club ou d'une organisation ? Indiquez tous les types d'associations,
clubs ou organisations qui vous concernent."
Political similarity,Right,573.0042,0.38246560845452793,0.1437440772685436,0.034717913062417345,0.07424664601062261,0.07495866522444339,0.02548628788410277,0.03844673389828556,0.07368581242510962,0.012997906472587811,0.02727623986002197,0.037256428486911616,0.5967382088996904,0.02079623500141884,1.419257,"q11v13b. Au cours des douze derniers mois, avez-vous adhéré ou participé à l'activité d'une association, d'un club ou d'une organisation ? Indiquez tous les types d'associations,
clubs ou organisations qui vous concernent."
Political similarity,UDI/PR,89.32552,0.41241719051845427,0.16285021346643155,0.06654283120881915,0.0509448363692705,0.0779656362481853,0.026367537518953155,0.06814219497406789,0.023467156978207348,0.037140875306407396,0.007371501447738564,0.06544471277637119,0.5628600874643662,0.02472296830737733,1.421467,"q11v13b. Au cours des douze derniers mois, avez-vous adhéré ou participé à l'activité d'une association, d'un club ou d'une organisation ? Indiquez tous les types d'associations,
clubs ou organisations qui vous concernent."
Political similarity,LR,397.5368,0.38242069664997047,0.15372176865135503,0.02182296079256059,0.07629552786056536,0.07680290227219215,0.015183210711561798,0.036931398552284965,0.07849155097087866,0.00869128342332081,0.03119628170272538,0.03373931671231443,0.5931596772927687,0.024420234805934943,1.39343,"q11v13b. Au cours des douze derniers mois, avez-vous adhéré ou participé à l'activité d'une association, d'un club ou d'une organisation ? Indiquez tous les types d'associations,
clubs ou organisations qui vous concernent."
Political similarity,Radical right,1008.8,0.31652418715305314,0.08069795796986519,0.05730203211736717,0.060307503965107055,0.03590564036478985,0.05009318001586043,0.01266524583663759,0.06558848136399684,0.039119746233148296,0.026864204996034893,0.02250156621728787,0.6755083267248216,0.007967425654242665,1.424996,"q11v13b. Au cours des douze derniers mois, avez-vous adhéré ou participé à l'activité d'une association, d'un club ou d'une organisation ? Indiquez tous les types d'associations,
clubs ou organisations qui vous concernent."
Political similarity,Debout la France,86.14185,0.3516143430864324,0.0778856386297717,0.06122579210917806,0.08895421911649215,0.06332949663839353,0.07212024120680018,0.014646864445098405,0.10358230058908648,0.007837316008420993,0.029825920850318394,0.024257500854694903,0.6483855408259748,0,1.546198,"q11v13b. Au cours des douze derniers mois, avez-vous adhéré ou participé à l'activité d'une association, d'un club ou d'une organisation ? Indiquez tous les types d'associations,
clubs ou organisations qui vous concernent."
Political similarity,Reconquete,205.4045,0.3584809972517642,0.10160843603718517,0.042060320002726324,0.04595793665669447,0.03624601700546969,0.013602545221745383,0.002706225520862493,0.16039371094596272,0.025705649097269048,0.016510831067479047,0.037291067138256466,0.6341925322960305,0.007326645716135722,1.344793,"q11v13b. Au cours des douze derniers mois, avez-vous adhéré ou participé à l'activité d'une association, d'un club ou d'une organisation ? Indiquez tous les types d'associations,
clubs ou organisations qui vous concernent."
Political similarity,RN,717.2537,0.3002945819589359,0.07504743440152348,0.06119565503809879,0.060976429957768086,0.03251457608374833,0.05789778428469592,0.015279293784054373,0.03387546136046423,0.046718225364330644,0.029473462458262677,0.01805531292484096,0.6905981802533747,0.009107813595105888,1.435369,"q11v13b. Au cours des douze derniers mois, avez-vous adhéré ou participé à l'activité d'une association, d'un club ou d'une organisation ? Indiquez tous les types d'associations,
clubs ou organisations qui vous concernent."
Political similarity,No preference,1860.95,0.19665654638759775,0.08058303554636073,0.027242268733711276,0.027218318600714688,0.030788500497057954,0.028931320024718557,0.026792869233456033,0.0035446411778930114,0.02196877401327279,0.01921602944732529,0.014952932641930197,0.7847878771595153,0.018556253526424676,1.430102,"q11v13b. Au cours des douze derniers mois, avez-vous adhéré ou participé à l'activité d'une association, d'un club ou d'une organisation ? Indiquez tous les types d'associations,
clubs ou organisations qui vous concernent."
Politics,Total-left,1649.278,0.4163572181281749,0.1352828934843004,0.09205052150092344,0.06394883094299444,0.06359976911108982,0.08028270552326533,0.08760463669557224,0.04677395805922349,0.04949859271754064,0.034678368352697365,0.021851901256186038,0.5748830700464083,0.008759869470156032,1.622578,"q11v13b. Au cours des douze derniers mois, avez-vous adhéré ou participé à l'activité d'une association, d'un club ou d'une organisation ? Indiquez tous les types d'associations,
clubs ou organisations qui vous concernent."
Politics,Very Left,217.9165,0.5148036059683411,0.13712715650260535,0.20036775553939237,0.060775159292664846,0.09043899842370816,0.12613647888067217,0.1490993109746164,0.06241716437259225,0.06348794148217321,0.032150979847785734,0.020283906909297825,0.4787714560393545,0.00642559879586906,1.830378,"q11v13b. Au cours des douze derniers mois, avez-vous adhéré ou participé à l'activité d'une association, d'un club ou d'une organisation ? Indiquez tous les types d'associations,
clubs ou organisations qui vous concernent."
Politics,Left,1431.362,0.4013691854331748,0.13500211686491606,0.07555985138630199,0.06443193964908947,0.05951363107306188,0.07330172241543369,0.07824240129331364,0.04439236196014704,0.04736877184108562,0.035063142657133554,0.02209061020203135,0.5895151610843379,0.009115248274021525,1.582001,"q11v13b. Au cours des douze derniers mois, avez-vous adhéré ou participé à l'activité d'une association, d'un club ou d'une organisation ? Indiquez tous les types d'associations,
clubs ou organisations qui vous concernent."
Politics,Center,776.1196,0.38868133210396955,0.14738115104940014,0.052623603372469914,0.05806512295269956,0.06746913748860356,0.055497748027494735,0.056280153213499565,0.047469036988629074,0.04091522749844225,0.028509433339913074,0.033746036049083154,0.5870590048234834,0.024258993072717144,1.512697,"q11v13b. Au cours des douze derniers mois, avez-vous adhéré ou participé à l'activité d'une association, d'un club ou d'une organisation ? Indiquez tous les types d'associations,
clubs ou organisations qui vous concernent."
Politics,Total-right,1622.94,0.3422737131378855,0.12353592862336253,0.04279258629400963,0.05537337794373175,0.050227968994540774,0.02532894623337893,0.029882115173697116,0.05844697277779831,0.031129487226884543,0.029730901943386692,0.03264300590286764,0.6457010117441186,0.012024640467300085,1.399732,"q11v13b. Au cours des douze derniers mois, avez-vous adhéré ou participé à l'activité d'une association, d'un club ou d'une organisation ? Indiquez tous les types d'associations,
clubs ou organisations qui vous concernent."
Politics,Right,1193.119,0.36297695368190436,0.1410558376825782,0.040512027718945055,0.06060633516019777,0.057258244986459865,0.024875817081112615,0.031048571014291117,0.05802634942532974,0.03228108009343578,0.03162831201246481,0.03710334006918003,0.6250078156495706,0.012014518250065585,1.417158,"q11v13b. Au cours des douze derniers mois, avez-vous adhéré ou participé à l'activité d'une association, d'un club ou d'une organisation ? Indiquez tous les types d'associations,
clubs ou organisations qui vous concernent."
Politics,Very Right,429.8207,0.28480526880161894,0.074903721482004,0.04912308783639317,0.04084747430731,0.030712992650191114,0.02658678374494295,0.02664422630180445,0.05961457882321629,0.027932833388433827,0.02446401487876224,0.020261813821437637,0.7031415657738216,0.012052746645287209,1.338077,"q11v13b. Au cours des douze derniers mois, avez-vous adhéré ou participé à l'activité d'une association, d'un club ou d'une organisation ? Indiquez tous les types d'associations,
clubs ou organisations qui vous concernent."
Politics,Both left and Right,200.4265,0.38536301337397993,0.11279346792964004,0.07151220023300313,0.10101897703148037,0.08980598872903534,0.07531968078073507,0.06701514021349472,0.030057801737794154,0.032496276689958664,0.07211007526449845,0.030929378101199195,0.6065210937675407,0.008116366847697285,1.772508,"q11v13b. Au cours des douze derniers mois, avez-vous adhéré ou participé à l'activité d'une association, d'un club ou d'une organisation ? Indiquez tous les types d'associations,
clubs ou organisations qui vous concernent."
Politics,Neither left nor right,1673.316,0.19621996084421592,0.06853804063309023,0.03747625075000777,0.030771623530761676,0.024573409923768132,0.03244453528203878,0.018723719847297222,0.012821881820289772,0.019272617963373328,0.013232975720067219,0.0156376261268045,0.7833499470512443,0.020430504459408742,1.393807,"q11v13b. Au cours des douze derniers mois, avez-vous adhéré ou participé à l'activité d'une association, d'un club ou d'une organisation ? Indiquez tous les types d'associations,
clubs ou organisations qui vous concernent."
Loss of job risk,High risk,556.2398,0.3759846023243932,0.07593888463213168,0.11819141672350666,0.04808194235651603,0.05534091591432329,0.04464394672945015,0.04949361768071972,0.046350494876490324,0.05194477274010239,0.052427082707853706,0.030244060205688268,0.617931331055419,0.00608404864233016,1.523088,"q11v13b. Au cours des douze derniers mois, avez-vous adhéré ou participé à l'activité d'une association, d'un club ou d'une organisation ? Indiquez tous les types d'associations,
clubs ou organisations qui vous concernent."
Loss of job risk,Low risk,1874.312,0.34942176115822765,0.0954228538258305,0.059714071083149446,0.05351195532013881,0.05347748934008853,0.057179647785427404,0.047003668546111856,0.036385895197811255,0.040994567606673804,0.04369015404052261,0.029128314816316603,0.6330690941529479,0.017509907635441697,1.478181,"q11v13b. Au cours des douze derniers mois, avez-vous adhéré ou participé à l'activité d'une association, d'un club ou d'une organisation ? Indiquez tous les types d'associations,
clubs ou organisations qui vous concernent."
Loss of job risk,Zero risk,3478.817,0.31000193456568714,0.13011446132406507,0.04475527169149743,0.0534307208456208,0.04693328220484148,0.0436139641723034,0.045953581346762425,0.04073591683609686,0.028476484966009998,0.015421196343469633,0.02179041898438463,0.6751651495321541,0.01483404847107508,1.520071,"q11v13b. Au cours des douze derniers mois, avez-vous adhéré ou participé à l'activité d'une association, d'un club ou d'une organisation ? Indiquez tous les types d'associations,
clubs ou organisations qui vous concernent."
1st round vote,Arthaud,24.07418,0.5021093137959425,0.1804398322185844,0.18264534866815818,0.03403162226086205,0.10148353962627181,0.09547299222652651,0.07590360294722397,0.060532819809439,0.016111377417631672,0.060006322126028806,0.016111377417631672,0.4551299358898206,0.042760667237679545,1.638565,"q11v13b. Au cours des douze derniers mois, avez-vous adhéré ou participé à l'activité d'une association, d'un club ou d'une organisation ? Indiquez tous les types d'associations,
clubs ou organisations qui vous concernent."
1st round vote,Poutou,32.85668,0.5203705913074602,0.17076369249723344,0.10524794349276921,0.034972523091194856,0.07411652668498461,0.13436744065438141,0.013325232494579491,0,0.061681368902761935,0.05120958660461131,0.07871513494364007,0.4796297130446534,0,1.392084,"q11v13b. Au cours des douze derniers mois, avez-vous adhéré ou participé à l'activité d'une association, d'un club ou d'une organisation ? Indiquez tous les types d'associations,
clubs ou organisations qui vous concernent."
1st round vote,Roussel,98.04205,0.5167271594178212,0.21396737420321177,0.047936298761602804,0.04759237490444151,0.09228164853754078,0.16564545518989046,0.1393833564271657,0.1131950015325057,0.07576356267540306,0.024825633490935774,0.006169370183507995,0.46024415034161364,0.023028425048231854,1.793519,"q11v13b. Au cours des douze derniers mois, avez-vous adhéré ou participé à l'activité d'une association, d'un club ou d'une organisation ? Indiquez tous les types d'associations,
clubs ou organisations qui vous concernent."
1st round vote,Melenchon,942.3053,0.41388921403710666,0.13559925854179106,0.10521096506620518,0.05789222452638226,0.061386665234717454,0.07557684330121034,0.07086940930927588,0.034065870159066286,0.05422625766829498,0.03779483146279661,0.020055654998438404,0.5712854422022247,0.014824908657523204,1.576939,"q11v13b. Au cours des douze derniers mois, avez-vous adhéré ou participé à l'activité d'une association, d'un club ou d'une organisation ? Indiquez tous les types d'associations,
clubs ou organisations qui vous concernent."
1st round vote,Hidalgo,75.31895,0.5552468535474805,0.24449557515074227,0.033260766380837754,0.11874784499783919,0.0268125485020702,0.10570673117455832,0.12623638539836257,0.15989893645623046,0.06874174427551101,0.039001499622604935,0.05101512965860517,0.4392889173308974,0.005464416325506397,1.754025,"q11v13b. Au cours des douze derniers mois, avez-vous adhéré ou participé à l'activité d'une association, d'un club ou d'une organisation ? Indiquez tous les types d'associations,
clubs ou organisations qui vous concernent."
1st round vote,Jadot,198.8808,0.4615673810644366,0.1797023644313579,0.07583753685624757,0.10529276833158355,0.03489469068909618,0.05540534832925049,0.111161459527516,0.038211305465384295,0.031131778432106065,0.052353570580971114,0.02159030434310401,0.5384330714679346,0,1.528663,"q11v13b. Au cours des douze derniers mois, avez-vous adhéré ou participé à l'activité d'une association, d'un club ou d'une organisation ? Indiquez tous les types d'associations,
clubs ou organisations qui vous concernent."
1st round vote,Macron,1195.294,0.3395192312518928,0.15048373036257187,0.04433875682468079,0.0595313119617433,0.07066368608894548,0.03552732633142976,0.0629974633855771,0.035312902097726584,0.026142865269967053,0.02725869116719401,0.025292907017018404,0.6447692366898855,0.015712034026775002,1.583269,"q11v13b. Au cours des douze derniers mois, avez-vous adhéré ou participé à l'activité d'une association, d'un club ou d'une organisation ? Indiquez tous les types d'associations,
clubs ou organisations qui vous concernent."
1st round vote,Pecresse,205.1207,0.3669045103687731,0.1633084325472758,0.031378373806251636,0.06153611020243203,0.04562409839670009,0.028181841228115935,0.04535434990227705,0.06804968976802439,0.016097253958279198,0.01471264967406995,0.05949380047942504,0.6150544533048102,0.018040880320708733,1.454702,"q11v13b. Au cours des douze derniers mois, avez-vous adhéré ou participé à l'activité d'une association, d'un club ou d'une organisation ? Indiquez tous les types d'associations,
clubs ou organisations qui vous concernent."
1st round vote,Dupont-Aignan,88.56025,0.34084355001256206,0.15686349123901527,0.0635670179341183,0.053012553600514906,0.02933334086116514,0.027328660431739975,0.047981571867739756,0.02978337346608665,0.012612385353474049,0.017056986627747777,0.004100006492754933,0.6483880747852451,0.010768358264571296,1.295725,"q11v13b. Au cours des douze derniers mois, avez-vous adhéré ou participé à l'activité d'une association, d'un club ou d'une organisation ? Indiquez tous les types d'associations,
clubs ou organisations qui vous concernent."
1st round vote,Zemmour,303.4525,0.40909796426129297,0.14221629414817805,0.04423219449501982,0.07401019928983944,0.02951631968759526,0.027748270322373356,0.0251576539985665,0.13160754978126724,0.024107321574216724,0.017836452163023868,0.056114284772740386,0.5865982320132476,0.004304064062744581,1.399534,"q11v13b. Au cours des douze derniers mois, avez-vous adhéré ou participé à l'activité d'une association, d'un club ou d'une organisation ? Indiquez tous les types d'associations,
clubs ou organisations qui vous concernent."
1st round vote,Le Pen,993.0248,0.2924701377045165,0.09617793029942454,0.04823021539844725,0.050103945037425046,0.04320603070537614,0.04503075854701715,0.018640289749057626,0.035876042572149255,0.02916557572378857,0.02822919427591335,0.021262318926979468,0.6978356431782973,0.00969382033560491,1.422101,"q11v13b. Au cours des douze derniers mois, avez-vous adhéré ou participé à l'activité d'une association, d'un club ou d'une organisation ? Indiquez tous les types d'associations,
clubs ou organisations qui vous concernent."
1st round vote,Lassalle,134.5409,0.419686652906291,0.2188502529714013,0.009940427037428767,0.11186724631691924,0.042440588698306615,0.08405116956999693,0.046050546711074475,0.007940068782058097,0.025933913033137135,0.01150919162871662,0.029789417195811838,0.5620556276938835,0.018257325467571573,1.401934,"q11v13b. Au cours des douze derniers mois, avez-vous adhéré ou participé à l'activité d'une association, d'un club ou d'une organisation ? Indiquez tous les types d'associations,
clubs ou organisations qui vous concernent."
1st round vote,Blank/Null/NA,96.61228,0.2715046161833672,0.11166261680192206,0.04476061428215958,0.04719245835001513,0.044926897491706023,0.022791129657637726,0.044514486150207824,0.02438717935235562,0.01810742899349855,0.020355062524142896,0.009214944518440099,0.7089208535395294,0.01957440606929057,1.428752,"q11v13b. Au cours des douze derniers mois, avez-vous adhéré ou participé à l'activité d'une association, d'un club ou d'une organisation ? Indiquez tous les types d'associations,
clubs ou organisations qui vous concernent."
1st round vote,Blank,63.86856,0.2615366621699315,0.11847077811054452,0.04581059914298992,0.045812431030228334,0.03936529960907213,0.023157763381544846,0.0472912024319947,0.014937232027777046,0.010051865894580994,0.01660319255671335,0.00180677942324048,0.7284670266559947,0.00999629551691787,1.389126,"q11v13b. Au cours des douze derniers mois, avez-vous adhéré ou participé à l'activité d'une association, d'un club ou d'une organisation ? Indiquez tous les types d'associations,
clubs ou organisations qui vous concernent."
1st round vote,Null,19.09123,0.2932247948403534,0.040897034921270135,0.03921523128682646,0.0316135157347117,0.07138078583726663,0.02151218648562717,0.050707544773175954,0.07344110358525878,0.04165507932176188,0.02466501634520144,0.021301372410263773,0.6949237948524009,0.011851672207605272,1.420033,"q11v13b. Au cours des douze derniers mois, avez-vous adhéré ou participé à l'activité d'une association, d'un club ou d'une organisation ? Indiquez tous les types d'associations,
clubs ou organisations qui vous concernent."
2nd round vote,Macron,2287.563,0.37697873238900964,0.1500985983773999,0.057943103643484345,0.07092189373582279,0.06896981635041308,0.04858318656141929,0.06965858426631309,0.03877484467094458,0.02921035617379718,0.02604909241843831,0.02675126761536185,0.6100798098238168,0.01294339434586064,1.557012,"q11v13b. Au cours des douze derniers mois, avez-vous adhéré ou participé à l'activité d'une association, d'un club ou d'une organisation ? Indiquez tous les types d'associations,
clubs ou organisations qui vous concernent."
2nd round vote,Le Pen,1619.66,0.32190694343257226,0.10757405875307162,0.052279601891755054,0.053132459898991145,0.040780490967240034,0.04692423101144685,0.02145784917822259,0.05592105750589629,0.03448721336576812,0.03181559710062606,0.02505628959164269,0.6702165886667572,0.007875850487139275,1.458275,"q11v13b. Au cours des douze derniers mois, avez-vous adhéré ou participé à l'activité d'une association, d'un club ou d'une organisation ? Indiquez tous les types d'associations,
clubs ou organisations qui vous concernent."
2nd round vote,Blank/Null/NA,370.4173,0.40239184292958236,0.1641433323983518,0.058131626141651585,0.07382722135278239,0.04947074556182986,0.08403233326305223,0.05614270715757606,0.038671168976179025,0.039815014039571044,0.03909083080082922,0.03143038945535211,0.5787008328174738,0.018907548324551795,1.577456,"q11v13b. Au cours des douze derniers mois, avez-vous adhéré ou participé à l'activité d'une association, d'un club ou d'une organisation ? Indiquez tous les types d'associations,
clubs ou organisations qui vous concernent."
