Indicator,Category,BASE,ST Improbable,ST probable,Tout à fait improbable,Plutôt improbable,Plutôt probable,Tout à fait probable,No rep.,Question
Total,Total,2045.387,0.5062347614412334,0.44931242840596913,0.19125789,0.315,0.33096309000000007,0.11832548,0.04445354,"comp2v13b_i10_groupe3. Voici des idées qui circulent souvent. Pour chacune d'elle, vous trouvez que cette idée est :
- Les experts dissimulent les incidents qui surviennent dans les centrales nucléaires en France"
Gender,Man,988.965,0.575,0.403836435060897,0.22573377,0.34718804000000014,0.30821566,0.09499990000000001,0.02386263,"comp2v13b_i10_groupe3. Voici des idées qui circulent souvent. Pour chacune d'elle, vous trouvez que cette idée est :
- Les experts dissimulent les incidents qui surviennent dans les centrales nucléaires en France"
Gender,Woman,1056.424,0.445,0.4918837512211006,0.15898276,0.28540321,0.35230372,0.13958023,0.06372951,"comp2v13b_i10_groupe3. Voici des idées qui circulent souvent. Pour chacune d'elle, vous trouvez que cette idée est :
- Les experts dissimulent les incidents qui surviennent dans les centrales nucléaires en France"
Age,18-24,172.1535,0.5049999,0.43545667093611223,0.17497065,0.33345966999999993,0.30759061,0.12786606,0.05611312,"comp2v13b_i10_groupe3. Voici des idées qui circulent souvent. Pour chacune d'elle, vous trouvez que cette idée est :
- Les experts dissimulent les incidents qui surviennent dans les centrales nucléaires en France"
Age,25-34,293.5343,0.495,0.4722391897641946,0.135,0.35834044000000015,0.29748104,0.17475800999999996,0.03442051,"comp2v13b_i10_groupe3. Voici des idées qui circulent souvent. Pour chacune d'elle, vous trouvez que cette idée est :
- Les experts dissimulent les incidents qui surviennent dans les centrales nucléaires en France"
Age,35-49,510.9997,0.4880605605052214,0.46744821963691957,0.20785433,0.28020623,0.35171448999999994,0.11573367,0.044491449999999995,"comp2v13b_i10_groupe3. Voici des idées qui circulent souvent. Pour chacune d'elle, vous trouvez que cette idée est :
- Les experts dissimulent les incidents qui surviennent dans les centrales nucléaires en France"
Age,50-64,498.25,0.48606522829904664,0.46001284495735073,0.14945646,0.33660853,0.3622627199999999,0.09775005,0.05392128000000001,"comp2v13b_i10_groupe3. Voici des idées qui circulent souvent. Pour chacune d'elle, vous trouvez que cette idée est :
- Les experts dissimulent les incidents qui surviennent dans les centrales nucléaires en France"
Age,65+,570.4509,0.5461020396321576,0.4149999,0.24678268,0.29931936,0.31110408000000006,0.10499990000000001,0.03779398,"comp2v13b_i10_groupe3. Voici des idées qui circulent souvent. Pour chacune d'elle, vous trouvez que cette idée est :
- Les experts dissimulent les incidents qui surviennent dans les centrales nucléaires en France"
Socio-Professional Category,Total-CSP+,622.673,0.5482860185040944,0.42406576164375204,0.19102033,0.3575609299999999,0.27877088,0.14499990000000001,0.02764796,"comp2v13b_i10_groupe3. Voici des idées qui circulent souvent. Pour chacune d'elle, vous trouvez que cette idée est :
- Les experts dissimulent les incidents qui surviennent dans les centrales nucléaires en France"
Socio-Professional Category,Small Business owners,83.97375,0.35874448860507,0.5904203396894864,0.11913759000000002,0.2396069,0.33137034,0.25905,0.05083502,"comp2v13b_i10_groupe3. Voici des idées qui circulent souvent. Pour chacune d'elle, vous trouvez que cette idée est :
- Les experts dissimulent les incidents qui surviennent dans les centrales nucléaires en France"
Socio-Professional Category,Cadres/Prof Lib,221.9442,0.5573752321529466,0.3986892200832462,0.2129551,0.345,0.2866462100000001,0.11146365,0.04393504,"comp2v13b_i10_groupe3. Voici des idées qui circulent souvent. Pour chacune d'elle, vous trouvez que cette idée est :
- Les experts dissimulent les incidents qui surviennent dans les centrales nucléaires en France"
Socio-Professional Category,Prof Intermed,308.3514,0.605,0.3849999,0.19729153,0.40686403,0.24499990000000002,0.1404807,0.01036384,"comp2v13b_i10_groupe3. Voici des idées qui circulent souvent. Pour chacune d'elle, vous trouvez que cette idée est :
- Les experts dissimulent les incidents qui surviennent dans les centrales nucléaires en France"
Socio-Professional Category,Total-CSP-,565.5397,0.4609577364772093,0.4766264861688755,0.15924558,0.3011235599999999,0.385,0.09221554,0.06241532,"comp2v13b_i10_groupe3. Voici des idées qui circulent souvent. Pour chacune d'elle, vous trouvez que cette idée est :
- Les experts dissimulent les incidents qui surviennent dans les centrales nucléaires en France"
Socio-Professional Category,Salaried,328.1974,0.4491226926234029,0.4831080319344394,0.15431816,0.295,0.36221270000000005,0.12070041,0.06776873,"comp2v13b_i10_groupe3. Voici des idées qui circulent souvent. Pour chacune d'elle, vous trouvez que cette idée est :
- Les experts dissimulent les incidents qui surviennent dans les centrales nucléaires en France"
Socio-Professional Category,Blue collar,237.3422,0.4773234595449103,0.4649999,0.16605943,0.31126412,0.41483714,0.05282668,0.05501264,"comp2v13b_i10_groupe3. Voici des idées qui circulent souvent. Pour chacune d'elle, vous trouvez que cette idée est :
- Les experts dissimulent les incidents qui surviennent dans les centrales nucléaires en France"
Political similarity,Far left,65.5295,0.5207601156730938,0.47178812595853775,0.19092775,0.32983237,0.32025576,0.15153236,0.00745186,"comp2v13b_i10_groupe3. Voici des idées qui circulent souvent. Pour chacune d'elle, vous trouvez que cette idée est :
- Les experts dissimulent les incidents qui surviennent dans les centrales nucléaires en France"
Political similarity,Radical left,297.6857,0.4902046016990403,0.4891081432531022,0.16761316,0.32259158,0.35355443999999997,0.13555374,0.02068635,"comp2v13b_i10_groupe3. Voici des idées qui circulent souvent. Pour chacune d'elle, vous trouvez que cette idée est :
- Les experts dissimulent les incidents qui surviennent dans les centrales nucléaires en France"
Political similarity,Left,505.0977,0.533347112845693,0.4420873427061735,0.20931396,0.32403315,0.34768586,0.09396703,0.025,"comp2v13b_i10_groupe3. Voici des idées qui circulent souvent. Pour chacune d'elle, vous trouvez que cette idée est :
- Les experts dissimulent les incidents qui surviennent dans les centrales nucléaires en France"
Political similarity,PC/LFI,232.156,0.4815804889815469,0.4939975705990799,0.16103241,0.32054799000000006,0.3623759100000001,0.13104369,0.025,"comp2v13b_i10_groupe3. Voici des idées qui circulent souvent. Pour chacune d'elle, vous trouvez que cette idée est :
- Les experts dissimulent les incidents qui surviennent dans les centrales nucléaires en France"
Political similarity,PS,156.5141,0.6249998999999999,0.355,0.2549999,0.37138778,0.29790543,0.05695038,0.01875651,"comp2v13b_i10_groupe3. Voici des idées qui circulent souvent. Pour chacune d'elle, vous trouvez que cette idée est :
- Les experts dissimulent les incidents qui surviennent dans les centrales nucléaires en France"
Political similarity,EELV,116.4276,0.5114943535725206,0.4558444904816384,0.24265088000000004,0.26884347,0.38604652,0.06979795,0.03266128,"comp2v13b_i10_groupe3. Voici des idées qui circulent souvent. Pour chacune d'elle, vous trouvez que cette idée est :
- Les experts dissimulent les incidents qui surviennent dans les centrales nucléaires en France"
Political similarity,EM,230.1238,0.805,0.1830057125773171,0.43505364999999996,0.36890743000000004,0.15819463,0.02481109,0.013033459999999998,"comp2v13b_i10_groupe3. Voici des idées qui circulent souvent. Pour chacune d'elle, vous trouvez que cette idée est :
- Les experts dissimulent les incidents qui surviennent dans les centrales nucléaires en France"
Political similarity,MoDem,60.60146,0.5319721670071975,0.41745660913119914,0.21435028,0.31762189,0.37928113,0.03817537,0.05057141,"comp2v13b_i10_groupe3. Voici des idées qui circulent souvent. Pour chacune d'elle, vous trouvez que cette idée est :
- Les experts dissimulent les incidents qui surviennent dans les centrales nucléaires en France"
Political similarity,Right,203.5067,0.6269567537579844,0.34238096337860136,0.20921847,0.4181946200000001,0.2749999,0.06692482,0.03066219,"comp2v13b_i10_groupe3. Voici des idées qui circulent souvent. Pour chacune d'elle, vous trouvez que cette idée est :
- Les experts dissimulent les incidents qui surviennent dans les centrales nucléaires en France"
Political similarity,UDI/PR,45.07241,0.6949761505985591,0.2462604063106455,0.33315969,0.36181624,0.22864808,0.01761236,0.05876344,"comp2v13b_i10_groupe3. Voici des idées qui circulent souvent. Pour chacune d'elle, vous trouvez que cette idée est :
- Les experts dissimulent les incidents qui surviennent dans les centrales nucléaires en France"
Political similarity,LR,130.1298,0.6549999,0.325,0.18302948000000002,0.47297061,0.265,0.05599161,0.0230083,"comp2v13b_i10_groupe3. Voici des idées qui circulent souvent. Pour chacune d'elle, vous trouvez que cette idée est :
- Les experts dissimulent les incidents qui surviennent dans les centrales nucléaires en France"
Political similarity,Radical right,318.9996,0.42899082005118505,0.5473818775948308,0.14833376,0.280657,0.37051990000000007,0.17686231999999996,0.02362761,"comp2v13b_i10_groupe3. Voici des idées qui circulent souvent. Pour chacune d'elle, vous trouvez que cette idée est :
- Les experts dissimulent les incidents qui surviennent dans les centrales nucléaires en France"
Political similarity,Debout la France,28.30442,0.3823409912656751,0.5965566508693696,0.13225662,0.25008426,0.40084058,0.19571629,0.02110216,"comp2v13b_i10_groupe3. Voici des idées qui circulent souvent. Pour chacune d'elle, vous trouvez que cette idée est :
- Les experts dissimulent les incidents qui surviennent dans les centrales nucléaires en France"
Political similarity,Reconquete,63.15218,0.5094204190575844,0.49057958094241555,0.19625862,0.31316195,0.34745119,0.14312838,0,"comp2v13b_i10_groupe3. Voici des idées qui circulent souvent. Pour chacune d'elle, vous trouvez que cette idée est :
- Les experts dissimulent les incidents qui surviennent dans les centrales nucléaires en France"
Political similarity,RN,227.5431,0.415,0.5549999,0.1370325,0.27543841,0.37315049,0.18387945,0.03049933,"comp2v13b_i10_groupe3. Voici des idées qui circulent souvent. Pour chacune d'elle, vous trouvez que cette idée est :
- Les experts dissimulent les incidents qui surviennent dans les centrales nucléaires en France"
Political similarity,No preference,647.701,0.37396499310638703,0.5405447884131721,0.10350353000000001,0.27046137,0.38010455,0.16044008,0.08549037000000001,"comp2v13b_i10_groupe3. Voici des idées qui circulent souvent. Pour chacune d'elle, vous trouvez que cette idée est :
- Les experts dissimulent les incidents qui surviennent dans les centrales nucléaires en France"
Politics,Total-left,579.8448,0.5284351950728885,0.4481433652591176,0.185,0.34343503,0.3416101999999999,0.10653314,0.02342163,"comp2v13b_i10_groupe3. Voici des idées qui circulent souvent. Pour chacune d'elle, vous trouvez que cette idée est :
- Les experts dissimulent les incidents qui surviennent dans les centrales nucléaires en France"
Politics,Very Left,74.55247,0.4096014525072073,0.5735929339430337,0.07828755,0.3330299300000001,0.3649999,0.20687725,0.01680537,"comp2v13b_i10_groupe3. Voici des idées qui circulent souvent. Pour chacune d'elle, vous trouvez que cette idée est :
- Les experts dissimulent les incidents qui surviennent dans les centrales nucléaires en France"
Politics,Left,505.2924,0.5459682354217084,0.4296340099316752,0.19992998,0.34603806,0.33790613,0.09172804,0.02439781,"comp2v13b_i10_groupe3. Voici des idées qui circulent souvent. Pour chacune d'elle, vous trouvez que cette idée est :
- Les experts dissimulent les incidents qui surviennent dans les centrales nucléaires en France"
Politics,Center,260.2607,0.635,0.3349999,0.2567081,0.37824182,0.293437,0.04248644,0.029126330000000002,"comp2v13b_i10_groupe3. Voici des idées qui circulent souvent. Pour chacune d'elle, vous trouvez que cette idée est :
- Les experts dissimulent les incidents qui surviennent dans les centrales nucléaires en France"
Politics,Total-right,535.9052,0.5805179722085174,0.3936065557863592,0.23816115000000002,0.34235681999999995,0.27135751,0.12224893999999999,0.02587525,"comp2v13b_i10_groupe3. Voici des idées qui circulent souvent. Pour chacune d'elle, vous trouvez que cette idée est :
- Les experts dissimulent les incidents qui surviennent dans les centrales nucléaires en France"
Politics,Right,392.9878,0.6125218136542662,0.3550476630572247,0.26174044,0.35078137,0.25635859,0.09868932,0.03243045,"comp2v13b_i10_groupe3. Voici des idées qui circulent souvent. Pour chacune d'elle, vous trouvez que cette idée est :
- Les experts dissimulent les incidents qui surviennent dans les centrales nucléaires en France"
Politics,Very Right,142.9173,0.4925160215033449,0.49963412407035396,0.17332386999999996,0.31919215,0.3126019,0.18703215,0.00785009,"comp2v13b_i10_groupe3. Voici des idées qui circulent souvent. Pour chacune d'elle, vous trouvez que cette idée est :
- Les experts dissimulent les incidents qui surviennent dans les centrales nucléaires en France"
Politics,Both left and Right,57.09072,0.573149541641794,0.4127616537328659,0.24211763000000003,0.33012062999999997,0.30221129,0.11055045,0.015,"comp2v13b_i10_groupe3. Voici des idées qui circulent souvent. Pour chacune d'elle, vous trouvez que cette idée est :
- Les experts dissimulent les incidents qui surviennent dans les centrales nucléaires en France"
Politics,Neither left nor right,585.9814,0.36545904016748654,0.5449999,0.12762332,0.23783570999999998,0.39055968,0.1549999,0.08898139,"comp2v13b_i10_groupe3. Voici des idées qui circulent souvent. Pour chacune d'elle, vous trouvez que cette idée est :
- Les experts dissimulent les incidents qui surviennent dans les centrales nucléaires en France"
Loss of job risk,High risk,196.1573,0.4072554016597904,0.5849998999999999,0.1679653,0.23929005,0.41045772,0.1749999,0.00728703,"comp2v13b_i10_groupe3. Voici des idées qui circulent souvent. Pour chacune d'elle, vous trouvez que cette idée est :
- Les experts dissimulent les incidents qui surviennent dans les centrales nucléaires en France"
Loss of job risk,Low risk,649.2712,0.4782724075856129,0.47198674452216577,0.12405127,0.355,0.34826617000000015,0.12294171,0.04974085,"comp2v13b_i10_groupe3. Voici des idées qui circulent souvent. Pour chacune d'elle, vous trouvez que cette idée est :
- Les experts dissimulent les incidents qui surviennent dans les centrales nucléaires en France"
Loss of job risk,Zero risk,1177.241,0.5349999,0.4175428820436937,0.23316135,0.30239373,0.31133506,0.10620773,0.04690258,"comp2v13b_i10_groupe3. Voici des idées qui circulent souvent. Pour chacune d'elle, vous trouvez que cette idée est :
- Les experts dissimulent les incidents qui surviennent dans les centrales nucléaires en France"
1st round vote,Arthaud,5.881341,0.4917540064417282,0.18627554498200327,0.37186111,0.11989295,0.12009759,0.06617788,0.32197062,"comp2v13b_i10_groupe3. Voici des idées qui circulent souvent. Pour chacune d'elle, vous trouvez que cette idée est :
- Les experts dissimulent les incidents qui surviennent dans les centrales nucléaires en France"
1st round vote,Poutou,10.73745,0.4974636436025313,0.5025365426614326,0.17187079000000002,0.32559285,0.19141016,0.31112638,0,"comp2v13b_i10_groupe3. Voici des idées qui circulent souvent. Pour chacune d'elle, vous trouvez que cette idée est :
- Les experts dissimulent les incidents qui surviennent dans les centrales nucléaires en France"
1st round vote,Roussel,38.20898,0.6021079337893868,0.37417329643450314,0.26125518,0.33957156999999993,0.29352629,0.08064696,0.025,"comp2v13b_i10_groupe3. Voici des idées qui circulent souvent. Pour chacune d'elle, vous trouvez que cette idée est :
- Les experts dissimulent les incidents qui surviennent dans les centrales nucléaires en France"
1st round vote,Melenchon,331.0276,0.473840247761818,0.49596378066360625,0.12441128999999998,0.34942917,0.34595635,0.15000704,0.03019578,"comp2v13b_i10_groupe3. Voici des idées qui circulent souvent. Pour chacune d'elle, vous trouvez que cette idée est :
- Les experts dissimulent les incidents qui surviennent dans les centrales nucléaires en France"
1st round vote,Hidalgo,30.12287,0.5872192789066911,0.3994297356128417,0.24307578,0.345,0.30060708999999985,0.09796592999999999,0.0133512,"comp2v13b_i10_groupe3. Voici des idées qui circulent souvent. Pour chacune d'elle, vous trouvez que cette idée est :
- Les experts dissimulent les incidents qui surviennent dans les centrales nucléaires en France"
1st round vote,Jadot,66.71886,0.41198485705541127,0.5298014684303658,0.06642095,0.34499989999999997,0.47097251000000007,0.05939334000000001,0.05821330000000001,"comp2v13b_i10_groupe3. Voici des idées qui circulent souvent. Pour chacune d'elle, vous trouvez que cette idée est :
- Les experts dissimulent les incidents qui surviennent dans les centrales nucléaires en France"
1st round vote,Macron,386.9499,0.7113693529834224,0.255,0.35274722,0.3580747100000001,0.21985345,0.035,0.03432462,"comp2v13b_i10_groupe3. Voici des idées qui circulent souvent. Pour chacune d'elle, vous trouvez que cette idée est :
- Les experts dissimulent les incidents qui surviennent dans les centrales nucléaires en France"
1st round vote,Pecresse,62.3511,0.7277310263972889,0.24161835156075834,0.26180292,0.46592811,0.17911873,0.0624997,0.03065072,"comp2v13b_i10_groupe3. Voici des idées qui circulent souvent. Pour chacune d'elle, vous trouvez que cette idée est :
- Les experts dissimulent les incidents qui surviennent dans les centrales nucléaires en France"
1st round vote,Dupont-Aignan,21.94642,0.3315769496801756,0.6157172787178957,0.06274194,0.26883505,0.40640492,0.20931235999999998,0.05270573,"comp2v13b_i10_groupe3. Voici des idées qui circulent souvent. Pour chacune d'elle, vous trouvez que cette idée est :
- Les experts dissimulent les incidents qui surviennent dans les centrales nucléaires en France"
1st round vote,Zemmour,93.84444,0.5187550802157271,0.4326375648892998,0.22855526,0.29019982,0.32763796000000006,0.10499990000000001,0.048607059999999994,"comp2v13b_i10_groupe3. Voici des idées qui circulent souvent. Pour chacune d'elle, vous trouvez que cette idée est :
- Les experts dissimulent les incidents qui surviennent dans les centrales nucléaires en France"
1st round vote,Le Pen,333.3762,0.4249999,0.5374768804731711,0.13420664,0.291523,0.34807583999999997,0.18940104,0.03679357,"comp2v13b_i10_groupe3. Voici des idées qui circulent souvent. Pour chacune d'elle, vous trouvez que cette idée est :
- Les experts dissimulent les incidents qui surviennent dans les centrales nucléaires en France"
1st round vote,Lassalle,41.76448,0.5551669744241997,0.4137432095407389,0.16576811,0.38939884,0.30256859,0.11117454,0.03108984,"comp2v13b_i10_groupe3. Voici des idées qui circulent souvent. Pour chacune d'elle, vous trouvez que cette idée est :
- Les experts dissimulent les incidents qui surviennent dans les centrales nucléaires en France"
1st round vote,Blank/Null/NA,35.84971,0.32510109565739864,0.5637412408635941,0.095,0.23169655,0.3896473400000002,0.17249833,0.11115777999999998,"comp2v13b_i10_groupe3. Voici des idées qui circulent souvent. Pour chacune d'elle, vous trouvez que cette idée est :
- Les experts dissimulent les incidents qui surviennent dans les centrales nucléaires en France"
1st round vote,Blank,22.17033,0.21127371581749124,0.6984614121666209,0.01663825,0.19463544,0.47137007,0.22709139,0.09026528,"comp2v13b_i10_groupe3. Voici des idées qui circulent souvent. Pour chacune d'elle, vous trouvez que cette idée est :
- Les experts dissimulent les incidents qui surviennent dans les centrales nucléaires en France"
1st round vote,Null,7.461995,0.6098781894118127,0.2820032712431461,0.31796778,0.29191041,0.28200327,0,0.10811845,"comp2v13b_i10_groupe3. Voici des idées qui circulent souvent. Pour chacune d'elle, vous trouvez que cette idée est :
- Les experts dissimulent les incidents qui surviennent dans les centrales nucléaires en France"
2nd round vote,Macron,765.8798,0.6367000409202592,0.3238275771211096,0.26992082,0.36677857,0.27959244,0.04423513,0.03947246,"comp2v13b_i10_groupe3. Voici des idées qui circulent souvent. Pour chacune d'elle, vous trouvez que cette idée est :
- Les experts dissimulent les incidents qui surviennent dans les centrales nucléaires en France"
2nd round vote,Le Pen,534.734,0.42340939607356176,0.5470259979728238,0.132602,0.29080739,0.34150006999999993,0.20552554999999997,0.0295644,"comp2v13b_i10_groupe3. Voici des idées qui circulent souvent. Pour chacune d'elle, vous trouvez que cette idée est :
- Les experts dissimulent les incidents qui surviennent dans les centrales nucléaires en France"
2nd round vote,Blank/Null/NA,124.6971,0.488382729028983,0.45825556488482894,0.10929235999999999,0.37909045,0.35155092,0.10670457,0.053362179999999995,"comp2v13b_i10_groupe3. Voici des idées qui circulent souvent. Pour chacune d'elle, vous trouvez que cette idée est :
- Les experts dissimulent les incidents qui surviennent dans les centrales nucléaires en France"
