Indicator,Category,BASE,ST 0 à 5,ST 6 à 8,ST 9 à 10,0.0,1.0,2.0,3.0,4.0,5.0,6.0,7.0,8.0,9.0,10.0,Je ne sais pas,No rep.,Moyenne,Question
Total,Total,5979.002,0.2455585397027798,0.6032881407298408,0.11703188926847656,0.01344587,0.0180687,0.03298729,0.04609525,0.045,0.09132843999999998,0.13230805,0.23211332000000004,0.23750067999999983,0.08540462,0.0316274,0.022885110000000004,0.01123527,6.489423,"new22. Etes-vous satisfait(e) de la vie que vous menez ? La note 0 signifiant que vous n'êtes pas du tout satisfait(e) de la vie que vous menez et la note 10 signifiant que
vous êtes tout à fait satisfait(e) de la vie que vous menez. Les notes intermédiaires permettent de nuancer votre jugement. Merci de faire glisser le curseur pour sélectionner
une note."
Gender,Man,2929.637,0.2249999,0.615,0.1271562995688544,0.01352627,0.01706554,0.03253219,0.04903003,0.04043129,0.07421093,0.12630944,0.23131580000000004,0.255,0.09292066,0.035,0.02184535,0.0108125,6.57709,"new22. Etes-vous satisfait(e) de la vie que vous menez ? La note 0 signifiant que vous n'êtes pas du tout satisfait(e) de la vie que vous menez et la note 10 signifiant que
vous êtes tout à fait satisfait(e) de la vie que vous menez. Les notes intermédiaires permettent de nuancer votre jugement. Merci de faire glisser le curseur pour sélectionner
une note."
Gender,Woman,3049.36,0.26358465382900015,0.595,0.10730533620169479,0.01336865,0.01903252,0.03342459,0.04327577,0.04670911,0.10777393,0.1380713,0.23051331999999988,0.225,0.07818362,0.02912165,0.02388407,0.01164147,6.404947,"new22. Etes-vous satisfait(e) de la vie que vous menez ? La note 0 signifiant que vous n'êtes pas du tout satisfait(e) de la vie que vous menez et la note 10 signifiant que
vous êtes tout à fait satisfait(e) de la vie que vous menez. Les notes intermédiaires permettent de nuancer votre jugement. Merci de faire glisser le curseur pour sélectionner
une note."
Age,18-24,478.2759,0.19647209905412338,0.6528662640120483,0.10890153570355522,0.00947223,0.01721594,0.04691359,0.02097133,0.0190812,0.08281785,0.16692907,0.2709371000000001,0.21499990000000002,0.05340478,0.05549677,0.020284390000000003,0.021475849999999998,6.593807,"new22. Etes-vous satisfait(e) de la vie que vous menez ? La note 0 signifiant que vous n'êtes pas du tout satisfait(e) de la vie que vous menez et la note 10 signifiant que
vous êtes tout à fait satisfait(e) de la vie que vous menez. Les notes intermédiaires permettent de nuancer votre jugement. Merci de faire glisser le curseur pour sélectionner
une note."
Age,25-34,836.9062,0.2249999,0.6082592051534569,0.12521056720573942,0.011344919999999998,0.01137076,0.0402147,0.0430531,0.04277629,0.08340738,0.13199568,0.26039155,0.21587234,0.09708316,0.02812738,0.02551203,0.00885067,6.530213,"new22. Etes-vous satisfait(e) de la vie que vous menez ? La note 0 signifiant que vous n'êtes pas du tout satisfait(e) de la vie que vous menez et la note 10 signifiant que
vous êtes tout à fait satisfait(e) de la vie que vous menez. Les notes intermédiaires permettent de nuancer votre jugement. Merci de faire glisser le curseur pour sélectionner
une note."
Age,35-49,1494.556,0.3049999,0.565,0.0952012504048025,0.02837449,0.03352953,0.04155585999999999,0.06610396,0.05323972,0.08386223,0.14908274,0.19056961000000017,0.225,0.06750982,0.02769141,0.02186824,0.011612389999999998,6.063115,"new22. Etes-vous satisfait(e) de la vie que vous menez ? La note 0 signifiant que vous n'êtes pas du tout satisfait(e) de la vie que vous menez et la note 10 signifiant que
vous êtes tout à fait satisfait(e) de la vie que vous menez. Les notes intermédiaires permettent de nuancer votre jugement. Merci de faire glisser le curseur pour sélectionner
une note."
Age,50-64,1554.412,0.27785876588703634,0.5711834442863283,0.1075245173094392,0.00918035,0.01657389,0.02450104,0.06245657,0.0568059,0.1083409,0.12269045,0.2280940900000001,0.22078117,0.07099283,0.03653169,0.028051219999999998,0.0149999,6.400496,"new22. Etes-vous satisfait(e) de la vie que vous menez ? La note 0 signifiant que vous n'êtes pas du tout satisfait(e) de la vie que vous menez et la note 10 signifiant que
vous êtes tout à fait satisfait(e) de la vie que vous menez. Les notes intermédiaires permettent de nuancer votre jugement. Merci de faire glisser le curseur pour sélectionner
une note."
Age,65+,1614.848,0.1793908776553583,0.655,0.1445576301918199,0.00600095,0.00892233,0.0249999,0.02084581,0.02977774,0.08848858,0.11594893,0.24866049,0.28882939999999996,0.11926373,0.0249999,0.01826234,0.0049999,6.912489,"new22. Etes-vous satisfait(e) de la vie que vous menez ? La note 0 signifiant que vous n'êtes pas du tout satisfait(e) de la vie que vous menez et la note 10 signifiant que
vous êtes tout à fait satisfait(e) de la vie que vous menez. Les notes intermédiaires permettent de nuancer votre jugement. Merci de faire glisser le curseur pour sélectionner
une note."
Socio-Professional Category,Total-CSP+,1734.019,0.23685461347309342,0.6284267934780414,0.11179739091670853,0.01646049,0.01688666,0.02535167,0.04415994,0.05403606,0.07995979,0.12900084,0.26103399,0.23839208,0.08381758999999998,0.02797981,0.00905036,0.01387063,6.507713,"new22. Etes-vous satisfait(e) de la vie que vous menez ? La note 0 signifiant que vous n'êtes pas du tout satisfait(e) de la vie que vous menez et la note 10 signifiant que
vous êtes tout à fait satisfait(e) de la vie que vous menez. Les notes intermédiaires permettent de nuancer votre jugement. Merci de faire glisser le curseur pour sélectionner
une note."
Socio-Professional Category,Small Business owners,212.9949,0.2949999,0.5358297311344075,0.12808992140187395,0.0406534,0.03870505,0.06162486,0.03826987,0.05373692,0.06475963,0.13669445,0.18914195,0.20999338,0.09671470999999998,0.03137522,0.01831787,0.02001292,6.055929,"new22. Etes-vous satisfait(e) de la vie que vous menez ? La note 0 signifiant que vous n'êtes pas du tout satisfait(e) de la vie que vous menez et la note 10 signifiant que
vous êtes tout à fait satisfait(e) de la vie que vous menez. Les notes intermédiaires permettent de nuancer votre jugement. Merci de faire glisser le curseur pour sélectionner
une note."
Socio-Professional Category,Cadres/Prof Lib,597.9521,0.1797588803517874,0.6549999,0.13887157516463275,0.0085952,0.005,0.02432832,0.04926114,0.03048955,0.06269678,0.13122309,0.2794610799999999,0.24349391999999997,0.10627283,0.03259878,0.01157931,0.015,6.795255,"new22. Etes-vous satisfait(e) de la vie que vous menez ? La note 0 signifiant que vous n'êtes pas du tout satisfait(e) de la vie que vous menez et la note 10 signifiant que
vous êtes tout à fait satisfait(e) de la vie que vous menez. Les notes intermédiaires permettent de nuancer votre jugement. Merci de faire glisser le curseur pour sélectionner
une note."
Socio-Professional Category,Prof Intermed,896.9079,0.265,0.6313357257751883,0.0849999,0.01570142,0.02009343,0.01815942,0.04344602,0.07138143,0.09618266,0.12396757999999998,0.26145561,0.24591276,0.06412248,0.02491029,0.00542754,0.00923839,6.414776,"new22. Etes-vous satisfait(e) de la vie que vous menez ? La note 0 signifiant que vous n'êtes pas du tout satisfait(e) de la vie que vous menez et la note 10 signifiant que
vous êtes tout à fait satisfait(e) de la vie que vous menez. Les notes intermédiaires permettent de nuancer votre jugement. Merci de faire glisser le curseur pour sélectionner
une note."
Socio-Professional Category,Total-CSP-,1674.09,0.2630855569294363,0.579544827339032,0.09875621979702405,0.0171161,0.01780282,0.03850362,0.054999900000000004,0.03997667,0.09414648999999999,0.14723641,0.21499990000000002,0.21784879000000004,0.06677461,0.03198167,0.04711884,0.011494180000000001,6.309371,"new22. Etes-vous satisfait(e) de la vie que vous menez ? La note 0 signifiant que vous n'êtes pas du tout satisfait(e) de la vie que vous menez et la note 10 signifiant que
vous êtes tout à fait satisfait(e) de la vie que vous menez. Les notes intermédiaires permettent de nuancer votre jugement. Merci de faire glisser le curseur pour sélectionner
une note."
Socio-Professional Category,Salaried,956.6466,0.2749378924254787,0.5973837151566733,0.08696136065293077,0.01592058,0.0149999,0.02840925,0.061540710000000005,0.04981688,0.10400577,0.14694496,0.23632170000000005,0.21436254999999999,0.0677627,0.01919868,0.03795803,0.00275829,6.282751,"new22. Etes-vous satisfait(e) de la vie que vous menez ? La note 0 signifiant que vous n'êtes pas du tout satisfait(e) de la vie que vous menez et la note 10 signifiant que
vous êtes tout à fait satisfait(e) de la vie que vous menez. Les notes intermédiaires permettent de nuancer votre jugement. Merci de faire glisser le curseur pour sélectionner
une note."
Socio-Professional Category,Blue collar,717.4432,0.24728117849608164,0.5557586997827841,0.11448376679854237,0.01871022,0.02121369,0.0519636,0.04753809,0.02685562,0.08100007,0.14762521,0.18732799999999997,0.22126225999999993,0.0649999,0.04902667,0.05933395,0.02314272,6.346483,"new22. Etes-vous satisfait(e) de la vie que vous menez ? La note 0 signifiant que vous n'êtes pas du tout satisfait(e) de la vie que vous menez et la note 10 signifiant que
vous êtes tout à fait satisfait(e) de la vie que vous menez. Les notes intermédiaires permettent de nuancer votre jugement. Merci de faire glisser le curseur pour sélectionner
une note."
Political similarity,Far left,187.3446,0.2619977837631829,0.565,0.12273633720961265,0.01653943,0.00435507,0.02778062,0.03462995,0.05090637,0.12778639,0.22563276,0.11896361,0.2167596,0.0697607,0.05297559000000001,0.03354732,0.02036305,6.431295,"new22. Etes-vous satisfait(e) de la vie que vous menez ? La note 0 signifiant que vous n'êtes pas du tout satisfait(e) de la vie que vous menez et la note 10 signifiant que
vous êtes tout à fait satisfait(e) de la vie que vous menez. Les notes intermédiaires permettent de nuancer votre jugement. Merci de faire glisser le curseur pour sélectionner
une note."
Political similarity,Radical left,828.7407,0.2521319394594715,0.6249998999999999,0.08734595754739692,0.00822479,0.01235459,0.03985785,0.04948871,0.03399441,0.10821158,0.18249641,0.22451763,0.22275483999999998,0.06772769,0.0196183,0.01565055,0.01510335,6.367774,"new22. Etes-vous satisfait(e) de la vie que vous menez ? La note 0 signifiant que vous n'êtes pas du tout satisfait(e) de la vie que vous menez et la note 10 signifiant que
vous êtes tout à fait satisfait(e) de la vie que vous menez. Les notes intermédiaires permettent de nuancer votre jugement. Merci de faire glisser le curseur pour sélectionner
une note."
Political similarity,Left,1430.296,0.2249999,0.6500034957798945,0.09555280864939844,0.0029942,0.01140814,0.04258488,0.04010638999999999,0.04751393,0.08185781,0.145,0.26299791999999994,0.24170556,0.07800455,0.01754831,0.015,0.01327831,6.523557,"new22. Etes-vous satisfait(e) de la vie que vous menez ? La note 0 signifiant que vous n'êtes pas du tout satisfait(e) de la vie que vous menez et la note 10 signifiant que
vous êtes tout à fait satisfait(e) de la vie que vous menez. Les notes intermédiaires permettent de nuancer votre jugement. Merci de faire glisser le curseur pour sélectionner
une note."
Political similarity,PC/LFI,641.3963,0.2492501126058881,0.6497511756771905,0.07700881654602622,0.00579618,0.015,0.04338545,0.05382878,0.02905463,0.10249398,0.16989668,0.2550395200000001,0.22450582000000002,0.06713383,0.00987499,0.0104231,0.013567040000000002,6.349789,"new22. Etes-vous satisfait(e) de la vie que vous menez ? La note 0 signifiant que vous n'êtes pas du tout satisfait(e) de la vie que vous menez et la note 10 signifiant que
vous êtes tout à fait satisfait(e) de la vie que vous menez. Les notes intermédiaires permettent de nuancer votre jugement. Merci de faire glisser le curseur pour sélectionner
une note."
Political similarity,PS,449.3176,0.17803938683906437,0.6649999,0.11292186195243631,0.0012573400000000002,0.01246699,0.019594,0.01931544,0.04676556,0.07864003,0.12925356,0.27353836,0.26401147,0.09281853,0.02010333,0.02604859,0.01618706,6.816545,"new22. Etes-vous satisfait(e) de la vie que vous menez ? La note 0 signifiant que vous n'êtes pas du tout satisfait(e) de la vie que vous menez et la note 10 signifiant que
vous êtes tout à fait satisfait(e) de la vie que vous menez. Les notes intermédiaires permettent de nuancer votre jugement. Merci de faire glisser le curseur pour sélectionner
une note."
Political similarity,EELV,339.583,0.2449999,0.6282490584039837,0.10759637555472447,0.0,0.00380619,0.07149292,0.0416972,0.08336949,0.04713814,0.11652247000000002,0.26704938,0.24467723999999996,0.07893558,0.02866078,0.00776595,0.00888422,6.471737,"new22. Etes-vous satisfait(e) de la vie que vous menez ? La note 0 signifiant que vous n'êtes pas du tout satisfait(e) de la vie que vous menez et la note 10 signifiant que
vous êtes tout à fait satisfait(e) de la vie que vous menez. Les notes intermédiaires permettent de nuancer votre jugement. Merci de faire glisser le curseur pour sélectionner
une note."
Political similarity,EM,672.9198,0.0990551474336169,0.6649999,0.21361520347595658,0.00213366,0.00108443,0.01761128,0.02164745,0.015,0.0417649,0.061371550000000004,0.24383901,0.36193243000000025,0.14105648,0.07255881,0.015,0.005,7.486773,"new22. Etes-vous satisfait(e) de la vie que vous menez ? La note 0 signifiant que vous n'êtes pas du tout satisfait(e) de la vie que vous menez et la note 10 signifiant que
vous êtes tout à fait satisfait(e) de la vie que vous menez. Les notes intermédiaires permettent de nuancer votre jugement. Merci de faire glisser le curseur pour sélectionner
une note."
Political similarity,MoDem,161.1257,0.155,0.6849999,0.1543419206247048,0.0,0.005,0.03007599,0.012604870000000002,0.01565278,0.08655007000000002,0.1331736,0.23422483,0.32337593,0.12092596000000001,0.03341597,0.005,0,7.083026,"new22. Etes-vous satisfait(e) de la vie que vous menez ? La note 0 signifiant que vous n'êtes pas du tout satisfait(e) de la vie que vous menez et la note 10 signifiant que
vous êtes tout à fait satisfait(e) de la vie que vous menez. Les notes intermédiaires permettent de nuancer votre jugement. Merci de faire glisser le curseur pour sélectionner
une note."
Political similarity,Right,573.0042,0.1584090308587616,0.6701556463285959,0.16000722158755556,0.01932127,0.00723725,0.021291940000000002,0.03039164,0.03856935,0.0415976,0.15733993,0.24129404,0.27152192,0.12649183,0.03351541,0.00387453,0.0075536,6.860516,"new22. Etes-vous satisfait(e) de la vie que vous menez ? La note 0 signifiant que vous n'êtes pas du tout satisfait(e) de la vie que vous menez et la note 10 signifiant que
vous êtes tout à fait satisfait(e) de la vie que vous menez. Les notes intermédiaires permettent de nuancer votre jugement. Merci de faire glisser le curseur pour sélectionner
une note."
Political similarity,UDI/PR,89.32552,0.08477090309689773,0.6769215561241625,0.22253203787674566,0.0,0.00879017,0.0,0.0,0.03126495,0.04471578999999999,0.1083244,0.16720283,0.40139435999999995,0.16824957,0.05428242,0.01577567,0,7.565368,"new22. Etes-vous satisfait(e) de la vie que vous menez ? La note 0 signifiant que vous n'êtes pas du tout satisfait(e) de la vie que vous menez et la note 10 signifiant que
vous êtes tout à fait satisfait(e) de la vie que vous menez. Les notes intermédiaires permettent de nuancer votre jugement. Merci de faire glisser le curseur pour sélectionner
une note."
Political similarity,LR,397.5368,0.1470274450063491,0.684225460385051,0.15835248460016782,0.0249999,0.00666515,0.02172414,0.02767394,0.0361725,0.02926275,0.152383,0.26737114000000006,0.2649999,0.13070478,0.02764768,0.00203994,0.00835518,6.851024,"new22. Etes-vous satisfait(e) de la vie que vous menez ? La note 0 signifiant que vous n'êtes pas du tout satisfait(e) de la vie que vous menez et la note 10 signifiant que
vous êtes tout à fait satisfait(e) de la vie que vous menez. Les notes intermédiaires permettent de nuancer votre jugement. Merci de faire glisser le curseur pour sélectionner
une note."
Political similarity,Radical right,1008.8,0.3108215701823949,0.5602366177636796,0.09843860031720858,0.01932123,0.025073890000000005,0.04546481,0.07428449,0.04353574,0.10314146000000002,0.13986172,0.22738243000000002,0.19299237,0.06963424,0.02880435,0.01742223,0.01308139,6.104451,"new22. Etes-vous satisfait(e) de la vie que vous menez ? La note 0 signifiant que vous n'êtes pas du tout satisfait(e) de la vie que vous menez et la note 10 signifiant que
vous êtes tout à fait satisfait(e) de la vie que vous menez. Les notes intermédiaires permettent de nuancer votre jugement. Merci de faire glisser le curseur pour sélectionner
une note."
Political similarity,Debout la France,86.14185,0.295,0.5949998999999999,0.10280817047695166,0.01070867,0.00826713,0.0413762,0.075,0.0572049,0.09528844999999998,0.23049143000000002,0.20324848,0.1639194,0.06374825,0.03905991,0,0.01168718,6.176498,"new22. Etes-vous satisfait(e) de la vie que vous menez ? La note 0 signifiant que vous n'êtes pas du tout satisfait(e) de la vie que vous menez et la note 10 signifiant que
vous êtes tout à fait satisfait(e) de la vie que vous menez. Les notes intermédiaires permettent de nuancer votre jugement. Merci de faire glisser le curseur pour sélectionner
une note."
Political similarity,Reconquete,205.4045,0.3105402267233678,0.562345031389283,0.11328320460359922,0.01804618,0.026451450000000005,0.0518105,0.08294564999999998,0.04347363,0.08781282999999998,0.12135065000000002,0.21206283,0.2277215299999998,0.08991965,0.02336351,0.010041590000000001,0.005,6.164034,"new22. Etes-vous satisfait(e) de la vie que vous menez ? La note 0 signifiant que vous n'êtes pas du tout satisfait(e) de la vie que vous menez et la note 10 signifiant que
vous êtes tout à fait satisfait(e) de la vie que vous menez. Les notes intermédiaires permettent de nuancer votre jugement. Merci de faire glisser le curseur pour sélectionner
une note."
Political similarity,RN,717.2537,0.3137277646668118,0.5550719361921731,0.09366266078515872,0.02072074,0.02669788,0.04413859,0.07178445,0.04191185,0.10847431,0.13421202,0.235,0.18585957000000008,0.06453187,0.029130789999999997,0.02162827,0.01590966,6.078083,"new22. Etes-vous satisfait(e) de la vie que vous menez ? La note 0 signifiant que vous n'êtes pas du tout satisfait(e) de la vie que vous menez et la note 10 signifiant que
vous êtes tout à fait satisfait(e) de la vie que vous menez. Les notes intermédiaires permettent de nuancer votre jugement. Merci de faire glisser le curseur pour sélectionner
une note."
Political similarity,No preference,1860.95,0.3049999,0.5492033638732905,0.09815588812165829,0.021194700000000004,0.026794700000000005,0.029662159999999996,0.05440323,0.05486031000000001,0.12040629999999998,0.13292754,0.2166523,0.19962396,0.06861818,0.02953772,0.03790841,0.00741137,6.174695,"new22. Etes-vous satisfait(e) de la vie que vous menez ? La note 0 signifiant que vous n'êtes pas du tout satisfait(e) de la vie que vous menez et la note 10 signifiant que
vous êtes tout à fait satisfait(e) de la vie que vous menez. Les notes intermédiaires permettent de nuancer votre jugement. Merci de faire glisser le curseur pour sélectionner
une note."
Politics,Total-left,1649.278,0.255,0.625,0.0949999,0.00918186,0.01615905,0.03729068,0.04065352,0.05307956,0.09639642000000001,0.14867021,0.23829973,0.23796498,0.07487828,0.02165122,0.014781180000000001,0.01099354,6.426908,"new22. Etes-vous satisfait(e) de la vie que vous menez ? La note 0 signifiant que vous n'êtes pas du tout satisfait(e) de la vie que vous menez et la note 10 signifiant que
vous êtes tout à fait satisfait(e) de la vie que vous menez. Les notes intermédiaires permettent de nuancer votre jugement. Merci de faire glisser le curseur pour sélectionner
une note."
Politics,Very Left,217.9165,0.3449999,0.5567444411047351,0.07499990000000001,0.05338375,0.015,0.04439231,0.056148939999999994,0.02224873,0.15436045,0.13058635,0.2490774800000001,0.17678271000000004,0.04330099,0.03375711,0.005,0.01596118,5.92702,"new22. Etes-vous satisfait(e) de la vie que vous menez ? La note 0 signifiant que vous n'êtes pas du tout satisfait(e) de la vie que vous menez et la note 10 signifiant que
vous êtes tout à fait satisfait(e) de la vie que vous menez. Les notes intermédiaires permettent de nuancer votre jugement. Merci de faire glisser le curseur pour sélectionner
une note."
Politics,Left,1431.362,0.23866254658150768,0.6353162232894264,0.09949383873541423,0.00245238,0.01636122,0.0349999,0.03829441,0.05777336,0.0875717,0.15142333,0.23661338,0.24977930999999995,0.07968571,0.01980816,0.0149999,0.010237239999999998,6.503458,"new22. Etes-vous satisfait(e) de la vie que vous menez ? La note 0 signifiant que vous n'êtes pas du tout satisfait(e) de la vie que vous menez et la note 10 signifiant que
vous êtes tout à fait satisfait(e) de la vie que vous menez. Les notes intermédiaires permettent de nuancer votre jugement. Merci de faire glisser le curseur pour sélectionner
une note."
Politics,Center,776.1196,0.125,0.7047125211114369,0.14499990000000001,0.0,0.00240866,0.00920671,0.01710553,0.03849391,0.055,0.11923348,0.26346274,0.32157185000000005,0.09428198,0.051866430000000005,0.0197492,0.00761951,7.19889,"new22. Etes-vous satisfait(e) de la vie que vous menez ? La note 0 signifiant que vous n'êtes pas du tout satisfait(e) de la vie que vous menez et la note 10 signifiant que
vous êtes tout à fait satisfait(e) de la vie que vous menez. Les notes intermédiaires permettent de nuancer votre jugement. Merci de faire glisser le curseur pour sélectionner
une note."
Politics,Total-right,1622.94,0.225,0.6249998999999999,0.1338542398363464,0.01841572,0.01747289,0.03365441,0.03977156,0.04536106,0.06566244,0.13379386,0.24469913,0.25219158,0.10249868,0.03135561,0.00783434,0.00728784,6.582636,"new22. Etes-vous satisfait(e) de la vie que vous menez ? La note 0 signifiant que vous n'êtes pas du tout satisfait(e) de la vie que vous menez et la note 10 signifiant que
vous êtes tout à fait satisfait(e) de la vie que vous menez. Les notes intermédiaires permettent de nuancer votre jugement. Merci de faire glisser le curseur pour sélectionner
une note."
Politics,Right,1193.119,0.185,0.6649999,0.14064623897532436,0.01612817,0.012113700000000002,0.030361499999999996,0.03628819,0.04116966,0.04738835,0.14440119,0.24889026000000003,0.27286968,0.1107395,0.02990677,0.00403582,0.00570637,6.736273,"new22. Etes-vous satisfait(e) de la vie que vous menez ? La note 0 signifiant que vous n'êtes pas du tout satisfait(e) de la vie que vous menez et la note 10 signifiant que
vous êtes tout à fait satisfait(e) de la vie que vous menez. Les notes intermédiaires permettent de nuancer votre jugement. Merci de faire glisser le curseur pour sélectionner
une note."
Politics,Very Right,429.8207,0.32273550343201246,0.5322068015802869,0.11500092945732954,0.02476563,0.03234926,0.04279508,0.04944087,0.05699581,0.11638872,0.10434949,0.23285796000000025,0.195,0.07962353,0.0353774,0.01837846,0.011677790000000002,6.147232,"new22. Etes-vous satisfait(e) de la vie que vous menez ? La note 0 signifiant que vous n'êtes pas du tout satisfait(e) de la vie que vous menez et la note 10 signifiant que
vous êtes tout à fait satisfait(e) de la vie que vous menez. Les notes intermédiaires permettent de nuancer votre jugement. Merci de faire glisser le curseur pour sélectionner
une note."
Politics,Both left and Right,200.4265,0.2749999,0.5905910645548368,0.12638917508413308,0.0,0.00704857,0.0149999,0.03925983,0.0768355,0.1349999,0.13647272,0.2349999,0.22199594,0.09876622999999998,0.02762293,0,0.00699858,6.577465,"new22. Etes-vous satisfait(e) de la vie que vous menez ? La note 0 signifiant que vous n'êtes pas du tout satisfait(e) de la vie que vous menez et la note 10 signifiant que
vous êtes tout à fait satisfait(e) de la vie que vous menez. Les notes intermédiaires permettent de nuancer votre jugement. Merci de faire glisser le curseur pour sélectionner
une note."
Politics,Neither left nor right,1673.316,0.3149999,0.5113923490840941,0.10678604638932515,0.02055193,0.02873095,0.04223087,0.07331514,0.03195852,0.12362452999999998,0.1211293,0.19697135999999973,0.19093094000000002,0.075,0.03294154,0.04761492,0.015,6.097079,"new22. Etes-vous satisfait(e) de la vie que vous menez ? La note 0 signifiant que vous n'êtes pas du tout satisfait(e) de la vie que vous menez et la note 10 signifiant que
vous êtes tout à fait satisfait(e) de la vie que vous menez. Les notes intermédiaires permettent de nuancer votre jugement. Merci de faire glisser le curseur pour sélectionner
une note."
Loss of job risk,High risk,556.2398,0.46937220242061073,0.4049999,0.085,0.04303915,0.05708254,0.10316324,0.07753935,0.08075127,0.10779667,0.14377999000000016,0.13828739,0.12499990000000001,0.04746059,0.03576287,0.01911839,0.02121865,5.183974,"new22. Etes-vous satisfait(e) de la vie que vous menez ? La note 0 signifiant que vous n'êtes pas du tout satisfait(e) de la vie que vous menez et la note 10 signifiant que
vous êtes tout à fait satisfait(e) de la vie que vous menez. Les notes intermédiaires permettent de nuancer votre jugement. Merci de faire glisser le curseur pour sélectionner
une note."
Loss of job risk,Low risk,1874.312,0.2818449116262394,0.6045215524416425,0.0720108498478375,0.015,0.01851451,0.0333032,0.05399848000000001,0.05253833,0.10849325,0.14417306,0.26039342,0.19995204000000003,0.05197597,0.02003487,0.02640316,0.01521971,6.21394,"new22. Etes-vous satisfait(e) de la vie que vous menez ? La note 0 signifiant que vous n'êtes pas du tout satisfait(e) de la vie que vous menez et la note 10 signifiant que
vous êtes tout à fait satisfait(e) de la vie que vous menez. Les notes intermédiaires permettent de nuancer votre jugement. Merci de faire glisser le curseur pour sélectionner
une note."
Loss of job risk,Zero risk,3478.817,0.1910494285844872,0.6343601862357232,0.14744477792306981,0.00814748,0.01195214,0.020627940000000004,0.03691298,0.03348727,0.07992162,0.12428044,0.23044238999999997,0.27963865,0.11004123,0.03740349,0.0211133,0.0060329,6.843563,"new22. Etes-vous satisfait(e) de la vie que vous menez ? La note 0 signifiant que vous n'êtes pas du tout satisfait(e) de la vie que vous menez et la note 10 signifiant que
vous êtes tout à fait satisfait(e) de la vie que vous menez. Les notes intermédiaires permettent de nuancer votre jugement. Merci de faire glisser le curseur pour sélectionner
une note."
1st round vote,Arthaud,24.07418,0.1749999,0.656840232979898,0.06525115289492726,0.04176209,0.01450968,0.02493041,0.014830250000000001,0.05056679,0.035,0.2754288099999999,0.25888392,0.1224951,0.01616731,0.049083829999999995,0.09634181,0,6.160766,"new22. Etes-vous satisfait(e) de la vie que vous menez ? La note 0 signifiant que vous n'êtes pas du tout satisfait(e) de la vie que vous menez et la note 10 signifiant que
vous êtes tout à fait satisfait(e) de la vie que vous menez. Les notes intermédiaires permettent de nuancer votre jugement. Merci de faire glisser le curseur pour sélectionner
une note."
1st round vote,Poutou,32.85668,0.27157603872332814,0.6200020817684563,0.05832403030373124,0.02229726,0.0,0.0349999,0.03990306,0.07842807,0.09574683,0.10494261999999999,0.26643749000000017,0.24882289000000002,0.05832402999999999,0.0,0.05009785,0,6.307353,"new22. Etes-vous satisfait(e) de la vie que vous menez ? La note 0 signifiant que vous n'êtes pas du tout satisfait(e) de la vie que vous menez et la note 10 signifiant que
vous êtes tout à fait satisfait(e) de la vie que vous menez. Les notes intermédiaires permettent de nuancer votre jugement. Merci de faire glisser le curseur pour sélectionner
une note."
1st round vote,Roussel,98.04205,0.20330317450522503,0.6290380505099598,0.125,0.00755693,0.00241793,0.0249999,0.023612579999999998,0.04632856,0.09764914,0.11690524999999999,0.29342118000000006,0.21945002,0.11744246000000001,0.00737424,0.03788073,0.00496108,6.722848,"new22. Etes-vous satisfait(e) de la vie que vous menez ? La note 0 signifiant que vous n'êtes pas du tout satisfait(e) de la vie que vous menez et la note 10 signifiant que
vous êtes tout à fait satisfait(e) de la vie que vous menez. Les notes intermédiaires permettent de nuancer votre jugement. Merci de faire glisser le curseur pour sélectionner
une note."
1st round vote,Melenchon,942.3053,0.24168833604140824,0.646024807458899,0.07499990000000001,0.00697822,0.01616737,0.0349999,0.04640464,0.0449999,0.09147512,0.172047,0.2760921,0.19854945,0.06115459000000001,0.01474079,0.01943858,0.01695234,6.342183,"new22. Etes-vous satisfait(e) de la vie que vous menez ? La note 0 signifiant que vous n'êtes pas du tout satisfait(e) de la vie que vous menez et la note 10 signifiant que
vous êtes tout à fait satisfait(e) de la vie que vous menez. Les notes intermédiaires permettent de nuancer votre jugement. Merci de faire glisser le curseur pour sélectionner
une note."
1st round vote,Hidalgo,75.31895,0.18735789598766311,0.715,0.09156262799733667,0.01218337,0.0,0.0277249,0.0,0.04999685,0.09745285,0.14611024,0.24806918,0.31699153999999996,0.06708695,0.024475670000000005,0.0049999,0.00490855,6.806978,"new22. Etes-vous satisfait(e) de la vie que vous menez ? La note 0 signifiant que vous n'êtes pas du tout satisfait(e) de la vie que vous menez et la note 10 signifiant que
vous êtes tout à fait satisfait(e) de la vie que vous menez. Les notes intermédiaires permettent de nuancer votre jugement. Merci de faire glisser le curseur pour sélectionner
une note."
1st round vote,Jadot,198.8808,0.2049999,0.6689574860921718,0.095,0.00320547,0.012038790000000002,0.015,0.03438311,0.05348948,0.09176733,0.16292101,0.24933784,0.25637216,0.057868079999999995,0.03520788,0.02047214,0.00793671,6.655782,"new22. Etes-vous satisfait(e) de la vie que vous menez ? La note 0 signifiant que vous n'êtes pas du tout satisfait(e) de la vie que vous menez et la note 10 signifiant que
vous êtes tout à fait satisfait(e) de la vie que vous menez. Les notes intermédiaires permettent de nuancer votre jugement. Merci de faire glisser le curseur pour sélectionner
une note."
1st round vote,Macron,1195.294,0.09925834146243517,0.678314540188439,0.20497844045063388,0.0036922,0.00408618,0.00908233,0.01644577,0.02528953,0.04066231,0.09821977000000001,0.23649236,0.34360275,0.15005932,0.05491922,0.00891445,0.0085349,7.398461,"new22. Etes-vous satisfait(e) de la vie que vous menez ? La note 0 signifiant que vous n'êtes pas du tout satisfait(e) de la vie que vous menez et la note 10 signifiant que
vous êtes tout à fait satisfait(e) de la vie que vous menez. Les notes intermédiaires permettent de nuancer votre jugement. Merci de faire glisser le curseur pour sélectionner
une note."
1st round vote,Pecresse,205.1207,0.1209919817941339,0.7054080841182777,0.16411064314815618,0.00730944,0.0035193900000000003,0.01266424,0.01676009,0.01551721,0.0649999,0.14166625,0.22558357,0.33838023000000017,0.14267253,0.02143809,0.00730343,0.00218563,7.168108,"new22. Etes-vous satisfait(e) de la vie que vous menez ? La note 0 signifiant que vous n'êtes pas du tout satisfait(e) de la vie que vous menez et la note 10 signifiant que
vous êtes tout à fait satisfait(e) de la vie que vous menez. Les notes intermédiaires permettent de nuancer votre jugement. Merci de faire glisser le curseur pour sélectionner
une note."
1st round vote,Dupont-Aignan,88.56025,0.38879214997699313,0.470008948710059,0.1249999,0.010416240000000002,0.01690751,0.0449999,0.12752109,0.04848436,0.13942677,0.15054869,0.17427126000000004,0.1462252,0.05166819,0.07357937,0.00809738,0.00785404,5.9643,"new22. Etes-vous satisfait(e) de la vie que vous menez ? La note 0 signifiant que vous n'êtes pas du tout satisfait(e) de la vie que vous menez et la note 10 signifiant que
vous êtes tout à fait satisfait(e) de la vie que vous menez. Les notes intermédiaires permettent de nuancer votre jugement. Merci de faire glisser le curseur pour sélectionner
une note."
1st round vote,Zemmour,303.4525,0.3002236593865597,0.580734711363393,0.1012093490744021,0.01483155,0.01235436,0.0466093,0.06173081,0.04743962,0.11725815,0.16567387,0.19357086000000004,0.22149028,0.0799101,0.02129923,0.0092901,0.00854215,6.231071,"new22. Etes-vous satisfait(e) de la vie que vous menez ? La note 0 signifiant que vous n'êtes pas du tout satisfait(e) de la vie que vous menez et la note 10 signifiant que
vous êtes tout à fait satisfait(e) de la vie que vous menez. Les notes intermédiaires permettent de nuancer votre jugement. Merci de faire glisser le curseur pour sélectionner
une note."
1st round vote,Le Pen,993.0248,0.285,0.5849998999999999,0.10499990000000001,0.0194241,0.01952158,0.02877186,0.05812929,0.04529481,0.10598557,0.14499990000000001,0.2612474100000001,0.1849999,0.07298443,0.03271327,0.0176195,0.00830838,6.288383,"new22. Etes-vous satisfait(e) de la vie que vous menez ? La note 0 signifiant que vous n'êtes pas du tout satisfait(e) de la vie que vous menez et la note 10 signifiant que
vous êtes tout à fait satisfait(e) de la vie que vous menez. Les notes intermédiaires permettent de nuancer votre jugement. Merci de faire glisser le curseur pour sélectionner
une note."
1st round vote,Lassalle,134.5409,0.2115921626806421,0.685,0.10321924411089863,0.00807338,0.01169328,0.014746679999999998,0.01939907,0.07068022,0.08699957,0.11633124,0.305,0.25921815000000015,0.08427057999999998,0.01894862,0.00463921,0,6.703007,"new22. Etes-vous satisfait(e) de la vie que vous menez ? La note 0 signifiant que vous n'êtes pas du tout satisfait(e) de la vie que vous menez et la note 10 signifiant que
vous êtes tout à fait satisfait(e) de la vie que vous menez. Les notes intermédiaires permettent de nuancer votre jugement. Merci de faire glisser le curseur pour sélectionner
une note."
1st round vote,Blank/Null/NA,96.61228,0.31946767015538813,0.5016421307933112,0.09327772825566275,0.01337479,0.01699659,0.03365981,0.07629443,0.04829236,0.13084972,0.1016512,0.23811951999999997,0.16187145,0.06914119,0.02413654,0.05839646999999999,0.02721571,6.119909,"new22. Etes-vous satisfait(e) de la vie que vous menez ? La note 0 signifiant que vous n'êtes pas du tout satisfait(e) de la vie que vous menez et la note 10 signifiant que
vous êtes tout à fait satisfait(e) de la vie que vous menez. Les notes intermédiaires permettent de nuancer votre jugement. Merci de faire glisser le curseur pour sélectionner
une note."
1st round vote,Blank,63.86856,0.32944174723839087,0.4749999,0.115,0.0049999,0.01864573,0.027143289999999997,0.08809461,0.04797309,0.14233729,0.1091383,0.2241123800000002,0.14326193,0.09627418,0.01641072,0.04780385999999999,0.03380472,6.14046,"new22. Etes-vous satisfait(e) de la vie que vous menez ? La note 0 signifiant que vous n'êtes pas du tout satisfait(e) de la vie que vous menez et la note 10 signifiant que
vous êtes tout à fait satisfait(e) de la vie que vous menez. Les notes intermédiaires permettent de nuancer votre jugement. Merci de faire glisser le curseur pour sélectionner
une note."
1st round vote,Null,19.09123,0.3733456147141908,0.485,0.05731710319345585,0.03802443,0.023634039999999995,0.07953113,0.05132463,0.05271321,0.1281182,0.07761129,0.23737984999999995,0.16934624,0.01969045,0.03762663,0.0849999,0,5.708919,"new22. Etes-vous satisfait(e) de la vie que vous menez ? La note 0 signifiant que vous n'êtes pas du tout satisfait(e) de la vie que vous menez et la note 10 signifiant que
vous êtes tout à fait satisfait(e) de la vie que vous menez. Les notes intermédiaires permettent de nuancer votre jugement. Merci de faire glisser le curseur pour sélectionner
une note."
2nd round vote,Macron,2287.563,0.12259277667981165,0.695,0.1688249897379875,0.00342017,0.0049999,0.01642583,0.02190535,0.02740068,0.047941630000000006,0.11790858,0.26570757,0.3109380000000001,0.12327551,0.0455493,0.00952758,0.0049999,7.173122,"new22. Etes-vous satisfait(e) de la vie que vous menez ? La note 0 signifiant que vous n'êtes pas du tout satisfait(e) de la vie que vous menez et la note 10 signifiant que
vous êtes tout à fait satisfait(e) de la vie que vous menez. Les notes intermédiaires permettent de nuancer votre jugement. Merci de faire glisser le curseur pour sélectionner
une note."
2nd round vote,Le Pen,1619.66,0.2958352370250546,0.5744558734549225,0.105,0.01851428,0.01813198,0.03430477,0.065,0.049637810000000004,0.11046794,0.15215922,0.23139699000000005,0.19067897,0.07805595,0.02694217,0.01327127,0.01143865,6.217237,"new22. Etes-vous satisfait(e) de la vie que vous menez ? La note 0 signifiant que vous n'êtes pas du tout satisfait(e) de la vie que vous menez et la note 10 signifiant que
vous êtes tout à fait satisfait(e) de la vie que vous menez. Les notes intermédiaires permettent de nuancer votre jugement. Merci de faire glisser le curseur pour sélectionner
une note."
2nd round vote,Blank/Null/NA,370.4173,0.2649999,0.605,0.07932985311431189,0.01333675,0.013375009999999998,0.02585004,0.03003615,0.07433751,0.10915081000000001,0.14551783,0.23387025000000006,0.225,0.058222930000000006,0.02110692,0.0436035,0.0065923,6.362867,"new22. Etes-vous satisfait(e) de la vie que vous menez ? La note 0 signifiant que vous n'êtes pas du tout satisfait(e) de la vie que vous menez et la note 10 signifiant que
vous êtes tout à fait satisfait(e) de la vie que vous menez. Les notes intermédiaires permettent de nuancer votre jugement. Merci de faire glisser le curseur pour sélectionner
une note."
