Indicator,Category,BASE,ST Oui,ST Non,Beaucoup,Assez,Peu,Pas du tout,No rep.,Question
Total,Total,5979.002,0.5813543798781133,0.4134144795402309,0.19122188,0.390133,0.27962158,0.13379306,0.00522985,q23. Est-ce que vous vous intéressez à la politique... ?
Gender,Man,2929.637,0.641177729527583,0.355,0.23170226,0.40947632999999994,0.25726139,0.09764687999999999,0.00391547,q23. Est-ce que vous vous intéressez à la politique... ?
Gender,Woman,3049.36,0.5238820604979406,0.4696254295983419,0.15233131,0.3715501,0.30110479,0.16852041,0.00649264,q23. Est-ce que vous vous intéressez à la politique... ?
Age,18-24,478.2759,0.5368646005370541,0.4586292138073443,0.13736433,0.39950016,0.31849127,0.14013809,0.00450609,q23. Est-ce que vous vous intéressez à la politique... ?
Age,25-34,836.9062,0.5542021316128378,0.4394745791105383,0.18322854,0.37097383,0.29933307,0.14014151,0.00632293,q23. Est-ce que vous vous intéressez à la politique... ?
Age,35-49,1494.556,0.517844563870474,0.47861987105200476,0.16583286000000003,0.35201157000000005,0.28938173,0.18923834,0.00353496,q23. Est-ce que vous vous intéressez à la politique... ?
Age,50-64,1554.412,0.558602030864404,0.4349999,0.17669466,0.38190724,0.28481484,0.15145836,0.00512636,q23. Est-ce que vous vous intéressez à la politique... ?
Age,65+,1614.848,0.6892865458544706,0.30416819415821184,0.24879783999999996,0.44048876000000003,0.24386332,0.06030493,0.00654599,q23. Est-ce que vous vous intéressez à la politique... ?
Socio-Professional Category,Total-CSP+,1734.019,0.6049998999999999,0.385,0.19450341,0.41450301000000006,0.26712481,0.11785672,0.006012419999999999,q23. Est-ce que vous vous intéressez à la politique... ?
Socio-Professional Category,Small Business owners,212.9949,0.5067379547585411,0.4876248210637907,0.14070426,0.36667087000000004,0.25915419,0.22847078,0.0049999,q23. Est-ce que vous vous intéressez à la politique... ?
Socio-Professional Category,Cadres/Prof Lib,597.9521,0.6949998999999999,0.2963844428341334,0.23475877,0.46301902999999994,0.22981824,0.06656617,0.00583765,q23. Est-ce que vous vous intéressez à la politique... ?
Socio-Professional Category,Prof Intermed,896.9079,0.5768213213419126,0.4149999,0.17748043,0.39934078,0.29266238,0.12412199999999998,0.00639334,q23. Est-ce que vous vous intéressez à la politique... ?
Socio-Professional Category,Total-CSP-,1674.09,0.495,0.4987525760263785,0.15763304,0.33861448999999993,0.33023302000000004,0.16851955000000002,0.0049999,q23. Est-ce que vous vous intéressez à la politique... ?
Socio-Professional Category,Salaried,956.6466,0.49732001347205956,0.49763392249551713,0.15576776,0.3415987300000001,0.30637646,0.19125715,0.0049999,q23. Est-ce que vous vous intéressez à la politique... ?
Socio-Professional Category,Blue collar,717.4432,0.4911790926445466,0.5002446186680701,0.16012027,0.33105854,0.36204329,0.13820118,0.00857681,q23. Est-ce que vous vous intéressez à la politique... ?
Political similarity,Far left,187.3446,0.6147922064473702,0.3802739443784342,0.18343335999999996,0.43129269000000015,0.29018072,0.09009323000000001,0.005,q23. Est-ce que vous vous intéressez à la politique... ?
Political similarity,Radical left,828.7407,0.705,0.2912732535037799,0.24627872,0.45744805,0.23162203000000003,0.0596513,0.0049999,q23. Est-ce que vous vous intéressez à la politique... ?
Political similarity,Left,1430.296,0.685,0.3104278415097294,0.25649474,0.42807761,0.24172773,0.06870002,0.0049999,q23. Est-ce que vous vous intéressez à la politique... ?
Political similarity,PC/LFI,641.3963,0.7282165488014196,0.2649999,0.265,0.46321664000000007,0.21451760999999997,0.05075953999999999,0.00650621,q23. Est-ce que vous vous intéressez à la politique... ?
Political similarity,PS,449.3176,0.705,0.29353001084310965,0.26512338,0.43860423,0.23089413999999997,0.06263574,0.00274269,q23. Est-ce que vous vous intéressez à la politique... ?
Political similarity,EELV,339.583,0.5749998999999999,0.4180642140507622,0.22970196,0.34499989999999997,0.30806139000000005,0.11060925,0.0066275,q23. Est-ce que vous vous intéressez à la politique... ?
Political similarity,EM,672.9198,0.7375905717144896,0.2588944477484538,0.28153444,0.45605539,0.23726587,0.02162855,0.00351508,q23. Est-ce que vous vous intéressez à la politique... ?
Political similarity,MoDem,161.1257,0.7735215424975657,0.22647802305901543,0.2785221200000001,0.4949999,0.18700350000000002,0.03947448,0,q23. Est-ce que vous vous intéressez à la politique... ?
Political similarity,Right,573.0042,0.7434233466351555,0.2515711054124909,0.25172172,0.49170163000000006,0.20814786,0.04342324000000001,0.00500581,q23. Est-ce que vous vous intéressez à la politique... ?
Political similarity,UDI/PR,89.32552,0.7772661161110509,0.22273399583903905,0.30640908,0.47085715,0.19412235,0.028611670000000002,0,q23. Est-ce que vous vous intéressez à la politique... ?
Political similarity,LR,397.5368,0.7571160707637632,0.2349999,0.24858463,0.50853154,0.19283551,0.04283352,0.007215310000000001,q23. Est-ce que vous vous intéressez à la politique... ?
Political similarity,Radical right,1008.8,0.6487633822363204,0.34713431800158606,0.21164948,0.437114,0.25155343,0.09558088,0.00410242,q23. Est-ce que vous vous intéressez à la politique... ?
Political similarity,Debout la France,86.14185,0.645139267382811,0.3548607326171889,0.20949074,0.43564853,0.29335695,0.06150372,0,q23. Est-ce que vous vous intéressez à la politique... ?
Political similarity,Reconquete,205.4045,0.8243217651025172,0.16917414175444062,0.3345451,0.489777,0.15818879,0.010985350000000001,0.00650392,q23. Est-ce que vous vous intéressez à la politique... ?
Political similarity,RN,717.2537,0.5989229473476401,0.3949999,0.17671446,0.42111577,0.27327011,0.12389966,0.005,q23. Est-ce que vous vous intéressez à la politique... ?
Political similarity,No preference,1860.95,0.3329335017061178,0.6612101346086676,0.07058615,0.2623474,0.37752147999999996,0.28368984,0.00585626,q23. Est-ce que vous vous intéressez à la politique... ?
Politics,Total-left,1649.278,0.6925005972310307,0.30110963706543104,0.28056822,0.41248204,0.23555992,0.0649999,0.00638992,q23. Est-ce que vous vous intéressez à la politique... ?
Politics,Very Left,217.9165,0.9133824194129402,0.08661803947842406,0.51494586,0.39843665,0.0604649,0.026153170000000003,0,q23. Est-ce que vous vous intéressez à la politique... ?
Politics,Left,1431.362,0.6588725284030175,0.3337646241831207,0.245,0.41387262999999996,0.26221704,0.07154759,0.0073627399999999996,q23. Est-ce que vous vous intéressez à la politique... ?
Politics,Center,776.1196,0.7049998999999999,0.295,0.22365714999999997,0.4827771200000001,0.245,0.04736191,0.00120382,q23. Est-ce que vous vous intéressez à la politique... ?
Politics,Total-right,1622.94,0.6850752338348922,0.3049999,0.22700531,0.45807004999999995,0.25428087,0.05475533,0.00588772,q23. Est-ce que vous vous intéressez à la politique... ?
Politics,Right,1193.119,0.6796832503715053,0.3152719049818166,0.21593068000000004,0.46379751,0.26867077,0.04660114,0.0049999,q23. Est-ce que vous vous intéressez à la politique... ?
Politics,Very Right,429.8207,0.7000419011927531,0.2917267595534603,0.25774631,0.44229559,0.21433668,0.07739015,0.00823083,q23. Est-ce que vous vous intéressez à la politique... ?
Politics,Both left and Right,200.4265,0.6778220444901247,0.3221780054034771,0.18969597000000002,0.48812642,0.28826213,0.03391589,0,q23. Est-ce que vous vous intéressez à la politique... ?
Politics,Neither left nor right,1673.316,0.3038846816739934,0.6911252865567532,0.05473096999999999,0.24915377999999996,0.36375424999999995,0.327361,0.005,q23. Est-ce que vous vous intéressez à la politique... ?
Loss of job risk,High risk,556.2398,0.5569892697358226,0.4400557097855997,0.2434779,0.315,0.27149721999999993,0.16707025000000003,0.00295463,q23. Est-ce que vous vous intéressez à la politique... ?
Loss of job risk,Low risk,1874.312,0.545,0.45362634395981033,0.13646405,0.40596491,0.30891564,0.14471075,0.00394488,q23. Est-ce que vous vous intéressez à la politique... ?
Loss of job risk,Zero risk,3478.817,0.6081279929355294,0.3849999,0.21320595,0.395,0.2643658600000001,0.12210168,0.00532651,q23. Est-ce que vous vous intéressez à la politique... ?
1st round vote,Arthaud,24.07418,0.3658034458494537,0.6341964710739889,0.049083829999999995,0.31671961,0.3398296,0.29436683,0,q23. Est-ce que vous vous intéressez à la politique... ?
1st round vote,Poutou,32.85668,0.5929926578096144,0.40700734219038565,0.17059213,0.4213144100000001,0.265,0.14309346,0,q23. Est-ce que vous vous intéressez à la politique... ?
1st round vote,Roussel,98.04205,0.745,0.2511691666993907,0.30849049,0.43607564,0.18953265,0.06163649,0.00426449,q23. Est-ce que vous vous intéressez à la politique... ?
1st round vote,Melenchon,942.3053,0.7024474976422185,0.29105959607783166,0.22967132,0.47277607,0.23748544999999996,0.0535741,0.00649258,q23. Est-ce que vous vous intéressez à la politique... ?
1st round vote,Hidalgo,75.31895,0.7549999,0.245,0.2946301,0.46175388,0.19861602,0.045,0,q23. Est-ce que vous vous intéressez à la politique... ?
1st round vote,Jadot,198.8808,0.6067820523650348,0.3788056966786135,0.18993467,0.41684738,0.34195483,0.03685085,0.01441232,q23. Est-ce que vous vous intéressez à la politique... ?
1st round vote,Macron,1195.294,0.701534434206145,0.29100480718551247,0.25255167,0.4489836,0.2472426,0.04376192,0.00746131,q23. Est-ce que vous vous intéressez à la politique... ?
1st round vote,Pecresse,205.1207,0.7049998999999999,0.295,0.24334502000000002,0.46287479,0.23578786,0.05540665,0.00258523,q23. Est-ce que vous vous intéressez à la politique... ?
1st round vote,Dupont-Aignan,88.56025,0.6287376108355611,0.3712623891644389,0.13672782,0.4920099,0.27340099,0.09786138,0,q23. Est-ce que vous vous intéressez à la politique... ?
1st round vote,Zemmour,303.4525,0.7591082624133926,0.23648907160099192,0.28388967,0.47521902,0.20682769,0.02966137,0.00440245,q23. Est-ce que vous vous intéressez à la politique... ?
1st round vote,Le Pen,993.0248,0.6089124863749626,0.3867511667382325,0.17662065999999998,0.43209092000000004,0.28195237,0.105,0.00433605,q23. Est-ce que vous vous intéressez à la politique... ?
1st round vote,Lassalle,134.5409,0.4263646222078194,0.5685346983705327,0.08707902,0.33928567000000004,0.43089060999999995,0.1377448,0.0049999,q23. Est-ce que vous vous intéressez à la politique... ?
1st round vote,Blank/Null/NA,96.61228,0.43860376755418673,0.5456502009889426,0.0984118,0.34093820000000014,0.31888586,0.22676424,0.0149999,q23. Est-ce que vous vous intéressez à la politique... ?
1st round vote,Blank,63.86856,0.475,0.5149999,0.125,0.3483905200000001,0.32265187,0.19308405,0.01087356,q23. Est-ce que vous vous intéressez à la politique... ?
1st round vote,Null,19.09123,0.370835561668892,0.6291648049916114,0.054999900000000004,0.31582103,0.25571244,0.3734666300000001,0,q23. Est-ce que vous vous intéressez à la politique... ?
2nd round vote,Macron,2287.563,0.6719014951719362,0.32194134106907657,0.23169198,0.44020995,0.26290611,0.05903536,0.00615886,q23. Est-ce que vous vous intéressez à la politique... ?
2nd round vote,Le Pen,1619.66,0.6298809626711779,0.3657452181322005,0.18445093,0.4450351899999999,0.265,0.1011411,0.00437278,q23. Est-ce que vous vous intéressez à la politique... ?
2nd round vote,Blank/Null/NA,370.4173,0.6149998999999999,0.37504457810150876,0.1849999,0.4326124800000001,0.27794436,0.09710032,0.00734294,q23. Est-ce que vous vous intéressez à la politique... ?
