Indicator,Category,BASE,ST Elevé,ST Faible,Très élevé,Assez élevé,Assez faible,Très faible,Je ne sais pas,No rep.,Question
Total,Total,5979.002,0.25780740665415397,0.33960383354947865,0.08335468,0.175,0.3791947599999999,0.23051406,0.10908985999999998,0.02284664,"q14v13b_i6. Et si une de ces installations devait être construite près de votre commune, pensez-vous qu'elle présenterait un risque pour vous ou pour votre environnement ?
- Un barrage hydraulique"
Gender,Man,2929.637,0.21707819091580285,0.3583638519038365,0.06744119,0.14963693,0.4095579199999999,0.28035859,0.07800547,0.0149999,"q14v13b_i6. Et si une de ces installations devait être construite près de votre commune, pensez-vous qu'elle présenterait un risque pour vous ou pour votre environnement ?
- Un barrage hydraulique"
Gender,Woman,3049.36,0.2969380788099798,0.3215811514547315,0.09864339,0.19829449000000002,0.35297866,0.18262708,0.13895388,0.02850096,"q14v13b_i6. Et si une de ces installations devait être construite près de votre commune, pensez-vous qu'elle présenterait un risque pour vous ou pour votre environnement ?
- Un barrage hydraulique"
Age,18-24,478.2759,0.30899528912077734,0.3149999,0.11960159,0.18939357,0.35795530999999997,0.19104895,0.12499990000000001,0.01700068,"q14v13b_i6. Et si une de ces installations devait être construite près de votre commune, pensez-vous qu'elle présenterait un risque pour vous ou pour votre environnement ?
- Un barrage hydraulique"
Age,25-34,836.9062,0.26978423627402925,0.36956363807556925,0.10006586,0.16971841999999998,0.33846983,0.23402252,0.13554124,0.02218213,"q14v13b_i6. Et si une de ces installations devait être construite près de votre commune, pensez-vous qu'elle présenterait un risque pour vous ou pour votre environnement ?
- Un barrage hydraulique"
Age,35-49,1494.556,0.2949999,0.325,0.0836971,0.21306074,0.3582453700000001,0.205,0.11824394999999999,0.02175284,"q14v13b_i6. Et si une de ces installations devait être construite près de votre commune, pensez-vous qu'elle présenterait un risque pour vous ou pour votre environnement ?
- Un barrage hydraulique"
Age,50-64,1554.412,0.2811497852564185,0.32117199301086197,0.08391610000000001,0.19723349000000004,0.3786858699999999,0.21499990000000002,0.10615693000000001,0.01900771,"q14v13b_i6. Et si une de ces installations devait être construite près de votre commune, pensez-vous qu'elle présenterait un risque pour vous ou pour votre environnement ?
- Un barrage hydraulique"
Age,65+,1614.848,0.17792299956404567,0.3640132074350032,0.06310123,0.115,0.42825541,0.27938394,0.08462933,0.02963009,"q14v13b_i6. Et si une de ces installations devait être construite près de votre commune, pensez-vous qu'elle présenterait un risque pour vous ou pour votre environnement ?
- Un barrage hydraulique"
Socio-Professional Category,Total-CSP+,1734.019,0.2763180218901869,0.33257461423433077,0.08923703,0.18708111,0.3815206199999999,0.23903873,0.09353571,0.00958712,"q14v13b_i6. Et si une de ces installations devait être construite près de votre commune, pensez-vous qu'elle présenterait un risque pour vous ou pour votre environnement ?
- Un barrage hydraulique"
Socio-Professional Category,Small Business owners,212.9949,0.235,0.3949999,0.05602932,0.17521232,0.36303541000000006,0.24355208,0.1524467,0.00972443,"q14v13b_i6. Et si une de ces installations devait être construite près de votre commune, pensez-vous qu'elle présenterait un risque pour vous ou pour votre environnement ?
- Un barrage hydraulique"
Socio-Professional Category,Cadres/Prof Lib,597.9521,0.28308906348853025,0.3392985826122193,0.10093461,0.18215439,0.37181523,0.25342565,0.08587285,0.00579739,"q14v13b_i6. Et si une de ces installations devait être construite près de votre commune, pensez-vous qu'elle présenterait un risque pour vous ou pour votre environnement ?
- Un barrage hydraulique"
Socio-Professional Category,Prof Intermed,896.9079,0.2790545160768458,0.30786148722739537,0.08884159999999999,0.19021284,0.40072219,0.22776441,0.08009712,0.01236072,"q14v13b_i6. Et si une de ces installations devait être construite près de votre commune, pensez-vous qu'elle présenterait un risque pour vous ou pour votre environnement ?
- Un barrage hydraulique"
Socio-Professional Category,Total-CSP-,1674.09,0.27756279530969064,0.3536460405354551,0.09590016000000001,0.18166275000000004,0.345,0.21373456999999987,0.13976304,0.02393948,"q14v13b_i6. Et si une de ces installations devait être construite près de votre commune, pensez-vous qu'elle présenterait un risque pour vous ou pour votre environnement ?
- Un barrage hydraulique"
Socio-Professional Category,Salaried,956.6466,0.29500695450127556,0.3323020225023535,0.08759379,0.20741327,0.3444391800000001,0.1849999,0.14688183,0.02867203,"q14v13b_i6. Et si une de ces installations devait être construite près de votre commune, pensez-vous qu'elle présenterait un risque pour vous ou pour votre environnement ?
- Un barrage hydraulique"
Socio-Professional Category,Blue collar,717.4432,0.255,0.3821062071534025,0.10697593,0.14732665,0.34499989999999997,0.25279738000000007,0.13027108,0.01762906,"q14v13b_i6. Et si une de ces installations devait être construite près de votre commune, pensez-vous qu'elle présenterait un risque pour vous ou pour votre environnement ?
- Un barrage hydraulique"
Political similarity,Far left,187.3446,0.32975223198320097,0.3601488914011933,0.19252319,0.1372291,0.29180692,0.30662624,0.05352271,0.01829239,"q14v13b_i6. Et si une de ces installations devait être construite près de votre commune, pensez-vous qu'elle présenterait un risque pour vous ou pour votre environnement ?
- Un barrage hydraulique"
Political similarity,Radical left,828.7407,0.28499990000000003,0.2949999,0.12232729,0.16272822,0.405,0.2313985899999999,0.06345265,0.01509325,"q14v13b_i6. Et si une de ces installations devait être construite près de votre commune, pensez-vous qu'elle présenterait un risque pour vous ou pour votre environnement ?
- Un barrage hydraulique"
Political similarity,Left,1430.296,0.2546414867971385,0.29629531229899264,0.08028219,0.17435936,0.43120850999999993,0.22664503999999996,0.06965025,0.01785539,"q14v13b_i6. Et si une de ces installations devait être construite près de votre commune, pensez-vous qu'elle présenterait un risque pour vous ou pour votre environnement ?
- Un barrage hydraulique"
Political similarity,PC/LFI,641.3963,0.2720001658880789,0.27683461847223,0.10182383,0.17017622,0.43700689,0.21048157,0.06635306,0.01415882,"q14v13b_i6. Et si une de ces installations devait être construite près de votre commune, pensez-vous qu'elle présenterait un risque pour vous ou pour votre environnement ?
- Un barrage hydraulique"
Political similarity,PS,449.3176,0.24874543084891398,0.3309296141526617,0.08028693,0.16845857,0.39980295,0.24645640000000002,0.08447323,0.020522420000000003,"q14v13b_i6. Et si une de ces installations devait être construite près de votre commune, pensez-vous qu'elle présenterait un risque pour vous ou pour votre environnement ?
- Un barrage hydraulique"
Political similarity,EELV,339.583,0.22965584260696204,0.2872248905274999,0.03958841,0.19006747,0.46181050999999995,0.23096027,0.05626462,0.02130845,"q14v13b_i6. Et si une de ces installations devait être construite près de votre commune, pensez-vous qu'elle présenterait un risque pour vous ou pour votre environnement ?
- Un barrage hydraulique"
Political similarity,EM,672.9198,0.2114809223922375,0.38506505530079516,0.05365959,0.15782133,0.39139107000000006,0.31004274,0.07502233,0.012062370000000001,"q14v13b_i6. Et si une de ces installations devait être construite près de votre commune, pensez-vous qu'elle présenterait un risque pour vous ou pour votre environnement ?
- Un barrage hydraulique"
Political similarity,MoDem,161.1257,0.19198551193260915,0.3708466123033135,0.0449999,0.14632085,0.4217552,0.29907178,0.07177483,0.01607744,"q14v13b_i6. Et si une de ces installations devait être construite près de votre commune, pensez-vous qu'elle présenterait un risque pour vous ou pour votre environnement ?
- Un barrage hydraulique"
Political similarity,Right,573.0042,0.25344840404311175,0.2982381280974904,0.07919856,0.17424970000000004,0.44047861999999993,0.23907224,0.059165880000000004,0.00783507,"q14v13b_i6. Et si une de ces installations devait être construite près de votre commune, pensez-vous qu'elle présenterait un risque pour vous ou pour votre environnement ?
- Un barrage hydraulique"
Political similarity,UDI/PR,89.32552,0.19173938198176738,0.38926882261642587,0.08811334000000001,0.10362601999999999,0.41899213,0.28867271,0.1005961,0,"q14v13b_i6. Et si une de ces installations devait être construite près de votre commune, pensez-vous qu'elle présenterait un risque pour vous ou pour votre environnement ?
- Un barrage hydraulique"
Political similarity,LR,397.5368,0.2579107141779075,0.28432613031045173,0.06672545,0.19118524,0.44702024,0.23877581,0.0449999,0.01129336,"q14v13b_i6. Et si une de ces installations devait être construite près de votre commune, pensez-vous qu'elle présenterait un risque pour vous ou pour votre environnement ?
- Un barrage hydraulique"
Political similarity,Radical right,1008.8,0.2788579500396511,0.35061915146708966,0.09108859,0.18776943,0.3569297600000001,0.2549999,0.09555557,0.01365675,"q14v13b_i6. Et si une de ces installations devait être construite près de votre commune, pensez-vous qu'elle présenterait un risque pour vous ou pour votre environnement ?
- Un barrage hydraulique"
Political similarity,Debout la France,86.14185,0.2968444490105564,0.26804590335591816,0.12751665,0.1693278,0.4349999,0.18911630999999987,0.07903934,0,"q14v13b_i6. Et si une de ces installations devait être construite près de votre commune, pensez-vous qu'elle présenterait un risque pour vous ou pour votre environnement ?
- Un barrage hydraulique"
Political similarity,Reconquete,205.4045,0.2049999,0.365,0.061375240000000005,0.1439727,0.4271917,0.315,0.04838186,0.0040785,"q14v13b_i6. Et si une de ces installations devait être construite près de votre commune, pensez-vous qu'elle présenterait un risque pour vous ou pour votre environnement ?
- Un barrage hydraulique"
Political similarity,RN,717.2537,0.2949999,0.3569618393045585,0.09499990000000001,0.20252653000000004,0.32747163000000007,0.24591341,0.11104862000000001,0.01803991,"q14v13b_i6. Et si une de ces installations devait être construite près de votre commune, pensez-vous qu'elle présenterait un risque pour vous ou pour votre environnement ?
- Un barrage hydraulique"
Political similarity,No preference,1860.95,0.26513990166312906,0.35518461001101587,0.08836729,0.17677256,0.34499989999999997,0.17728574,0.17832158999999997,0.03425292,"q14v13b_i6. Et si une de ces installations devait être construite près de votre commune, pensez-vous qu'elle présenterait un risque pour vous ou pour votre environnement ?
- Un barrage hydraulique"
Politics,Total-left,1649.278,0.2549999,0.3190735582479121,0.09491487,0.16305862,0.40519931,0.24399719,0.07507643,0.01775379,"q14v13b_i6. Et si une de ces installations devait être construite près de votre commune, pensez-vous qu'elle présenterait un risque pour vous ou pour votre environnement ?
- Un barrage hydraulique"
Politics,Very Left,217.9165,0.2949999,0.36624546557970594,0.12499990000000001,0.17164455,0.31780255,0.33767831000000004,0.02978393,0.01809076,"q14v13b_i6. Et si une de ces installations devait être construite près de votre commune, pensez-vous qu'elle présenterait un risque pour vous ou pour votre environnement ?
- Un barrage hydraulique"
Politics,Left,1431.362,0.2519006372951077,0.3118918205178005,0.09014924,0.16175139,0.41850482,0.22991996,0.08197193000000001,0.01770247,"q14v13b_i6. Et si une de ces installations devait être construite près de votre commune, pensez-vous qu'elle présenterait un risque pour vous ou pour votre environnement ?
- Un barrage hydraulique"
Politics,Center,776.1196,0.235,0.3131508339694037,0.065,0.16953805,0.43845386,0.2518376,0.061313139999999995,0.01385735,"q14v13b_i6. Et si une de ces installations devait être construite près de votre commune, pensez-vous qu'elle présenterait un risque pour vous ou pour votre environnement ?
- Un barrage hydraulique"
Politics,Total-right,1622.94,0.25527943115580365,0.3313235239750083,0.07554789,0.17973153999999997,0.40242812,0.25837184,0.0729518,0.010967799999999998,"q14v13b_i6. Et si une de ces installations devait être construite près de votre commune, pensez-vous qu'elle présenterait un risque pour vous ou pour votre environnement ?
- Un barrage hydraulique"
Politics,Right,1193.119,0.26264085979688534,0.327041057933031,0.06796961,0.19467119,0.40150278,0.24903065,0.07801049,0.00881444,"q14v13b_i6. Et si une de ces installations devait être construite près de votre commune, pensez-vous qu'elle présenterait un risque pour vous ou pour votre environnement ?
- Un barrage hydraulique"
Politics,Very Right,429.8207,0.235,0.34321125064474556,0.09658402,0.13826114,0.40499794,0.28430134,0.05890974999999999,0.01694519,"q14v13b_i6. Et si une de ces installations devait être construite près de votre commune, pensez-vous qu'elle présenterait un risque pour vous ou pour votre environnement ?
- Un barrage hydraulique"
Politics,Both left and Right,200.4265,0.21822523468702992,0.4149999,0.03933381,0.17889141,0.34658764,0.28499990000000003,0.13049148,0.01969576,"q14v13b_i6. Et si une de ces installations devait être construite près de votre commune, pensez-vous qu'elle présenterait un risque pour vous ou pour votre environnement ?
- Un barrage hydraulique"
Politics,Neither left nor right,1673.316,0.274289136062764,0.37582763805521496,0.09128203999999998,0.18300709,0.31228925,0.17749970999999998,0.19832787,0.03759493,"q14v13b_i6. Et si une de ces installations devait être construite près de votre commune, pensez-vous qu'elle présenterait un risque pour vous ou pour votre environnement ?
- Un barrage hydraulique"
Loss of job risk,High risk,556.2398,0.3602992809935571,0.2770470577617783,0.15015483,0.21014444,0.35288629,0.18995369,0.08709335,0.00976724,"q14v13b_i6. Et si une de ces installations devait être construite près de votre commune, pensez-vous qu'elle présenterait un risque pour vous ou pour votre environnement ?
- Un barrage hydraulique"
Loss of job risk,Low risk,1874.312,0.31322901416626475,0.29837913858525156,0.09061698,0.22261203,0.3752395499999999,0.19118215,0.10719709,0.013152499999999998,"q14v13b_i6. Et si une de ces installations devait être construite près de votre commune, pensez-vous qu'elle présenterait un risque pour vous ou pour votre environnement ?
- Un barrage hydraulique"
Loss of job risk,Zero risk,3478.817,0.21353957394137144,0.37367530398983334,0.06955977,0.14397963,0.38603468,0.26021596,0.11345946,0.026752,"q14v13b_i6. Et si une de ces installations devait être construite près de votre commune, pensez-vous qu'elle présenterait un risque pour vous ou pour votre environnement ?
- Un barrage hydraulique"
1st round vote,Arthaud,24.07418,0.3549999,0.27815792687435253,0.13902717,0.21499990000000002,0.3309783300000001,0.24625113000000004,0.03190678,0.03683669,"q14v13b_i6. Et si une de ces installations devait être construite près de votre commune, pensez-vous qu'elle présenterait un risque pour vous ou pour votre environnement ?
- Un barrage hydraulique"
1st round vote,Poutou,32.85668,0.2539488164963716,0.30744707012394434,0.07997281,0.17397601,0.43120516,0.13821533,0.16923182999999997,0.00739894,"q14v13b_i6. Et si une de ces installations devait être construite près de votre commune, pensez-vous qu'elle présenterait un risque pour vous ou pour votre environnement ?
- Un barrage hydraulique"
1st round vote,Roussel,98.04205,0.155,0.3849999,0.03593741,0.11879545999999999,0.42963022999999995,0.2249999,0.16072277,0.029914229999999997,"q14v13b_i6. Et si une de ces installations devait être construite près de votre commune, pensez-vous qu'elle présenterait un risque pour vous ou pour votre environnement ?
- Un barrage hydraulique"
1st round vote,Melenchon,942.3053,0.2505057543452212,0.3092048829609682,0.07691508,0.17359066000000004,0.42075429000000003,0.21540015,0.0938047,0.01953456,"q14v13b_i6. Et si une de ces installations devait être construite près de votre commune, pensez-vous qu'elle présenterait un risque pour vous ou pour votre environnement ?
- Un barrage hydraulique"
1st round vote,Hidalgo,75.31895,0.2504171924860875,0.2804946165606398,0.07499990000000001,0.17532002,0.43950706000000006,0.24484237,0.03565237,0.02967828,"q14v13b_i6. Et si une de ces installations devait être construite près de votre commune, pensez-vous qu'elle présenterait un risque pour vous ou pour votre environnement ?
- Un barrage hydraulique"
1st round vote,Jadot,198.8808,0.2330322484623956,0.34058601936436295,0.04096354,0.19206872,0.395,0.27076671999999996,0.06949997,0.03170105,"q14v13b_i6. Et si une de ces installations devait être construite près de votre commune, pensez-vous qu'elle présenterait un risque pour vous ou pour votre environnement ?
- Un barrage hydraulique"
1st round vote,Macron,1195.294,0.2070871266818038,0.37109840758842594,0.05554684,0.15154037,0.40499989999999997,0.27868270000000006,0.09249883,0.01673136,"q14v13b_i6. Et si une de ces installations devait être construite près de votre commune, pensez-vous qu'elle présenterait un risque pour vous ou pour votre environnement ?
- Un barrage hydraulique"
1st round vote,Pecresse,205.1207,0.19057925406845821,0.34820113230892835,0.06664344,0.12393575999999999,0.4544447200000001,0.28731225,0.06088888,0.00677438,"q14v13b_i6. Et si une de ces installations devait être construite près de votre commune, pensez-vous qu'elle présenterait un risque pour vous ou pour votre environnement ?
- Un barrage hydraulique"
1st round vote,Dupont-Aignan,88.56025,0.325,0.27263540922705165,0.165,0.15949402,0.4028705600000001,0.16129821,0.11133720999999999,0,"q14v13b_i6. Et si une de ces installations devait être construite près de votre commune, pensez-vous qu'elle présenterait un risque pour vous ou pour votre environnement ?
- Un barrage hydraulique"
1st round vote,Zemmour,303.4525,0.21797045666125672,0.37340704064062746,0.07838512,0.13958531,0.4004218600000001,0.29829924,0.07499990000000001,0.00830857,"q14v13b_i6. Et si une de ces installations devait être construite près de votre commune, pensez-vous qu'elle présenterait un risque pour vous ou pour votre environnement ?
- Un barrage hydraulique"
1st round vote,Le Pen,993.0248,0.2794683476183072,0.32899520737045035,0.10394029999999999,0.17552804,0.37814745000000005,0.22193977,0.10705553000000001,0.013388780000000001,"q14v13b_i6. Et si une de ces installations devait être construite près de votre commune, pensez-vous qu'elle présenterait un risque pour vous ou pour votre environnement ?
- Un barrage hydraulique"
1st round vote,Lassalle,134.5409,0.30154986327577715,0.28783180430634847,0.15390339,0.14764655,0.40695681000000017,0.22285565,0.065,0.0036376,"q14v13b_i6. Et si une de ces installations devait être construite près de votre commune, pensez-vous qu'elle présenterait un risque pour vous ou pour votre environnement ?
- Un barrage hydraulique"
1st round vote,Blank/Null/NA,96.61228,0.3012701904975227,0.35794911371515087,0.13006173,0.17120846,0.30115582,0.12269341000000002,0.2352557,0.0396244,"q14v13b_i6. Et si une de ces installations devait être construite près de votre commune, pensez-vous qu'elle présenterait un risque pour vous ou pour votre environnement ?
- Un barrage hydraulique"
1st round vote,Blank,63.86856,0.31486164710774756,0.332083266007563,0.13422055,0.18064115,0.31699055,0.11005384,0.22202943000000003,0.03606421,"q14v13b_i6. Et si une de ces installations devait être construite près de votre commune, pensez-vous qu'elle présenterait un risque pour vous ou pour votre environnement ?
- Un barrage hydraulique"
1st round vote,Null,19.09123,0.2576775304681783,0.48230360222992447,0.11768744,0.13999004,0.26001923,0.18078332,0.30152028,0,"q14v13b_i6. Et si une de ces installations devait être construite près de votre commune, pensez-vous qu'elle présenterait un risque pour vous ou pour votre environnement ?
- Un barrage hydraulique"
2nd round vote,Macron,2287.563,0.20934575353771676,0.3608965960718896,0.05765642,0.15168924,0.41274247,0.27472599,0.0861707,0.017017,"q14v13b_i6. Et si une de ces installations devait être construite près de votre commune, pensez-vous qu'elle présenterait un risque pour vous ou pour votre environnement ?
- Un barrage hydraulique"
2nd round vote,Le Pen,1619.66,0.2812018571799019,0.3195807762122915,0.09805180999999999,0.18315010999999998,0.38814881,0.22196517000000002,0.09761573000000001,0.0110681,"q14v13b_i6. Et si une de ces installations devait être construite près de votre commune, pensez-vous qu'elle présenterait un risque pour vous ou pour votre environnement ?
- Un barrage hydraulique"
2nd round vote,Blank/Null/NA,370.4173,0.275,0.2989136846470184,0.08699715,0.18612916,0.40451377,0.1968989,0.10201464999999998,0.02344677,"q14v13b_i6. Et si une de ces installations devait être construite près de votre commune, pensez-vous qu'elle présenterait un risque pour vous ou pour votre environnement ?
- Un barrage hydraulique"
