Indicator,Category,BASE,ST Améliorée,ST Aggravée,Beaucoup améliorée,Un peu améliorée,Un peu aggravée,Beaucoup aggravée,N'a pas changée,No rep.,Question
Total,Total,5979.002,0.20721802735640496,0.5937596274428408,0.028354009999999995,0.17886396,0.3187602400000001,0.2749999,0.17571762,0.02330427,"q8v13b_i1. Par rapport à il y a cinq ans, avez-vous le sentiment que la situation en France s'est... :
- En matière de sécurité quotidienne"
Gender,Man,2929.637,0.2066024562087385,0.594706443153196,0.02668375,0.17991874,0.3049999,0.2897048600000002,0.1793742,0.01931855,"q8v13b_i1. Par rapport à il y a cinq ans, avez-vous le sentiment que la situation en France s'est... :
- En matière de sécurité quotidienne"
Gender,Woman,3049.36,0.20781003226906627,0.5928516147650654,0.02995876,0.17785125,0.33049263000000006,0.26235787,0.17220459,0.027133540000000005,"q8v13b_i1. Par rapport à il y a cinq ans, avez-vous le sentiment que la situation en France s'est... :
- En matière de sécurité quotidienne"
Age,18-24,478.2759,0.2947537185126828,0.5288796696634726,0.05049698,0.24425671,0.30194162,0.22693805,0.15714595,0.01922073,"q8v13b_i1. Par rapport à il y a cinq ans, avez-vous le sentiment que la situation en France s'est... :
- En matière de sécurité quotidienne"
Age,25-34,836.9062,0.28631679392505394,0.5449999,0.065,0.22247081,0.33268737000000004,0.21239298,0.14870603,0.01874281,"q8v13b_i1. Par rapport à il y a cinq ans, avez-vous le sentiment que la situation en France s'est... :
- En matière de sécurité quotidienne"
Age,35-49,1494.556,0.20466526513559877,0.5964468377230427,0.02000959,0.18465571,0.32822664,0.26822039,0.16765373999999997,0.03123343,"q8v13b_i1. Par rapport à il y a cinq ans, avez-vous le sentiment que la situation en France s'est... :
- En matière de sécurité quotidienne"
Age,50-64,1554.412,0.1827796620201079,0.605560559233974,0.0249999,0.15745073,0.29831319,0.30757514,0.18760226,0.024058780000000002,"q8v13b_i1. Par rapport à il y a cinq ans, avez-vous le sentiment que la situation en France s'est... :
- En matière de sécurité quotidienne"
Age,65+,1614.848,0.1649999,0.625,0.01403671,0.15214918,0.325,0.2987608699999999,0.19124023,0.01881301,"q8v13b_i1. Par rapport à il y a cinq ans, avez-vous le sentiment que la situation en France s'est... :
- En matière de sécurité quotidienne"
Socio-Professional Category,Total-CSP+,1734.019,0.24149683480976852,0.558742032238401,0.04107127,0.2004256,0.31601897,0.24272305999999996,0.19125506000000003,0.00850607,"q8v13b_i1. Par rapport à il y a cinq ans, avez-vous le sentiment que la situation en France s'est... :
- En matière de sécurité quotidienne"
Socio-Professional Category,Small Business owners,212.9949,0.24881079312227664,0.5707141344698864,0.02816953,0.22064125,0.31995935,0.2507545,0.15345588,0.02701968,"q8v13b_i1. Par rapport à il y a cinq ans, avez-vous le sentiment que la situation en France s'est... :
- En matière de sécurité quotidienne"
Socio-Professional Category,Cadres/Prof Lib,597.9521,0.260671381537083,0.5537249555608217,0.04349666,0.21717475,0.3139325,0.23979245,0.17841262,0.00719099,"q8v13b_i1. Par rapport à il y a cinq ans, avez-vous le sentiment que la situation en France s'est... :
- En matière de sécurité quotidienne"
Socio-Professional Category,Prof Intermed,896.9079,0.22352830206981117,0.5656760298353933,0.04155838,0.18196985,0.32010033,0.2458113,0.20556024,0.0049999,"q8v13b_i1. Par rapport à il y a cinq ans, avez-vous le sentiment que la situation en France s'est... :
- En matière de sécurité quotidienne"
Socio-Professional Category,Total-CSP-,1674.09,0.21295898069996236,0.6027256599107575,0.03280396,0.18015495,0.32153365,0.28115842,0.14934902,0.035,"q8v13b_i1. Par rapport à il y a cinq ans, avez-vous le sentiment que la situation en France s'est... :
- En matière de sécurité quotidienne"
Socio-Professional Category,Salaried,956.6466,0.19154283305872827,0.5960672415498053,0.024860529999999995,0.16668224000000004,0.31980598,0.27626127,0.17460480999999997,0.03778454,"q8v13b_i1. Par rapport à il y a cinq ans, avez-vous le sentiment que la situation en France s'est... :
- En matière de sécurité quotidienne"
Socio-Professional Category,Blue collar,717.4432,0.24151514712244815,0.6116047932435626,0.04339583,0.19811938,0.32391623,0.28768828,0.11567259,0.03120791,"q8v13b_i1. Par rapport à il y a cinq ans, avez-vous le sentiment que la situation en France s'est... :
- En matière de sécurité quotidienne"
Political similarity,Far left,187.3446,0.4249999,0.4170922460535291,0.13350355,0.29240637,0.28500000000000003,0.13275648,0.12107437,0.03525923,"q8v13b_i1. Par rapport à il y a cinq ans, avez-vous le sentiment que la situation en France s'est... :
- En matière de sécurité quotidienne"
Political similarity,Radical left,828.7407,0.2943506937694746,0.4765877915734077,0.07191787,0.22243278,0.2869748,0.18961275,0.2099407,0.01912164,"q8v13b_i1. Par rapport à il y a cinq ans, avez-vous le sentiment que la situation en France s'est... :
- En matière de sécurité quotidienne"
Political similarity,Left,1430.296,0.2722098782349947,0.4679708955349102,0.03691381,0.2349999,0.3125086299999999,0.1557579,0.24831867,0.01150109,"q8v13b_i1. Par rapport à il y a cinq ans, avez-vous le sentiment que la situation en France s'est... :
- En matière de sécurité quotidienne"
Political similarity,PC/LFI,641.3963,0.2549999,0.495,0.05392937,0.20180020000000004,0.2877455,0.20621976999999997,0.23589737,0.01440803,"q8v13b_i1. Par rapport à il y a cinq ans, avez-vous le sentiment que la situation en France s'est... :
- En matière de sécurité quotidienne"
Political similarity,PS,449.3176,0.2691078649044685,0.46130866006584204,0.03174087,0.23736684,0.3549999,0.10578782,0.26216856000000005,0.00793601,"q8v13b_i1. Par rapport à il y a cinq ans, avez-vous le sentiment que la situation en France s'est... :
- En matière de sécurité quotidienne"
Political similarity,EELV,339.583,0.3074411852183413,0.42768748730060097,0.011619710000000002,0.29582135,0.30112373,0.12656399,0.25414323,0.0107276,"q8v13b_i1. Par rapport à il y a cinq ans, avez-vous le sentiment que la situation en France s'est... :
- En matière de sécurité quotidienne"
Political similarity,EM,672.9198,0.4026573449020225,0.38591225878626245,0.06343937,0.33921799,0.31763161,0.06828054,0.20209318,0.00933651,"q8v13b_i1. Par rapport à il y a cinq ans, avez-vous le sentiment que la situation en France s'est... :
- En matière de sécurité quotidienne"
Political similarity,MoDem,161.1257,0.205,0.4349999,0.025,0.17675151,0.31218912,0.12447511000000001,0.36158426,0,"q8v13b_i1. Par rapport à il y a cinq ans, avez-vous le sentiment que la situation en France s'est... :
- En matière de sécurité quotidienne"
Political similarity,Right,573.0042,0.15932712186053785,0.7307401935273773,0.02847553,0.13085161,0.37383845000000004,0.35690175,0.10170507,0.00822774,"q8v13b_i1. Par rapport à il y a cinq ans, avez-vous le sentiment que la situation en France s'est... :
- En matière de sécurité quotidienne"
Political similarity,UDI/PR,89.32552,0.19203246731729076,0.6698670212051382,0.0149999,0.17702499999999996,0.4952713000000001,0.17460318000000002,0.13810062,0,"q8v13b_i1. Par rapport à il y a cinq ans, avez-vous le sentiment que la situation en France s'est... :
- En matière de sécurité quotidienne"
Political similarity,LR,397.5368,0.16246770110339467,0.725,0.02895156,0.13351614,0.355,0.36898281999999993,0.10169013,0.01185935,"q8v13b_i1. Par rapport à il y a cinq ans, avez-vous le sentiment que la situation en France s'est... :
- En matière de sécurité quotidienne"
Political similarity,Radical right,1008.8,0.09395899088025378,0.8408725218080888,0.01811537,0.07499990000000001,0.24671606000000013,0.5949999,0.05757114,0.00759763,"q8v13b_i1. Par rapport à il y a cinq ans, avez-vous le sentiment que la situation en France s'est... :
- En matière de sécurité quotidienne"
Political similarity,Debout la France,86.14185,0.11091960527896717,0.8250469429203111,0.04024448,0.07067511,0.3376952100000001,0.48735173,0.06403344,0,"q8v13b_i1. Par rapport à il y a cinq ans, avez-vous le sentiment que la situation en France s'est... :
- En matière de sécurité quotidienne"
Political similarity,Reconquete,205.4045,0.025,0.9449998999999999,0.010032869999999998,0.015,0.12282092000000001,0.82222522,0.02992099,0,"q8v13b_i1. Par rapport à il y a cinq ans, avez-vous le sentiment que la situation en France s'est... :
- En matière de sécurité quotidienne"
Political similarity,RN,717.2537,0.1119485894600474,0.8126530403398408,0.01777232,0.09417626000000001,0.27023646,0.54212907,0.065,0.01068589,"q8v13b_i1. Par rapport à il y a cinq ans, avez-vous le sentiment que la situation en France s'est... :
- En matière de sécurité quotidienne"
Political similarity,No preference,1860.95,0.13941782422956014,0.635,0.006700860000000001,0.132717,0.35520003000000006,0.27970494,0.18147881,0.044199289999999995,"q8v13b_i1. Par rapport à il y a cinq ans, avez-vous le sentiment que la situation en France s'est... :
- En matière de sécurité quotidienne"
Politics,Total-left,1649.278,0.2449999,0.46826126341344515,0.0349999,0.21155966,0.31097372000000006,0.15752857,0.26655773,0.01838042,"q8v13b_i1. Par rapport à il y a cinq ans, avez-vous le sentiment que la situation en France s'est... :
- En matière de sécurité quotidienne"
Politics,Very Left,217.9165,0.265,0.4549999,0.06697698,0.19641679,0.28468863,0.17298672,0.27531857,0.0036128300000000005,"q8v13b_i1. Par rapport à il y a cinq ans, avez-vous le sentiment que la situation en France s'est... :
- En matière de sécurité quotidienne"
Politics,Left,1431.362,0.24427405506084415,0.4698729601596242,0.03040907,0.21386498,0.31469796,0.15517507,0.26522382,0.020628699999999996,"q8v13b_i1. Par rapport à il y a cinq ans, avez-vous le sentiment que la situation en France s'est... :
- En matière de sécurité quotidienne"
Politics,Center,776.1196,0.3236725370677406,0.4498250011982689,0.05163463,0.27203797,0.32452537,0.12529993,0.22104931,0.00545222,"q8v13b_i1. Par rapport à il y a cinq ans, avez-vous le sentiment que la situation en France s'est... :
- En matière de sécurité quotidienne"
Politics,Total-right,1622.94,0.16302395652334653,0.7314065831145945,0.02451816,0.1385058,0.28273892,0.4486673,0.09802519,0.00754374,"q8v13b_i1. Par rapport à il y a cinq ans, avez-vous le sentiment que la situation en France s'est... :
- En matière de sécurité quotidienne"
Politics,Right,1193.119,0.1812283602892922,0.6978023147732959,0.0285342,0.15269424,0.31032336,0.38747904,0.11178776,0.00918063,"q8v13b_i1. Par rapport à il y a cinq ans, avez-vous le sentiment que la situation en France s'est... :
- En matière de sécurité quotidienne"
Politics,Very Right,429.8207,0.11249130160552993,0.825,0.01337025,0.09912105,0.20616820000000002,0.61851744,0.05982248,0.00299994,"q8v13b_i1. Par rapport à il y a cinq ans, avez-vous le sentiment que la situation en France s'est... :
- En matière de sécurité quotidienne"
Politics,Both left and Right,200.4265,0.24734613436845926,0.5849998999999999,0.04361667000000001,0.205,0.34075020000000017,0.24301047999999997,0.15927704,0.00834561,"q8v13b_i1. Par rapport à il y a cinq ans, avez-vous le sentiment que la situation en France s'est... :
- En matière de sécurité quotidienne"
Politics,Neither left nor right,1673.316,0.1549999,0.6509141130545575,0.01277469,0.14251325,0.3540600199999999,0.29685415,0.1453426,0.04845598,"q8v13b_i1. Par rapport à il y a cinq ans, avez-vous le sentiment que la situation en France s'est... :
- En matière de sécurité quotidienne"
Loss of job risk,High risk,556.2398,0.2512256404521935,0.6489231802542718,0.07499990000000001,0.17620589,0.30539886,0.34354417000000015,0.08798716,0.01186402,"q8v13b_i1. Par rapport à il y a cinq ans, avez-vous le sentiment que la situation en France s'est... :
- En matière de sécurité quotidienne"
Loss of job risk,Low risk,1874.312,0.2508403616900495,0.5749998999999999,0.03353926,0.21730112,0.31140424,0.26376521,0.15745863,0.0165317,"q8v13b_i1. Par rapport à il y a cinq ans, avez-vous le sentiment que la situation en France s'est... :
- En matière de sécurité quotidienne"
Loss of job risk,Zero risk,3478.817,0.17916714216355734,0.5949998999999999,0.01866634,0.16050085,0.32499989999999995,0.2723731900000001,0.19739112,0.0260686,"q8v13b_i1. Par rapport à il y a cinq ans, avez-vous le sentiment que la situation en France s'est... :
- En matière de sécurité quotidienne"
1st round vote,Arthaud,24.07418,0.28582124084807875,0.5497321196402121,0.15237379,0.135,0.25053098,0.29764859,0.12163658000000001,0.04281006,"q8v13b_i1. Par rapport à il y a cinq ans, avez-vous le sentiment que la situation en France s'est... :
- En matière de sécurité quotidienne"
1st round vote,Poutou,32.85668,0.185,0.5349999,0.05568305,0.125,0.34261279,0.1928011,0.24027787,0.04362519,"q8v13b_i1. Par rapport à il y a cinq ans, avez-vous le sentiment que la situation en France s'est... :
- En matière de sécurité quotidienne"
1st round vote,Roussel,98.04205,0.22686031146839544,0.485,0.02097408,0.20588625000000002,0.34770659,0.13684302,0.2649999,0.02359016,"q8v13b_i1. Par rapport à il y a cinq ans, avez-vous le sentiment que la situation en France s'est... :
- En matière de sécurité quotidienne"
1st round vote,Melenchon,942.3053,0.21321041068112426,0.49655658309467215,0.0349999,0.17702044,0.33105129,0.16669587,0.27014175,0.02009075,"q8v13b_i1. Par rapport à il y a cinq ans, avez-vous le sentiment que la situation en France s'est... :
- En matière de sécurité quotidienne"
1st round vote,Hidalgo,75.31895,0.2014753259305925,0.41067208185987725,0.01081585,0.19065946,0.2783747,0.13229737,0.36285262,0.025,"q8v13b_i1. Par rapport à il y a cinq ans, avez-vous le sentiment que la situation en France s'est... :
- En matière de sécurité quotidienne"
1st round vote,Jadot,198.8808,0.265,0.3649999,0.01786037,0.24679129,0.30244936,0.0649999,0.35706736000000017,0.010831720000000001,"q8v13b_i1. Par rapport à il y a cinq ans, avez-vous le sentiment que la situation en France s'est... :
- En matière de sécurité quotidienne"
1st round vote,Macron,1195.294,0.375,0.3843409236556027,0.05510389999999999,0.31866102,0.31263982,0.07170084,0.22959924999999998,0.01229607,"q8v13b_i1. Par rapport à il y a cinq ans, avez-vous le sentiment que la situation en France s'est... :
- En matière de sécurité quotidienne"
1st round vote,Pecresse,205.1207,0.15466518006227553,0.725,0.00173881,0.15292635,0.33661984999999994,0.385,0.11208181,0.011633180000000002,"q8v13b_i1. Par rapport à il y a cinq ans, avez-vous le sentiment que la situation en France s'est... :
- En matière de sécurité quotidienne"
1st round vote,Dupont-Aignan,88.56025,0.085,0.8245579704212669,0.01676673,0.06779124,0.37444418,0.4501135700000001,0.09088414,0,"q8v13b_i1. Par rapport à il y a cinq ans, avez-vous le sentiment que la situation en France s'est... :
- En matière de sécurité quotidienne"
1st round vote,Zemmour,303.4525,0.06841097041546865,0.885,0.00836168,0.0600493,0.17743235,0.70673697,0.04416981,0.00324981,"q8v13b_i1. Par rapport à il y a cinq ans, avez-vous le sentiment que la situation en France s'est... :
- En matière de sécurité quotidienne"
1st round vote,Le Pen,993.0248,0.12092950750071901,0.8017044488717703,0.01726977,0.10365975,0.29355118,0.50815307,0.06582398,0.0115421,"q8v13b_i1. Par rapport à il y a cinq ans, avez-vous le sentiment que la situation en France s'est... :
- En matière de sécurité quotidienne"
1st round vote,Lassalle,134.5409,0.1329689336105229,0.750280398005365,0,0.13296893,0.42963783,0.3206425,0.11675015,0,"q8v13b_i1. Par rapport à il y a cinq ans, avez-vous le sentiment que la situation en France s'est... :
- En matière de sécurité quotidienne"
1st round vote,Blank/Null/NA,96.61228,0.16895388453724516,0.6405343088890978,0.01607271,0.15288108,0.34070451,0.29982928,0.15683762,0.03367419,"q8v13b_i1. Par rapport à il y a cinq ans, avez-vous le sentiment que la situation en France s'est... :
- En matière de sécurité quotidienne"
1st round vote,Blank,63.86856,0.1849999,0.6457488629773397,0.02431276,0.16103588,0.30061504,0.34513382,0.1537667,0.01513553,"q8v13b_i1. Par rapport à il y a cinq ans, avez-vous le sentiment que la situation en France s'est... :
- En matière de sécurité quotidienne"
1st round vote,Null,19.09123,0.03644846874716821,0.7994602757391744,0,0.03644847,0.5750000000000001,0.22446005000000008,0.11282530999999998,0.05126617,"q8v13b_i1. Par rapport à il y a cinq ans, avez-vous le sentiment que la situation en France s'est... :
- En matière de sécurité quotidienne"
2nd round vote,Macron,2287.563,0.31760161359490424,0.4246717576739963,0.04111138,0.27649026,0.32011800000000007,0.10398564,0.24329472,0.015,"q8v13b_i1. Par rapport à il y a cinq ans, avez-vous le sentiment que la situation en France s'est... :
- En matière de sécurité quotidienne"
2nd round vote,Le Pen,1619.66,0.10733684847437115,0.8177123593840682,0.02131868,0.08601811,0.28521239,0.5324996,0.06451823,0.01043245,"q8v13b_i1. Par rapport à il y a cinq ans, avez-vous le sentiment que la situation en France s'est... :
- En matière de sécurité quotidienne"
2nd round vote,Blank/Null/NA,370.4173,0.1149999,0.635,0.01198537,0.1046375,0.36596509,0.26771757,0.22661247,0.02308214,"q8v13b_i1. Par rapport à il y a cinq ans, avez-vous le sentiment que la situation en France s'est... :
- En matière de sécurité quotidienne"
