Indicator,Category,BASE,ST 0 à 5,ST 6 à 8,ST 9 à 10,0.0,1.0,2.0,3.0,4.0,5.0,6.0,7.0,8.0,9.0,10.0,Je ne sais pas,No rep.,Moyenne,Question
Total,Total,5979.002,0.5868716886196057,0.30189653724818954,0.06402760862097051,0.19009257999999998,0.085,0.075,0.09045528,0.06284264,0.08348107,0.08894498,0.1189021,0.09404971,0.0335022,0.03052536,0.03549534,0.01170874,4.092346,"bq3v12b. D'une manière générale, vous êtes satisfait(e) ou pas de l'action du président de la République Emmanuel Macron durant son premier mandat, entre 2017 et 2022 ? La
note 0 signifiant que vous n'êtes pas du tout satisfait et la note 10 signifiant que vous êtes très satisfait. Les notes intermédiaires permettent de nuancer votre jugement.
Pas du tout satisfaitTrès satisfait"
Gender,Man,2929.637,0.5990677343302259,0.28908117285520357,0.075,0.19995546,0.09211851,0.08108465,0.08922399,0.06628719,0.07039821,0.07306506,0.1191878,0.09682858,0.03614857,0.03800037,0.0247209,0.01298311,4.044249,"bq3v12b. D'une manière générale, vous êtes satisfait(e) ou pas de l'action du président de la République Emmanuel Macron durant son premier mandat, entre 2017 et 2022 ? La
note 0 signifiant que vous n'êtes pas du tout satisfait et la note 10 signifiant que vous êtes très satisfait. Les notes intermédiaires permettent de nuancer votre jugement.
Pas du tout satisfaitTrès satisfait"
Gender,Woman,3049.36,0.5751547865781672,0.3142094406695175,0.054303689954613425,0.18250678999999997,0.07659178,0.06883339,0.09163847000000001,0.05953343999999999,0.09605038,0.10420144,0.11862784,0.09138016,0.030959779999999996,0.02334389,0.0458468,0.010484430000000001,4.139469,"bq3v12b. D'une manière générale, vous êtes satisfait(e) ou pas de l'action du président de la République Emmanuel Macron durant son premier mandat, entre 2017 et 2022 ? La
note 0 signifiant que vous n'êtes pas du tout satisfait et la note 10 signifiant que vous êtes très satisfait. Les notes intermédiaires permettent de nuancer votre jugement.
Pas du tout satisfaitTrès satisfait"
Age,18-24,478.2759,0.49217763219932265,0.365,0.06737255630066245,0.15788021,0.05789169,0.05204966,0.05849563,0.07286585,0.09299446,0.13508891,0.15096726,0.07739215,0.05071403,0.01665852,0.05323119999999999,0.02377034,4.554035,"bq3v12b. D'une manière générale, vous êtes satisfait(e) ou pas de l'action du président de la République Emmanuel Macron durant son premier mandat, entre 2017 et 2022 ? La
note 0 signifiant que vous n'êtes pas du tout satisfait et la note 10 signifiant que vous êtes très satisfait. Les notes intermédiaires permettent de nuancer votre jugement.
Pas du tout satisfaitTrès satisfait"
Age,25-34,836.9062,0.5649999,0.33137716030780984,0.055,0.18165979999999987,0.07726049,0.05990392,0.07096265,0.07499990000000001,0.10062111,0.09649511,0.11016662,0.12471541,0.02534155,0.02618769,0.03437883,0.01730692,4.272007,"bq3v12b. D'une manière générale, vous êtes satisfait(e) ou pas de l'action du président de la République Emmanuel Macron durant son premier mandat, entre 2017 et 2022 ? La
note 0 signifiant que vous n'êtes pas du tout satisfait et la note 10 signifiant que vous êtes très satisfait. Les notes intermédiaires permettent de nuancer votre jugement.
Pas du tout satisfaitTrès satisfait"
Age,35-49,1494.556,0.6049998999999999,0.30145374278381004,0.046007616977885066,0.20151999000000007,0.08385901999999999,0.0649999,0.11896884,0.04929574,0.09062531,0.11434346,0.10864223,0.07846799,0.01887332,0.02713428,0.03577148,0.007498440000000001,3.906558,"bq3v12b. D'une manière générale, vous êtes satisfait(e) ou pas de l'action du président de la République Emmanuel Macron durant son premier mandat, entre 2017 et 2022 ? La
note 0 signifiant que vous n'êtes pas du tout satisfait et la note 10 signifiant que vous êtes très satisfait. Les notes intermédiaires permettent de nuancer votre jugement.
Pas du tout satisfaitTrès satisfait"
Age,50-64,1554.412,0.6149998999999999,0.265,0.06342869200700972,0.21142278,0.07545445,0.09342658000000001,0.09368179,0.06488106,0.08212456,0.06794987,0.1255862,0.07034454,0.03236877,0.03105993,0.04575169,0.005948870000000001,3.864784,"bq3v12b. D'une manière générale, vous êtes satisfait(e) ou pas de l'action du président de la République Emmanuel Macron durant son premier mandat, entre 2017 et 2022 ? La
note 0 signifiant que vous n'êtes pas du tout satisfait et la note 10 signifiant que vous êtes très satisfait. Les notes intermédiaires permettent de nuancer votre jugement.
Pas du tout satisfaitTrès satisfait"
Age,65+,1614.848,0.572470659777267,0.3053927056911858,0.08676841411699429,0.17694327999999998,0.10432078,0.08009776,0.0805282,0.06410622,0.06647437,0.06806833,0.11699422999999999,0.12032978,0.04726405,0.03950441,0.02069305,0.01467612,4.255849,"bq3v12b. D'une manière générale, vous êtes satisfait(e) ou pas de l'action du président de la République Emmanuel Macron durant son premier mandat, entre 2017 et 2022 ? La
note 0 signifiant que vous n'êtes pas du tout satisfait et la note 10 signifiant que vous êtes très satisfait. Les notes intermédiaires permettent de nuancer votre jugement.
Pas du tout satisfaitTrès satisfait"
Socio-Professional Category,Total-CSP+,1734.019,0.5697654408631048,0.33995227272596207,0.05431839558851432,0.17400034000000003,0.08634456,0.06381268,0.08632322,0.07555892,0.08372515,0.09828952000000002,0.12859651,0.11306618,0.03049849,0.02381991,0.028967650000000005,0.0069968,4.253919,"bq3v12b. D'une manière générale, vous êtes satisfait(e) ou pas de l'action du président de la République Emmanuel Macron durant son premier mandat, entre 2017 et 2022 ? La
note 0 signifiant que vous n'êtes pas du tout satisfait et la note 10 signifiant que vous êtes très satisfait. Les notes intermédiaires permettent de nuancer votre jugement.
Pas du tout satisfaitTrès satisfait"
Socio-Professional Category,Small Business owners,212.9949,0.6249998999999999,0.2664764273698572,0.0750065377152223,0.21499990000000002,0.08788126,0.0349999,0.09227493,0.1071728300000001,0.09115068,0.08484691,0.10549417,0.07613539,0.04808735000000001,0.026919169999999996,0.01070525,0.01933226,3.997556,"bq3v12b. D'une manière générale, vous êtes satisfait(e) ou pas de l'action du président de la République Emmanuel Macron durant son premier mandat, entre 2017 et 2022 ? La
note 0 signifiant que vous n'êtes pas du tout satisfait et la note 10 signifiant que vous êtes très satisfait. Les notes intermédiaires permettent de nuancer votre jugement.
Pas du tout satisfaitTrès satisfait"
Socio-Professional Category,Cadres/Prof Lib,597.9521,0.49921540538113335,0.4102835327445125,0.05880273687474298,0.1493868,0.08537851,0.0605105,0.0629026,0.07297573,0.06806119,0.08921857,0.16900417,0.15206064,0.03508952,0.023713220000000004,0.02834184,0.00335669,4.662887,"bq3v12b. D'une manière générale, vous êtes satisfait(e) ou pas de l'action du président de la République Emmanuel Macron durant son premier mandat, entre 2017 et 2022 ? La
note 0 signifiant que vous n'êtes pas du tout satisfait et la note 10 signifiant que vous êtes très satisfait. Les notes intermédiaires permettent de nuancer votre jugement.
Pas du tout satisfaitTrès satisfait"
Socio-Professional Category,Prof Intermed,896.9079,0.6053320524883323,0.315,0.0449999,0.18426118000000002,0.08777746,0.075,0.10304202,0.06658665,0.0886659,0.10848391,0.1074137,0.09682034,0.02329731,0.0224286,0.03276144,0.00346149,4.012641,"bq3v12b. D'une manière générale, vous êtes satisfait(e) ou pas de l'action du président de la République Emmanuel Macron durant son premier mandat, entre 2017 et 2022 ? La
note 0 signifiant que vous n'êtes pas du tout satisfait et la note 10 signifiant que vous êtes très satisfait. Les notes intermédiaires permettent de nuancer votre jugement.
Pas du tout satisfaitTrès satisfait"
Socio-Professional Category,Total-CSP-,1674.09,0.6106637038629943,0.27564569407857403,0.05174877694747594,0.21047632,0.08033517,0.08731944000000001,0.09233715,0.0433975,0.09679778000000001,0.09572586,0.11144801,0.06847171,0.01999909,0.03174969,0.05015034,0.01179155,3.826329,"bq3v12b. D'une manière générale, vous êtes satisfait(e) ou pas de l'action du président de la République Emmanuel Macron durant son premier mandat, entre 2017 et 2022 ? La
note 0 signifiant que vous n'êtes pas du tout satisfait et la note 10 signifiant que vous êtes très satisfait. Les notes intermédiaires permettent de nuancer votre jugement.
Pas du tout satisfaitTrès satisfait"
Socio-Professional Category,Salaried,956.6466,0.616492652563653,0.2804674160761142,0.037837473106578756,0.19996732000000006,0.085,0.08981324,0.09185702,0.04858237,0.10127311000000001,0.09142372,0.12240173,0.06664181,0.01774885,0.02008863,0.05255885999999999,0.01264334,3.78566,"bq3v12b. D'une manière générale, vous êtes satisfait(e) ou pas de l'action du président de la République Emmanuel Macron durant son premier mandat, entre 2017 et 2022 ? La
note 0 signifiant que vous n'êtes pas du tout satisfait et la note 10 signifiant que vous êtes très satisfait. Les notes intermédiaires permettent de nuancer votre jugement.
Pas du tout satisfaitTrès satisfait"
Socio-Professional Category,Blue collar,717.4432,0.602891211457576,0.2692162947533686,0.0702982619390636,0.22291214,0.07569311,0.0839943,0.09297733,0.03648395,0.09083034,0.10146233,0.0968422,0.07091177,0.02299958,0.047298669999999994,0.04693878,0.01065577,3.880121,"bq3v12b. D'une manière générale, vous êtes satisfait(e) ou pas de l'action du président de la République Emmanuel Macron durant son premier mandat, entre 2017 et 2022 ? La
note 0 signifiant que vous n'êtes pas du tout satisfait et la note 10 signifiant que vous êtes très satisfait. Les notes intermédiaires permettent de nuancer votre jugement.
Pas du tout satisfaitTrès satisfait"
Political similarity,Far left,187.3446,0.5730877751480427,0.2909991000541248,0.09552888100324215,0.19357435,0.05789561,0.03345991,0.1630608,0.06986398,0.05523307999999999,0.052676520000000004,0.10620023,0.13212236,0.05911454,0.03641433,0.0172525,0.02313224,4.358237,"bq3v12b. D'une manière générale, vous êtes satisfait(e) ou pas de l'action du président de la République Emmanuel Macron durant son premier mandat, entre 2017 et 2022 ? La
note 0 signifiant que vous n'êtes pas du tout satisfait et la note 10 signifiant que vous êtes très satisfait. Les notes intermédiaires permettent de nuancer votre jugement.
Pas du tout satisfaitTrès satisfait"
Political similarity,Radical left,828.7407,0.7046503206612152,0.235,0.03781206835865549,0.26153874,0.09021529000000002,0.08028842,0.12207908,0.07458216,0.07594647,0.05856168,0.10871838,0.06522143,0.0196944,0.01811767,0.014631950000000001,0.010404910000000002,3.372112,"bq3v12b. D'une manière générale, vous êtes satisfait(e) ou pas de l'action du président de la République Emmanuel Macron durant son premier mandat, entre 2017 et 2022 ? La
note 0 signifiant que vous n'êtes pas du tout satisfait et la note 10 signifiant que vous êtes très satisfait. Les notes intermédiaires permettent de nuancer votre jugement.
Pas du tout satisfaitTrès satisfait"
Political similarity,Left,1430.296,0.6238098966927126,0.305,0.041724118643973,0.17137485000000002,0.08438547,0.08383677,0.11770668,0.08672778000000002,0.07959681,0.0985373,0.135,0.07004627,0.021105289999999995,0.02061882,0.02137678,0.00968718,3.964697,"bq3v12b. D'une manière générale, vous êtes satisfait(e) ou pas de l'action du président de la République Emmanuel Macron durant son premier mandat, entre 2017 et 2022 ? La
note 0 signifiant que vous n'êtes pas du tout satisfait et la note 10 signifiant que vous êtes très satisfait. Les notes intermédiaires permettent de nuancer votre jugement.
Pas du tout satisfaitTrès satisfait"
Political similarity,PC/LFI,641.3963,0.7430777196563186,0.21541502500092377,0.020953628825111714,0.2813903,0.0996555,0.09396646,0.11010879,0.07596028,0.08199658,0.06028066,0.10945386999999998,0.0456804,0.00818022,0.01277342,0.01386652,0.006687399999999999,3.089908,"bq3v12b. D'une manière générale, vous êtes satisfait(e) ou pas de l'action du président de la République Emmanuel Macron durant son premier mandat, entre 2017 et 2022 ? La
note 0 signifiant que vous n'êtes pas du tout satisfait et la note 10 signifiant que vous êtes très satisfait. Les notes intermédiaires permettent de nuancer votre jugement.
Pas du tout satisfaitTrès satisfait"
Political similarity,PS,449.3176,0.5069467565926641,0.39427322677767346,0.049907170340089055,0.07659537,0.08341792,0.05911547,0.11558893000000002,0.08712151,0.0849999,0.1149999,0.17317485000000007,0.10620594000000001,0.0325399,0.01736727,0.03082657,0.01804647,4.773066,"bq3v12b. D'une manière générale, vous êtes satisfait(e) ou pas de l'action du président de la République Emmanuel Macron durant son premier mandat, entre 2017 et 2022 ? La
note 0 signifiant que vous n'êtes pas du tout satisfait et la note 10 signifiant que vous êtes très satisfait. Les notes intermédiaires permettent de nuancer votre jugement.
Pas du tout satisfaitTrès satisfait"
Political similarity,EELV,339.583,0.555,0.34935788894025904,0.07012742098397151,0.08975012999999998,0.0568239,0.09741347,0.13485919,0.10654406,0.06777244,0.14861907,0.13251553,0.06822338,0.030388150000000003,0.03973927,0.023058490000000004,0.00429253,4.582603,"bq3v12b. D'une manière générale, vous êtes satisfait(e) ou pas de l'action du président de la République Emmanuel Macron durant son premier mandat, entre 2017 et 2022 ? La
note 0 signifiant que vous n'êtes pas du tout satisfait et la note 10 signifiant que vous êtes très satisfait. Les notes intermédiaires permettent de nuancer votre jugement.
Pas du tout satisfaitTrès satisfait"
Political similarity,EM,672.9198,0.05074839527682199,0.6016886410535104,0.335,0.0025629599999999995,0.00358094,0.00102337,0.00859535,0.00943289,0.0255529,0.09130162,0.24191442,0.26847181,0.15688779,0.17696254,0.011163779999999998,0.00254893,7.875511,"bq3v12b. D'une manière générale, vous êtes satisfait(e) ou pas de l'action du président de la République Emmanuel Macron durant son premier mandat, entre 2017 et 2022 ? La
note 0 signifiant que vous n'êtes pas du tout satisfait et la note 10 signifiant que vous êtes très satisfait. Les notes intermédiaires permettent de nuancer votre jugement.
Pas du tout satisfaitTrès satisfait"
Political similarity,MoDem,161.1257,0.26100454489879643,0.6061621454553805,0.1249999,0.02209304,0.08507339,0.01290022,0.03195064,0.03631227,0.072675,0.14201291,0.21725597000000002,0.24689314,0.09266001999999998,0.03364774,0.00652551,0,6.274728,"bq3v12b. D'une manière générale, vous êtes satisfait(e) ou pas de l'action du président de la République Emmanuel Macron durant son premier mandat, entre 2017 et 2022 ? La
note 0 signifiant que vous n'êtes pas du tout satisfait et la note 10 signifiant que vous êtes très satisfait. Les notes intermédiaires permettent de nuancer votre jugement.
Pas du tout satisfaitTrès satisfait"
Political similarity,Right,573.0042,0.5713612570379065,0.3749999,0.03780268975340844,0.11937436,0.10531488,0.10366551,0.07847579,0.08362771,0.08090318,0.10123172000000001,0.15297026,0.12257638,0.029801460000000002,0.00800122,0.00673779,0.00731997,4.355344,"bq3v12b. D'une manière générale, vous êtes satisfait(e) ou pas de l'action du président de la République Emmanuel Macron durant son premier mandat, entre 2017 et 2022 ? La
note 0 signifiant que vous n'êtes pas du tout satisfait et la note 10 signifiant que vous êtes très satisfait. Les notes intermédiaires permettent de nuancer votre jugement.
Pas du tout satisfaitTrès satisfait"
Political similarity,UDI/PR,89.32552,0.37347199322209373,0.5852811156319045,0.04124708146115466,0.04180614999999999,0.03731172,0.05062016,0.04929551,0.0940911,0.10034739000000001,0.10615375,0.16646419,0.31266306,0.03466332,0.00658377,0,0,5.845823,"bq3v12b. D'une manière générale, vous êtes satisfait(e) ou pas de l'action du président de la République Emmanuel Macron durant son premier mandat, entre 2017 et 2022 ? La
note 0 signifiant que vous n'êtes pas du tout satisfait et la note 10 signifiant que vous êtes très satisfait. Les notes intermédiaires permettent de nuancer votre jugement.
Pas du tout satisfaitTrès satisfait"
Political similarity,LR,397.5368,0.5749998999999999,0.365,0.04401768590983275,0.10251708,0.10320715,0.10855093,0.09740125,0.08114615000000001,0.08229392,0.10780069000000002,0.16952136,0.08673536999999999,0.0339642,0.01005349,0.00971176,0.00709712,4.355322,"bq3v12b. D'une manière générale, vous êtes satisfait(e) ou pas de l'action du président de la République Emmanuel Macron durant son premier mandat, entre 2017 et 2022 ? La
note 0 signifiant que vous n'êtes pas du tout satisfait et la note 10 signifiant que vous êtes très satisfait. Les notes intermédiaires permettent de nuancer votre jugement.
Pas du tout satisfaitTrès satisfait"
Political similarity,Radical right,1008.8,0.8391508723235528,0.12264571768437747,0.015,0.34499989999999997,0.17997638999999999,0.11862421,0.08664502,0.04819803,0.06209548,0.05714646,0.03049245,0.0349999,0.00648867,0.006976,0.0149999,0.00835759,2.1974,"bq3v12b. D'une manière générale, vous êtes satisfait(e) ou pas de l'action du président de la République Emmanuel Macron durant son premier mandat, entre 2017 et 2022 ? La
note 0 signifiant que vous n'êtes pas du tout satisfait et la note 10 signifiant que vous êtes très satisfait. Les notes intermédiaires permettent de nuancer votre jugement.
Pas du tout satisfaitTrès satisfait"
Political similarity,Debout la France,86.14185,0.7592354935493026,0.21927634477318517,0.0049999,0.27815369999999995,0.18555824,0.1361257,0.021395309999999997,0.08422972,0.05432225,0.06581275,0.0625959,0.09086766,0.0049999,0.0,0,0.01593887,2.784846,"bq3v12b. D'une manière générale, vous êtes satisfait(e) ou pas de l'action du président de la République Emmanuel Macron durant son premier mandat, entre 2017 et 2022 ? La
note 0 signifiant que vous n'êtes pas du tout satisfait et la note 10 signifiant que vous êtes très satisfait. Les notes intermédiaires permettent de nuancer votre jugement.
Pas du tout satisfaitTrès satisfait"
Political similarity,Reconquete,205.4045,0.8968230978386549,0.07547741164385395,0.00355219140768581,0.42206646,0.16516868000000004,0.09938945,0.11163592,0.02752525,0.07103773,0.04982758,0.018753,0.00689684,0.00355219,0.0,0.0099773,0.014169719999999998,1.723134,"bq3v12b. D'une manière générale, vous êtes satisfait(e) ou pas de l'action du président de la République Emmanuel Macron durant son premier mandat, entre 2017 et 2022 ? La
note 0 signifiant que vous n'êtes pas du tout satisfait et la note 10 signifiant que vous êtes très satisfait. Les notes intermédiaires permettent de nuancer votre jugement.
Pas du tout satisfaitTrès satisfait"
Political similarity,RN,717.2537,0.8322325838123945,0.125,0.017253992555214422,0.33256742000000006,0.18083281,0.12203066,0.08732469,0.04979083,0.06046817,0.05820161,0.02999873,0.03634793,0.00744242,0.00981157,0.02018326,0.0049999,2.262193,"bq3v12b. D'une manière générale, vous êtes satisfait(e) ou pas de l'action du président de la République Emmanuel Macron durant son premier mandat, entre 2017 et 2022 ? La
note 0 signifiant que vous n'êtes pas du tout satisfait et la note 10 signifiant que vous êtes très satisfait. Les notes intermédiaires permettent de nuancer votre jugement.
Pas du tout satisfaitTrès satisfait"
Political similarity,No preference,1860.95,0.65124586904538,0.2449999,0.015,0.21934555,0.0635656,0.07698853,0.10159182,0.0646695,0.12508509,0.09402547,0.09422446,0.05769236,0.00783725,0.005412779999999999,0.0779698,0.01159257,3.532746,"bq3v12b. D'une manière générale, vous êtes satisfait(e) ou pas de l'action du président de la République Emmanuel Macron durant son premier mandat, entre 2017 et 2022 ? La
note 0 signifiant que vous n'êtes pas du tout satisfait et la note 10 signifiant que vous êtes très satisfait. Les notes intermédiaires permettent de nuancer votre jugement.
Pas du tout satisfaitTrès satisfait"
Politics,Total-left,1649.278,0.6662636620387831,0.26429328469791025,0.04294818702486785,0.19125181,0.09765716000000002,0.08992546999999998,0.12876707,0.08957059,0.06909175,0.07999616,0.11030233,0.07399474,0.02417307,0.0187751,0.01703454,0.00946036,3.715348,"bq3v12b. D'une manière générale, vous êtes satisfait(e) ou pas de l'action du président de la République Emmanuel Macron durant son premier mandat, entre 2017 et 2022 ? La
note 0 signifiant que vous n'êtes pas du tout satisfait et la note 10 signifiant que vous êtes très satisfait. Les notes intermédiaires permettent de nuancer votre jugement.
Pas du tout satisfaitTrès satisfait"
Politics,Very Left,217.9165,0.825,0.12370210608191669,0.04461108727425413,0.485,0.10659404000000006,0.05875617,0.05290696,0.06544736,0.04853345,0.0233927,0.04817423,0.052135150000000005,0.011153789999999998,0.0334573,0.012501609999999998,0.00194724,2.25035,"bq3v12b. D'une manière générale, vous êtes satisfait(e) ou pas de l'action du président de la République Emmanuel Macron durant son premier mandat, entre 2017 et 2022 ? La
note 0 signifiant que vous n'êtes pas du tout satisfait et la note 10 signifiant que vous êtes très satisfait. Les notes intermédiaires permettent de nuancer votre jugement.
Pas du tout satisfaitTrès satisfait"
Politics,Left,1431.362,0.6349999,0.2856972589743195,0.045000000000000005,0.14782707000000003,0.09499990000000001,0.09467081,0.14031622,0.09324315000000001,0.07222163,0.08861371,0.11976097,0.07732272,0.02615517,0.01653982,0.01772464,0.01060419,3.941571,"bq3v12b. D'une manière générale, vous êtes satisfait(e) ou pas de l'action du président de la République Emmanuel Macron durant son premier mandat, entre 2017 et 2022 ? La
note 0 signifiant que vous n'êtes pas du tout satisfait et la note 10 signifiant que vous êtes très satisfait. Les notes intermédiaires permettent de nuancer votre jugement.
Pas du tout satisfaitTrès satisfait"
Politics,Center,776.1196,0.28296811470809397,0.5349999,0.1600085863055127,0.043497940000000006,0.029455829999999995,0.02240246,0.04855557,0.05794025,0.08111596,0.12228075,0.21917576,0.19372465,0.08786040999999999,0.07214827,0.01593144,0.00591013,6.325366,"bq3v12b. D'une manière générale, vous êtes satisfait(e) ou pas de l'action du président de la République Emmanuel Macron durant son premier mandat, entre 2017 et 2022 ? La
note 0 signifiant que vous n'êtes pas du tout satisfait et la note 10 signifiant que vous êtes très satisfait. Les notes intermédiaires permettent de nuancer votre jugement.
Pas du tout satisfaitTrès satisfait"
Politics,Total-right,1622.94,0.61135291508004,0.31335693248055996,0.059825132167547784,0.22150689,0.11489765,0.08782777,0.06632697,0.05668636999999999,0.06410693,0.0905649,0.12386507999999999,0.0989267,0.03480649,0.025018640000000005,0.00977807,0.00568642,3.861843,"bq3v12b. D'une manière générale, vous êtes satisfait(e) ou pas de l'action du président de la République Emmanuel Macron durant son premier mandat, entre 2017 et 2022 ? La
note 0 signifiant que vous n'êtes pas du tout satisfait et la note 10 signifiant que vous êtes très satisfait. Les notes intermédiaires permettent de nuancer votre jugement.
Pas du tout satisfaitTrès satisfait"
Politics,Right,1193.119,0.535,0.3749999,0.07417524991220491,0.15006014,0.10573631000000001,0.08712911,0.06540456,0.06065671,0.06436875,0.10062508000000002,0.1544219,0.1218052,0.04352201,0.03065323,0.01061126,0.00500477,4.467829,"bq3v12b. D'une manière générale, vous êtes satisfait(e) ou pas de l'action du président de la République Emmanuel Macron durant son premier mandat, entre 2017 et 2022 ? La
note 0 signifiant que vous n'êtes pas du tout satisfait et la note 10 signifiant que vous êtes très satisfait. Les notes intermédiaires permettent de nuancer votre jugement.
Pas du tout satisfaitTrès satisfait"
Politics,Very Right,429.8207,0.8278617107086746,0.1349999,0.019991352208025344,0.4202529,0.14032837,0.08976715,0.06888761,0.04566527,0.06338022,0.06263949,0.03904391,0.0349999,0.0106135,0.00937786,0.00746524,0.00757858,2.180694,"bq3v12b. D'une manière générale, vous êtes satisfait(e) ou pas de l'action du président de la République Emmanuel Macron durant son premier mandat, entre 2017 et 2022 ? La
note 0 signifiant que vous n'êtes pas du tout satisfait et la note 10 signifiant que vous êtes très satisfait. Les notes intermédiaires permettent de nuancer votre jugement.
Pas du tout satisfaitTrès satisfait"
Politics,Both left and Right,200.4265,0.4489721668541834,0.3735922644959624,0.12748433964570552,0.11968298,0.0920045,0.07332229,0.055,0.03862931,0.07050345,0.1417218299999999,0.13233145,0.09918469,0.04266793,0.085,0.01334791,0.03660366,4.962485,"bq3v12b. D'une manière générale, vous êtes satisfait(e) ou pas de l'action du président de la République Emmanuel Macron durant son premier mandat, entre 2017 et 2022 ? La
note 0 signifiant que vous n'êtes pas du tout satisfait et la note 10 signifiant que vous êtes très satisfait. Les notes intermédiaires permettent de nuancer votre jugement.
Pas du tout satisfaitTrès satisfait"
Politics,Neither left nor right,1673.316,0.650189205147145,0.21266795990715442,0.03762533795170787,0.24118272,0.06692406,0.0732913,0.10142519,0.04864164,0.11872455999999999,0.07410071,0.07549734,0.06306986,0.01589816,0.02172718,0.08581643,0.013701569999999998,3.491429,"bq3v12b. D'une manière générale, vous êtes satisfait(e) ou pas de l'action du président de la République Emmanuel Macron durant son premier mandat, entre 2017 et 2022 ? La
note 0 signifiant que vous n'êtes pas du tout satisfait et la note 10 signifiant que vous êtes très satisfait. Les notes intermédiaires permettent de nuancer votre jugement.
Pas du tout satisfaitTrès satisfait"
Loss of job risk,High risk,556.2398,0.6549999,0.2198812454628382,0.0789949946048449,0.32258893,0.08435322,0.059022530000000004,0.05444677,0.06121888,0.07650346,0.07033141,0.06949663,0.08005323,0.02322935,0.05576564,0.03532919,0.00766055,3.457375,"bq3v12b. D'une manière générale, vous êtes satisfait(e) ou pas de l'action du président de la République Emmanuel Macron durant son premier mandat, entre 2017 et 2022 ? La
note 0 signifiant que vous n'êtes pas du tout satisfait et la note 10 signifiant que vous êtes très satisfait. Les notes intermédiaires permettent de nuancer votre jugement.
Pas du tout satisfaitTrès satisfait"
Loss of job risk,Low risk,1874.312,0.6094086790246235,0.3074978978953344,0.03093759736906129,0.20315304999999995,0.08659738000000002,0.06300771,0.105,0.05850189,0.09314858,0.09849219,0.12976137,0.07924433,0.0227083,0.00822929,0.04302649,0.00912942,3.846321,"bq3v12b. D'une manière générale, vous êtes satisfait(e) ou pas de l'action du président de la République Emmanuel Macron durant son premier mandat, entre 2017 et 2022 ? La
note 0 signifiant que vous n'êtes pas du tout satisfait et la note 10 signifiant que vous êtes très satisfait. Les notes intermédiaires permettent de nuancer votre jugement.
Pas du tout satisfaitTrès satisfait"
Loss of job risk,Zero risk,3478.817,0.5620709568798818,0.315,0.08054657660923238,0.16241434999999999,0.08377267,0.08280214,0.08975189,0.06506594,0.07826411,0.08833966,0.12018129000000001,0.10525408000000001,0.04163088,0.0389157,0.03124329,0.0123658,4.336494,"bq3v12b. D'une manière générale, vous êtes satisfait(e) ou pas de l'action du président de la République Emmanuel Macron durant son premier mandat, entre 2017 et 2022 ? La
note 0 signifiant que vous n'êtes pas du tout satisfait et la note 10 signifiant que vous êtes très satisfait. Les notes intermédiaires permettent de nuancer votre jugement.
Pas du tout satisfaitTrès satisfait"
1st round vote,Arthaud,24.07418,0.4933443215926774,0.27736545959197784,0.09084596027777478,0.04445875,0.05185011,0.08734287,0.17089766,0.0729509,0.06584399,0.06512579,0.12833397,0.08390565999999999,0.04176209,0.049083829999999995,0.11816037,0.02028383,4.860147,"bq3v12b. D'une manière générale, vous êtes satisfait(e) ou pas de l'action du président de la République Emmanuel Macron durant son premier mandat, entre 2017 et 2022 ? La
note 0 signifiant que vous n'êtes pas du tout satisfait et la note 10 signifiant que vous êtes très satisfait. Les notes intermédiaires permettent de nuancer votre jugement.
Pas du tout satisfaitTrès satisfait"
1st round vote,Poutou,32.85668,0.6649999,0.295,0.02330439959241165,0.16824947,0.09976165999999999,0.08305949,0.10453162,0.08521149999999998,0.12419051,0.07538796,0.1407259,0.07618305,0.0233044,0.0,0.01939451,0,3.873002,"bq3v12b. D'une manière générale, vous êtes satisfait(e) ou pas de l'action du président de la République Emmanuel Macron durant son premier mandat, entre 2017 et 2022 ? La
note 0 signifiant que vous n'êtes pas du tout satisfait et la note 10 signifiant que vous êtes très satisfait. Les notes intermédiaires permettent de nuancer votre jugement.
Pas du tout satisfaitTrès satisfait"
1st round vote,Roussel,98.04205,0.7078609637395382,0.2529800223475539,0.00565862912903188,0.16502654,0.08932149,0.13912602,0.14745316,0.09244047,0.07449341,0.05479418,0.10292920000000001,0.09525656999999998,0.0,0.00565863,0.029171890000000002,0.00432811,3.538615,"bq3v12b. D'une manière générale, vous êtes satisfait(e) ou pas de l'action du président de la République Emmanuel Macron durant son premier mandat, entre 2017 et 2022 ? La
note 0 signifiant que vous n'êtes pas du tout satisfait et la note 10 signifiant que vous êtes très satisfait. Les notes intermédiaires permettent de nuancer votre jugement.
Pas du tout satisfaitTrès satisfait"
1st round vote,Melenchon,942.3053,0.745,0.1949999,0.020821829188480634,0.2523091,0.09691353,0.11645366,0.11736801,0.09182721,0.0688559,0.06435549,0.09441216,0.03908073,0.013467709999999999,0.00735412,0.0313227,0.00627939,3.063108,"bq3v12b. D'une manière générale, vous êtes satisfait(e) ou pas de l'action du président de la République Emmanuel Macron durant son premier mandat, entre 2017 et 2022 ? La
note 0 signifiant que vous n'êtes pas du tout satisfait et la note 10 signifiant que vous êtes très satisfait. Les notes intermédiaires permettent de nuancer votre jugement.
Pas du tout satisfaitTrès satisfait"
1st round vote,Hidalgo,75.31895,0.6649999,0.3156034437548585,0.01723769383402185,0.09595008000000001,0.11886439999999998,0.10459728,0.09499990000000001,0.12187042000000001,0.13034911,0.12696209,0.14637003000000007,0.04279899,0.00642185,0.01081585,0,0,4.044885,"bq3v12b. D'une manière générale, vous êtes satisfait(e) ou pas de l'action du président de la République Emmanuel Macron durant son premier mandat, entre 2017 et 2022 ? La
note 0 signifiant que vous n'êtes pas du tout satisfait et la note 10 signifiant que vous êtes très satisfait. Les notes intermédiaires permettent de nuancer votre jugement.
Pas du tout satisfaitTrès satisfait"
1st round vote,Jadot,198.8808,0.5947361434587954,0.3249999,0.035,0.04651182,0.06086983,0.07355542,0.11605816,0.12430104,0.17343971999999996,0.13400585,0.14366249,0.04746519999999999,0.02546373,0.00758426,0.03778741,0.00929506,4.633106,"bq3v12b. D'une manière générale, vous êtes satisfait(e) ou pas de l'action du président de la République Emmanuel Macron durant son premier mandat, entre 2017 et 2022 ? La
note 0 signifiant que vous n'êtes pas du tout satisfait et la note 10 signifiant que vous êtes très satisfait. Les notes intermédiaires permettent de nuancer votre jugement.
Pas du tout satisfaitTrès satisfait"
1st round vote,Macron,1195.294,0.08370777398698563,0.6694911042806204,0.22464883116622356,0.00259652,0.0008645,0.0033046899999999995,0.011453439999999999,0.02046601,0.04502261,0.11503605,0.27035884,0.28409638,0.13122763,0.0934212,0.0169418,0.00521131,7.485388,"bq3v12b. D'une manière générale, vous êtes satisfait(e) ou pas de l'action du président de la République Emmanuel Macron durant son premier mandat, entre 2017 et 2022 ? La
note 0 signifiant que vous n'êtes pas du tout satisfait et la note 10 signifiant que vous êtes très satisfait. Les notes intermédiaires permettent de nuancer votre jugement.
Pas du tout satisfaitTrès satisfait"
1st round vote,Pecresse,205.1207,0.565,0.3949999,0.00789798396748841,0.08660140000000001,0.08846479,0.10078182999999999,0.08845343,0.11106275,0.08564606,0.12257724,0.1549999,0.12454528000000008,0.00515779,0.00274019,0.01931935,0.00964999,4.447322,"bq3v12b. D'une manière générale, vous êtes satisfait(e) ou pas de l'action du président de la République Emmanuel Macron durant son premier mandat, entre 2017 et 2022 ? La
note 0 signifiant que vous n'êtes pas du tout satisfait et la note 10 signifiant que vous êtes très satisfait. Les notes intermédiaires permettent de nuancer votre jugement.
Pas du tout satisfaitTrès satisfait"
1st round vote,Dupont-Aignan,88.56025,0.7396905496540491,0.2449999,0.0073897363659203765,0.35186392,0.09741823000000001,0.08108487,0.03960444,0.08110241,0.09058447999999998,0.0849999,0.06122124,0.09723734,0.0,0.007389739999999999,0,0.00749343,2.980217,"bq3v12b. D'une manière générale, vous êtes satisfait(e) ou pas de l'action du président de la République Emmanuel Macron durant son premier mandat, entre 2017 et 2022 ? La
note 0 signifiant que vous n'êtes pas du tout satisfait et la note 10 signifiant que vous êtes très satisfait. Les notes intermédiaires permettent de nuancer votre jugement.
Pas du tout satisfaitTrès satisfait"
1st round vote,Zemmour,303.4525,0.8301523302658571,0.14586658537991942,0.010573467017078456,0.38842262000000005,0.1349999,0.10039162999999998,0.09588891,0.03735339,0.07309618,0.05583981,0.07405442,0.01597235,0.005855859999999999,0.0047176,0.00877531,0.00463202,2.249668,"bq3v12b. D'une manière générale, vous êtes satisfait(e) ou pas de l'action du président de la République Emmanuel Macron durant son premier mandat, entre 2017 et 2022 ? La
note 0 signifiant que vous n'êtes pas du tout satisfait et la note 10 signifiant que vous êtes très satisfait. Les notes intermédiaires permettent de nuancer votre jugement.
Pas du tout satisfaitTrès satisfait"
1st round vote,Le Pen,993.0248,0.825,0.1249999,0.0164766378442915,0.33028259,0.16136334,0.11685116,0.09833943,0.04926509,0.06873615,0.05961099,0.04485575,0.02354075,0.0102617,0.00621493,0.02062612,0.010051669999999999,2.316374,"bq3v12b. D'une manière générale, vous êtes satisfait(e) ou pas de l'action du président de la République Emmanuel Macron durant son premier mandat, entre 2017 et 2022 ? La
note 0 signifiant que vous n'êtes pas du tout satisfait et la note 10 signifiant que vous êtes très satisfait. Les notes intermédiaires permettent de nuancer votre jugement.
Pas du tout satisfaitTrès satisfait"
1st round vote,Lassalle,134.5409,0.6819524025779522,0.28583754085188967,0.008086700772776161,0.15824501000000013,0.0649999,0.11680128000000001,0.1093553,0.10755146,0.12499990000000001,0.10169183000000001,0.13686871,0.04727699,0.0080867,0.0,0.01957785,0.00454507,3.796237,"bq3v12b. D'une manière générale, vous êtes satisfait(e) ou pas de l'action du président de la République Emmanuel Macron durant son premier mandat, entre 2017 et 2022 ? La
note 0 signifiant que vous n'êtes pas du tout satisfait et la note 10 signifiant que vous êtes très satisfait. Les notes intermédiaires permettent de nuancer votre jugement.
Pas du tout satisfaitTrès satisfait"
1st round vote,Blank/Null/NA,96.61228,0.665,0.1849999,0.025,0.15431186999999988,0.10729764,0.08283472,0.09718141,0.08641196,0.13655407,0.07499990000000001,0.06063622,0.05308320999999999,0.01616518,0.00598693,0.09171068,0.03282621,3.543736,"bq3v12b. D'une manière générale, vous êtes satisfait(e) ou pas de l'action du président de la République Emmanuel Macron durant son premier mandat, entre 2017 et 2022 ? La
note 0 signifiant que vous n'êtes pas du tout satisfait et la note 10 signifiant que vous êtes très satisfait. Les notes intermédiaires permettent de nuancer votre jugement.
Pas du tout satisfaitTrès satisfait"
1st round vote,Blank,63.86856,0.7149998999999999,0.15589504444753413,0.017191212703088966,0.1750766300000001,0.11786554,0.09326899,0.10362051,0.10213786,0.12386794000000001,0.06920154,0.04792804,0.03876546,0.01253758,0.005,0.07067191,0.040057999999999996,3.2199,"bq3v12b. D'une manière générale, vous êtes satisfait(e) ou pas de l'action du président de la République Emmanuel Macron durant son premier mandat, entre 2017 et 2022 ? La
note 0 signifiant que vous n'êtes pas du tout satisfait et la note 10 signifiant que vous êtes très satisfait. Les notes intermédiaires permettent de nuancer votre jugement.
Pas du tout satisfaitTrès satisfait"
1st round vote,Null,19.09123,0.6090178579379117,0.2185743401551393,0.01024446303354996,0.10150241999999998,0.105,0.08063535,0.11315006999999999,0.04320978,0.16551984000000017,0.0799729,0.057871759999999994,0.08072969,0.01024446,0.0,0.16216373,0,3.858582,"bq3v12b. D'une manière générale, vous êtes satisfait(e) ou pas de l'action du président de la République Emmanuel Macron durant son premier mandat, entre 2017 et 2022 ? La
note 0 signifiant que vous n'êtes pas du tout satisfait et la note 10 signifiant que vous êtes très satisfait. Les notes intermédiaires permettent de nuancer votre jugement.
Pas du tout satisfaitTrès satisfait"
2nd round vote,Macron,2287.563,0.2826153421785542,0.555,0.13453876461544445,0.02003216,0.02000188,0.02819843,0.05483791999999999,0.06739587,0.09214898,0.129421,0.235,0.18938341000000009,0.07968366,0.0548551,0.02337838,0.00566321,6.358295,"bq3v12b. D'une manière générale, vous êtes satisfait(e) ou pas de l'action du président de la République Emmanuel Macron durant son premier mandat, entre 2017 et 2022 ? La
note 0 signifiant que vous n'êtes pas du tout satisfait et la note 10 signifiant que vous êtes très satisfait. Les notes intermédiaires permettent de nuancer votre jugement.
Pas du tout satisfaitTrès satisfait"
2nd round vote,Le Pen,1619.66,0.8448019954805328,0.11251423138189497,0.015050448859637206,0.36281851000000004,0.1549999,0.12129472,0.09719349,0.04629094,0.06284387,0.04959168,0.03728278,0.0249999,0.00749112,0.007559330000000001,0.02135377,0.00627999,2.155635,"bq3v12b. D'une manière générale, vous êtes satisfait(e) ou pas de l'action du président de la République Emmanuel Macron durant son premier mandat, entre 2017 et 2022 ? La
note 0 signifiant que vous n'êtes pas du tout satisfait et la note 10 signifiant que vous êtes très satisfait. Les notes intermédiaires permettent de nuancer votre jugement.
Pas du tout satisfaitTrès satisfait"
2nd round vote,Blank/Null/NA,370.4173,0.8308664309145387,0.099114809162531,0.010417062054067129,0.20110359,0.15219205,0.15210413,0.13823871,0.09895350000000001,0.08827466000000002,0.04196451,0.03733325,0.01981705,0.00493671,0.005480350000000001,0.04202992,0.01757199,2.636322,"bq3v12b. D'une manière générale, vous êtes satisfait(e) ou pas de l'action du président de la République Emmanuel Macron durant son premier mandat, entre 2017 et 2022 ? La
note 0 signifiant que vous n'êtes pas du tout satisfait et la note 10 signifiant que vous êtes très satisfait. Les notes intermédiaires permettent de nuancer votre jugement.
Pas du tout satisfaitTrès satisfait"
