Indicator,Category,BASE,ST 0 à 5,ST 6 à 8,ST 9 à 10,0.0,1.0,2.0,3.0,4.0,5.0,6.0,7.0,8.0,9.0,10.0,Ne sait pas,No rep.,Moyenne,Question
Total,Total,5979.002,0.255,0.35332552155025204,0.2249999,0.01559606,0.015,0.022465790000000003,0.03365757,0.035,0.12775679,0.08367445,0.133733,0.13591807,0.08407388000000002,0.14279112,0.15612117,0.014212100000000002,6.816546,"qeur1. Selon vous, pour résoudre les problèmes de la France, il faut donner plus de pouvoir à l'Union européenne ou plus de pouvoir au gouvernement français ? La note 0 signifiant
qu'il faudrait plus de pouvoir à l'UE et la note 10 signifiant qu'il faudrait plus de pouvoir au gouvernement français. Les notes intermédiaires permettent de nuancer votre
jugement. Plus de pouvoir à l'UEPlus de pouvoir au gouvernement français"
Gender,Man,2929.637,0.265,0.34994813350595994,0.26378954116158415,0.01693727,0.010267490000000002,0.02752075,0.04052594,0.0414693,0.125,0.09267698,0.13032434,0.12694696,0.08435038,0.17908926000000017,0.11061094,0.01428039,6.871676,"qeur1. Selon vous, pour résoudre les problèmes de la France, il faut donner plus de pouvoir à l'Union européenne ou plus de pouvoir au gouvernement français ? La note 0 signifiant
qu'il faudrait plus de pouvoir à l'UE et la note 10 signifiant qu'il faudrait plus de pouvoir au gouvernement français. Les notes intermédiaires permettent de nuancer votre
jugement. Plus de pouvoir à l'UEPlus de pouvoir au gouvernement français"
Gender,Woman,3049.36,0.235717560406118,0.356570887005798,0.19139029173334732,0.01430752,0.01802447,0.01760931,0.02705893,0.02797795,0.13073943,0.07502548,0.13700813,0.14453728,0.08380844,0.10758201999999999,0.20217347,0.014146519999999997,6.757401,"qeur1. Selon vous, pour résoudre les problèmes de la France, il faut donner plus de pouvoir à l'Union européenne ou plus de pouvoir au gouvernement français ? La note 0 signifiant
qu'il faudrait plus de pouvoir à l'UE et la note 10 signifiant qu'il faudrait plus de pouvoir au gouvernement français. Les notes intermédiaires permettent de nuancer votre
jugement. Plus de pouvoir à l'UEPlus de pouvoir au gouvernement français"
Age,18-24,478.2759,0.19507181942472956,0.3949999,0.19619821947959326,0.01082266,0.01735438,0.01233667,0.03144221,0.02530709,0.0978088,0.11733974,0.17498601,0.1045659,0.08094401,0.11525417000000002,0.1984096,0.01342868,6.817297,"qeur1. Selon vous, pour résoudre les problèmes de la France, il faut donner plus de pouvoir à l'Union européenne ou plus de pouvoir au gouvernement français ? La note 0 signifiant
qu'il faudrait plus de pouvoir à l'UE et la note 10 signifiant qu'il faudrait plus de pouvoir au gouvernement français. Les notes intermédiaires permettent de nuancer votre
jugement. Plus de pouvoir à l'UEPlus de pouvoir au gouvernement français"
Age,25-34,836.9062,0.19291803549788494,0.42615815249068534,0.20002958515542124,0.01858736,0.00737387,0.00788301,0.02703608,0.0349999,0.09499990000000001,0.09707023,0.18112247999999997,0.15000355,0.07950417,0.12052545,0.16957002,0.01132398,6.940412,"qeur1. Selon vous, pour résoudre les problèmes de la France, il faut donner plus de pouvoir à l'Union européenne ou plus de pouvoir au gouvernement français ? La note 0 signifiant
qu'il faudrait plus de pouvoir à l'UE et la note 10 signifiant qu'il faudrait plus de pouvoir au gouvernement français. Les notes intermédiaires permettent de nuancer votre
jugement. Plus de pouvoir à l'UEPlus de pouvoir au gouvernement français"
Age,35-49,1494.556,0.24862808753904167,0.35369581333854333,0.21761546573029045,0.01581861,0.01872392,0.0171264,0.040715339999999996,0.0249999,0.13107726,0.07776162,0.13349282,0.1424415,0.07820135,0.13941405,0.1664372600000001,0.01378997,6.792793,"qeur1. Selon vous, pour résoudre les problèmes de la France, il faut donner plus de pouvoir à l'Union européenne ou plus de pouvoir au gouvernement français ? La note 0 signifiant
qu'il faudrait plus de pouvoir à l'UE et la note 10 signifiant qu'il faudrait plus de pouvoir au gouvernement français. Les notes intermédiaires permettent de nuancer votre
jugement. Plus de pouvoir à l'UEPlus de pouvoir au gouvernement français"
Age,50-64,1554.412,0.23570803622205697,0.3394881151200582,0.24560090889674036,0.01396298,0.01551342,0.026950759999999997,0.02107275,0.03585266,0.12235533,0.07959048,0.12500991,0.13488785,0.0803738,0.16522703999999996,0.16460340000000004,0.01460078,6.938586,"qeur1. Selon vous, pour résoudre les problèmes de la France, il faut donner plus de pouvoir à l'Union européenne ou plus de pouvoir au gouvernement français ? La note 0 signifiant
qu'il faudrait plus de pouvoir à l'UE et la note 10 signifiant qu'il faudrait plus de pouvoir au gouvernement français. Les notes intermédiaires permettent de nuancer votre
jugement. Plus de pouvoir à l'UEPlus de pouvoir au gouvernement français"
Age,65+,1614.848,0.30454160391566265,0.3156543526077996,0.24038150959099555,0.01682555,0.01143977,0.03364795,0.043327229999999994,0.04393424,0.15536657,0.07616488,0.10663058999999998,0.13285876,0.09636597000000001,0.14401547,0.12346599,0.01595752,6.664144,"qeur1. Selon vous, pour résoudre les problèmes de la France, il faut donner plus de pouvoir à l'Union européenne ou plus de pouvoir au gouvernement français ? La note 0 signifiant
qu'il faudrait plus de pouvoir à l'UE et la note 10 signifiant qu'il faudrait plus de pouvoir au gouvernement français. Les notes intermédiaires permettent de nuancer votre
jugement. Plus de pouvoir à l'UEPlus de pouvoir au gouvernement français"
Socio-Professional Category,Total-CSP+,1734.019,0.2774059569128135,0.3749999,0.1963697629610748,0.02217112,0.01929605,0.02579425,0.03930257,0.03356369,0.13727825,0.09436471000000002,0.15216379,0.13316296,0.06723404,0.12913572,0.13541645,0.0111166,6.564447,"qeur1. Selon vous, pour résoudre les problèmes de la France, il faut donner plus de pouvoir à l'Union européenne ou plus de pouvoir au gouvernement français ? La note 0 signifiant
qu'il faudrait plus de pouvoir à l'UE et la note 10 signifiant qu'il faudrait plus de pouvoir au gouvernement français. Les notes intermédiaires permettent de nuancer votre
jugement. Plus de pouvoir à l'UEPlus de pouvoir au gouvernement français"
Socio-Professional Category,Small Business owners,212.9949,0.22592893069270673,0.3293954456186509,0.28499990000000003,0.07374364,0.03247124,0.01555822,0.025,0.02349453,0.055757810000000005,0.0877998,0.0919168,0.14967889,0.08261066,0.20360944999999994,0.14616256,0.012196399999999998,6.724089,"qeur1. Selon vous, pour résoudre les problèmes de la France, il faut donner plus de pouvoir à l'Union européenne ou plus de pouvoir au gouvernement français ? La note 0 signifiant
qu'il faudrait plus de pouvoir à l'UE et la note 10 signifiant qu'il faudrait plus de pouvoir au gouvernement français. Les notes intermédiaires permettent de nuancer votre
jugement. Plus de pouvoir à l'UEPlus de pouvoir au gouvernement français"
Socio-Professional Category,Cadres/Prof Lib,597.9521,0.3049999,0.395,0.202281085725763,0.011809890000000002,0.01700962,0.02133203,0.04423976000000001,0.04328177999999999,0.16764298000000014,0.085,0.15728183,0.14612689,0.08153779,0.12074332,0.08985195999999998,0.014142149999999997,6.612288,"qeur1. Selon vous, pour résoudre les problèmes de la France, il faut donner plus de pouvoir à l'Union européenne ou plus de pouvoir au gouvernement français ? La note 0 signifiant
qu'il faudrait plus de pouvoir à l'UE et la note 10 signifiant qu'il faudrait plus de pouvoir au gouvernement français. Les notes intermédiaires permettent de nuancer votre
jugement. Plus de pouvoir à l'UEPlus de pouvoir au gouvernement français"
Socio-Professional Category,Prof Intermed,896.9079,0.275,0.3815262414345999,0.1749999,0.01747824,0.01688935,0.03124416,0.04057700000000001,0.0304551,0.136023,0.09942966,0.15837579,0.12372106,0.054999900000000004,0.1207891,0.16085026000000016,0.00916738,6.507725,"qeur1. Selon vous, pour résoudre les problèmes de la France, il faut donner plus de pouvoir à l'Union européenne ou plus de pouvoir au gouvernement français ? La note 0 signifiant
qu'il faudrait plus de pouvoir à l'UE et la note 10 signifiant qu'il faudrait plus de pouvoir au gouvernement français. Les notes intermédiaires permettent de nuancer votre
jugement. Plus de pouvoir à l'UEPlus de pouvoir au gouvernement français"
Socio-Professional Category,Total-CSP-,1674.09,0.19661499680423397,0.3649999,0.24612661206984093,0.01057272,0.00905153,0.01531215,0.02123299,0.03280393,0.10764158,0.09297129,0.132632,0.14289507,0.08800907,0.15811742,0.17131473999999997,0.01744524,7.119309,"qeur1. Selon vous, pour résoudre les problèmes de la France, il faut donner plus de pouvoir à l'Union européenne ou plus de pouvoir au gouvernement français ? La note 0 signifiant
qu'il faudrait plus de pouvoir à l'UE et la note 10 signifiant qu'il faudrait plus de pouvoir au gouvernement français. Les notes intermédiaires permettent de nuancer votre
jugement. Plus de pouvoir à l'UEPlus de pouvoir au gouvernement français"
Socio-Professional Category,Salaried,956.6466,0.2205581455053517,0.3584256715071166,0.23345151699697672,0.013895320000000001,0.00992625,0.02326506,0.02667017,0.04099097000000001,0.10581034,0.07120876,0.13131411,0.15590282,0.06969423,0.16375723,0.18049319,0.00707087,7.001144,"qeur1. Selon vous, pour résoudre les problèmes de la France, il faut donner plus de pouvoir à l'Union européenne ou plus de pouvoir au gouvernement français ? La note 0 signifiant
qu'il faudrait plus de pouvoir à l'UE et la note 10 signifiant qu'il faudrait plus de pouvoir au gouvernement français. Les notes intermédiaires permettent de nuancer votre
jugement. Plus de pouvoir à l'UEPlus de pouvoir au gouvernement français"
Socio-Professional Category,Blue collar,717.4432,0.165,0.38192932903956717,0.263027651526978,0.00614234,0.00788515,0.005,0.013983,0.021887249999999997,0.11008349,0.12198962999999999,0.13438931,0.12555023,0.11243025,0.15059743,0.15878337,0.03127855,7.277414,"qeur1. Selon vous, pour résoudre les problèmes de la France, il faut donner plus de pouvoir à l'Union européenne ou plus de pouvoir au gouvernement français ? La note 0 signifiant
qu'il faudrait plus de pouvoir à l'UE et la note 10 signifiant qu'il faudrait plus de pouvoir au gouvernement français. Les notes intermédiaires permettent de nuancer votre
jugement. Plus de pouvoir à l'UEPlus de pouvoir au gouvernement français"
Political similarity,Far left,187.3446,0.18449488269210856,0.4854467649454534,0.1825057674467265,0.0,0.0,0.01370757,0.04227075,0.01644619,0.11207038,0.13582441,0.18229845,0.1673239,0.08177893,0.10072683999999998,0.13759516,0.00995789,6.983738,"qeur1. Selon vous, pour résoudre les problèmes de la France, il faut donner plus de pouvoir à l'Union européenne ou plus de pouvoir au gouvernement français ? La note 0 signifiant
qu'il faudrait plus de pouvoir à l'UE et la note 10 signifiant qu'il faudrait plus de pouvoir au gouvernement français. Les notes intermédiaires permettent de nuancer votre
jugement. Plus de pouvoir à l'UEPlus de pouvoir au gouvernement français"
Political similarity,Radical left,828.7407,0.2128216944093611,0.4633668890643359,0.2158920154398113,0.00712977,0.0037933900000000007,0.01782596,0.03387154,0.02709242,0.12310871,0.10013594000000002,0.18823056000000024,0.1749999,0.08732490000000001,0.12856711,0.09704834,0.01087146,7.011727,"qeur1. Selon vous, pour résoudre les problèmes de la France, il faut donner plus de pouvoir à l'Union européenne ou plus de pouvoir au gouvernement français ? La note 0 signifiant
qu'il faudrait plus de pouvoir à l'UE et la note 10 signifiant qu'il faudrait plus de pouvoir au gouvernement français. Les notes intermédiaires permettent de nuancer votre
jugement. Plus de pouvoir à l'UEPlus de pouvoir au gouvernement français"
Political similarity,Left,1430.296,0.3049999,0.415,0.14935705616180148,0.01265242,0.01315024,0.03111559,0.05052451000000001,0.050038450000000005,0.15107216,0.095,0.165,0.15311878,0.07057043,0.07878656,0.11232164999999998,0.01664921,6.37956,"qeur1. Selon vous, pour résoudre les problèmes de la France, il faut donner plus de pouvoir à l'Union européenne ou plus de pouvoir au gouvernement français ? La note 0 signifiant
qu'il faudrait plus de pouvoir à l'UE et la note 10 signifiant qu'il faudrait plus de pouvoir au gouvernement français. Les notes intermédiaires permettent de nuancer votre
jugement. Plus de pouvoir à l'UEPlus de pouvoir au gouvernement français"
Political similarity,PC/LFI,641.3963,0.2210957562430591,0.45691782132201264,0.22564364652555682,0.0092123,0.0049014,0.01902891,0.03141822,0.030202050000000005,0.12633286,0.08971173,0.19013576000000001,0.17727495,0.08894478,0.13669884,0.0849999,0.011138300000000002,7.019438,"qeur1. Selon vous, pour résoudre les problèmes de la France, il faut donner plus de pouvoir à l'Union européenne ou plus de pouvoir au gouvernement français ? La note 0 signifiant
qu'il faudrait plus de pouvoir à l'UE et la note 10 signifiant qu'il faudrait plus de pouvoir au gouvernement français. Les notes intermédiaires permettent de nuancer votre
jugement. Plus de pouvoir à l'UEPlus de pouvoir au gouvernement français"
Political similarity,PS,449.3176,0.3647046098350031,0.3872597022685067,0.12096951020836931,0.010195099999999999,0.02318414,0.0346558,0.038319,0.08117273999999998,0.17717797,0.09696391,0.14226632,0.14802932,0.08434171999999998,0.03662779,0.10938094,0.01768556,6.077516,"qeur1. Selon vous, pour résoudre les problèmes de la France, il faut donner plus de pouvoir à l'Union européenne ou plus de pouvoir au gouvernement français ? La note 0 signifiant
qu'il faudrait plus de pouvoir à l'UE et la note 10 signifiant qu'il faudrait plus de pouvoir au gouvernement français. Les notes intermédiaires permettent de nuancer votre
jugement. Plus de pouvoir à l'UEPlus de pouvoir au gouvernement français"
Political similarity,EELV,339.583,0.3949999,0.365,0.04282899909595003,0.02240139,0.0149999,0.04926036,0.10276153,0.04630962,0.16325747,0.10032248,0.14638739,0.1179001,0.01764381,0.0249999,0.16806925000000017,0.025686800000000003,5.458383,"qeur1. Selon vous, pour résoudre les problèmes de la France, il faut donner plus de pouvoir à l'Union européenne ou plus de pouvoir au gouvernement français ? La note 0 signifiant
qu'il faudrait plus de pouvoir à l'UE et la note 10 signifiant qu'il faudrait plus de pouvoir au gouvernement français. Les notes intermédiaires permettent de nuancer votre
jugement. Plus de pouvoir à l'UEPlus de pouvoir au gouvernement français"
Political similarity,EM,672.9198,0.3449999,0.3973711280304132,0.1602501516525446,0.01450013,0.011974910000000002,0.03089194,0.03626976,0.06080469,0.1925055100000001,0.105,0.17958797,0.11309617,0.06617381,0.09407638,0.08556558000000002,0.00955315,6.317089,"qeur1. Selon vous, pour résoudre les problèmes de la France, il faut donner plus de pouvoir à l'Union européenne ou plus de pouvoir au gouvernement français ? La note 0 signifiant
qu'il faudrait plus de pouvoir à l'UE et la note 10 signifiant qu'il faudrait plus de pouvoir au gouvernement français. Les notes intermédiaires permettent de nuancer votre
jugement. Plus de pouvoir à l'UEPlus de pouvoir au gouvernement français"
Political similarity,MoDem,161.1257,0.36917599116714467,0.3720341323575321,0.075,0.00816289,0.02635327,0.049221469999999996,0.04985310999999999,0.0416716,0.19391362999999998,0.11327622,0.15253153,0.10622637999999998,0.04834993,0.02645796,0.16950362,0.01447812,5.768902,"qeur1. Selon vous, pour résoudre les problèmes de la France, il faut donner plus de pouvoir à l'Union européenne ou plus de pouvoir au gouvernement français ? La note 0 signifiant
qu'il faudrait plus de pouvoir à l'UE et la note 10 signifiant qu'il faudrait plus de pouvoir au gouvernement français. Les notes intermédiaires permettent de nuancer votre
jugement. Plus de pouvoir à l'UEPlus de pouvoir au gouvernement français"
Political similarity,Right,573.0042,0.26378113807891806,0.4318083532372014,0.225,0.02477118,0.00800569,0.02590536,0.03196507,0.06246031,0.1106736,0.08308983999999998,0.16137273000000002,0.18734557,0.08789902,0.13566234,0.06709228,0.013757149999999998,6.781857,"qeur1. Selon vous, pour résoudre les problèmes de la France, il faut donner plus de pouvoir à l'Union européenne ou plus de pouvoir au gouvernement français ? La note 0 signifiant
qu'il faudrait plus de pouvoir à l'UE et la note 10 signifiant qu'il faudrait plus de pouvoir au gouvernement français. Les notes intermédiaires permettent de nuancer votre
jugement. Plus de pouvoir à l'UEPlus de pouvoir au gouvernement français"
Political similarity,UDI/PR,89.32552,0.4059181519458269,0.44424572059586104,0.08188823306038409,0.0194983,0.0,0.02021753,0.11293927999999999,0.11732246,0.13594055,0.0849999,0.23568238999999996,0.12356323,0.06323203,0.0186562,0.05100717,0.01694096,5.82792,"qeur1. Selon vous, pour résoudre les problèmes de la France, il faut donner plus de pouvoir à l'Union européenne ou plus de pouvoir au gouvernement français ? La note 0 signifiant
qu'il faudrait plus de pouvoir à l'UE et la note 10 signifiant qu'il faudrait plus de pouvoir au gouvernement français. Les notes intermédiaires permettent de nuancer votre
jugement. Plus de pouvoir à l'UEPlus de pouvoir au gouvernement français"
Political similarity,LR,397.5368,0.265,0.4642850674453283,0.18521344439055704,0.02507897,0.0115393,0.03124121,0.02069685,0.05890765,0.11667109,0.08923511000000002,0.16222652,0.21142130999999992,0.085,0.10161515,0.07345813,0.012908710000000002,6.673593,"qeur1. Selon vous, pour résoudre les problèmes de la France, il faut donner plus de pouvoir à l'Union européenne ou plus de pouvoir au gouvernement français ? La note 0 signifiant
qu'il faudrait plus de pouvoir à l'UE et la note 10 signifiant qu'il faudrait plus de pouvoir au gouvernement français. Les notes intermédiaires permettent de nuancer votre
jugement. Plus de pouvoir à l'UEPlus de pouvoir au gouvernement français"
Political similarity,Radical right,1008.8,0.149218080888184,0.272268834258525,0.4702432593180016,0.0212046,0.02038482,0.01628222,0.015,0.01266403,0.06407262,0.055,0.07381809,0.14362778,0.14579649,0.32341541,0.095,0.01373394,7.87135,"qeur1. Selon vous, pour résoudre les problèmes de la France, il faut donner plus de pouvoir à l'Union européenne ou plus de pouvoir au gouvernement français ? La note 0 signifiant
qu'il faudrait plus de pouvoir à l'UE et la note 10 signifiant qu'il faudrait plus de pouvoir au gouvernement français. Les notes intermédiaires permettent de nuancer votre
jugement. Plus de pouvoir à l'UEPlus de pouvoir au gouvernement français"
Political similarity,Debout la France,86.14185,0.115,0.2690339248576621,0.5449999,0.02881849,0.0,0.00717896,0.0,0.02196571,0.05679503,0.05248593,0.08063984999999999,0.13590816,0.13332521,0.41351154,0.055,0.01437112,8.262102,"qeur1. Selon vous, pour résoudre les problèmes de la France, il faut donner plus de pouvoir à l'Union européenne ou plus de pouvoir au gouvernement français ? La note 0 signifiant
qu'il faudrait plus de pouvoir à l'UE et la note 10 signifiant qu'il faudrait plus de pouvoir au gouvernement français. Les notes intermédiaires permettent de nuancer votre
jugement. Plus de pouvoir à l'UEPlus de pouvoir au gouvernement français"
Political similarity,Reconquete,205.4045,0.05425918127402272,0.255,0.635,0.00826104,0.0149999,0.0,0.00892648,0.0032495399999999995,0.0181796,0.02709544,0.04855717,0.1773928,0.25676546,0.3782287500000003,0.04462319,0.013720629999999998,8.659938,"qeur1. Selon vous, pour résoudre les problèmes de la France, il faut donner plus de pouvoir à l'Union européenne ou plus de pouvoir au gouvernement français ? La note 0 signifiant
qu'il faudrait plus de pouvoir à l'UE et la note 10 signifiant qu'il faudrait plus de pouvoir au gouvernement français. Les notes intermédiaires permettent de nuancer votre
jugement. Plus de pouvoir à l'UEPlus de pouvoir au gouvernement français"
Political similarity,RN,717.2537,0.1805507590968161,0.2781625246408628,0.415,0.02399692,0.024191109999999995,0.02203835,0.017992,0.015,0.07808934,0.06304426,0.08023294,0.135,0.11551540000000002,0.29758703000000014,0.11365142,0.01366123,7.577591,"qeur1. Selon vous, pour résoudre les problèmes de la France, il faut donner plus de pouvoir à l'Union européenne ou plus de pouvoir au gouvernement français ? La note 0 signifiant
qu'il faudrait plus de pouvoir à l'UE et la note 10 signifiant qu'il faudrait plus de pouvoir au gouvernement français. Les notes intermédiaires permettent de nuancer votre
jugement. Plus de pouvoir à l'UEPlus de pouvoir au gouvernement français"
Political similarity,No preference,1860.95,0.20104538004782505,0.29449136193879466,0.215,0.01664566,0.01232814,0.01211676,0.027647659999999998,0.0174433,0.11486381,0.07267568,0.10850462999999999,0.1133111,0.07652376,0.13715495,0.28130638,0.00947914,6.945612,"qeur1. Selon vous, pour résoudre les problèmes de la France, il faut donner plus de pouvoir à l'Union européenne ou plus de pouvoir au gouvernement français ? La note 0 signifiant
qu'il faudrait plus de pouvoir à l'UE et la note 10 signifiant qu'il faudrait plus de pouvoir au gouvernement français. Les notes intermédiaires permettent de nuancer votre
jugement. Plus de pouvoir à l'UEPlus de pouvoir au gouvernement français"
Politics,Total-left,1649.278,0.3116903881577272,0.3975210971103719,0.15662392877368156,0.01269238,0.02109333,0.0333684,0.04819741,0.04701749,0.1493214,0.09862843,0.15744174,0.14145117,0.06790147,0.08872246,0.11968916,0.01447539,6.341745,"qeur1. Selon vous, pour résoudre les problèmes de la France, il faut donner plus de pouvoir à l'Union européenne ou plus de pouvoir au gouvernement français ? La note 0 signifiant
qu'il faudrait plus de pouvoir à l'UE et la note 10 signifiant qu'il faudrait plus de pouvoir au gouvernement français. Les notes intermédiaires permettent de nuancer votre
jugement. Plus de pouvoir à l'UEPlus de pouvoir au gouvernement français"
Politics,Very Left,217.9165,0.1949999,0.355,0.2629476886789206,0.00052954,0.00473567,0.0142754,0.04154657999999999,0.0033221699999999997,0.13674421,0.04680701,0.11604614999999999,0.18838133000000004,0.09477263,0.16817506,0.15801773,0.02664694,7.34649,"qeur1. Selon vous, pour résoudre les problèmes de la France, il faut donner plus de pouvoir à l'Union européenne ou plus de pouvoir au gouvernement français ? La note 0 signifiant
qu'il faudrait plus de pouvoir à l'UE et la note 10 signifiant qu'il faudrait plus de pouvoir au gouvernement français. Les notes intermédiaires permettent de nuancer votre
jugement. Plus de pouvoir à l'UEPlus de pouvoir au gouvernement français"
Politics,Left,1431.362,0.3285188512759176,0.405,0.1404367308898797,0.015,0.02358368,0.03627518,0.049209930000000006,0.05366983,0.1512361,0.10651785000000001,0.16259459000000015,0.135,0.06381045,0.07662618,0.11385387,0.01262234,6.198968,"qeur1. Selon vous, pour résoudre les problèmes de la France, il faut donner plus de pouvoir à l'Union européenne ou plus de pouvoir au gouvernement français ? La note 0 signifiant
qu'il faudrait plus de pouvoir à l'UE et la note 10 signifiant qu'il faudrait plus de pouvoir au gouvernement français. Les notes intermédiaires permettent de nuancer votre
jugement. Plus de pouvoir à l'UEPlus de pouvoir au gouvernement français"
Politics,Center,776.1196,0.3649999,0.44218674544490305,0.105,0.00906016,0.01206037,0.03125723,0.054999900000000004,0.04564607,0.2128447400000003,0.14826581,0.16863535,0.12499990000000001,0.056942370000000006,0.04803711,0.08025048,0.00700051,6.079976,"qeur1. Selon vous, pour résoudre les problèmes de la France, il faut donner plus de pouvoir à l'Union européenne ou plus de pouvoir au gouvernement français ? La note 0 signifiant
qu'il faudrait plus de pouvoir à l'UE et la note 10 signifiant qu'il faudrait plus de pouvoir au gouvernement français. Les notes intermédiaires permettent de nuancer votre
jugement. Plus de pouvoir à l'UEPlus de pouvoir au gouvernement français"
Politics,Total-right,1622.94,0.1950735701874376,0.37114015305556586,0.34281273491318226,0.024626200000000004,0.015405520000000002,0.01769991,0.01923857,0.03538726,0.08271612000000002,0.07015743,0.13253238,0.16845065,0.12499990000000001,0.21781359999999983,0.08068857,0.01028389,7.329521,"qeur1. Selon vous, pour résoudre les problèmes de la France, il faut donner plus de pouvoir à l'Union européenne ou plus de pouvoir au gouvernement français ? La note 0 signifiant
qu'il faudrait plus de pouvoir à l'UE et la note 10 signifiant qu'il faudrait plus de pouvoir au gouvernement français. Les notes intermédiaires permettent de nuancer votre
jugement. Plus de pouvoir à l'UEPlus de pouvoir au gouvernement français"
Politics,Right,1193.119,0.20526326376497234,0.41526067391433713,0.28499990000000003,0.01969741,0.01670538,0.01684021,0.01662345,0.04214004999999999,0.09325675,0.07934292,0.15561775,0.18030004,0.11455872999999998,0.17075623,0.08403286,0.01012726,7.155216,"qeur1. Selon vous, pour résoudre les problèmes de la France, il faut donner plus de pouvoir à l'Union européenne ou plus de pouvoir au gouvernement français ? La note 0 signifiant
qu'il faudrait plus de pouvoir à l'UE et la note 10 signifiant qu'il faudrait plus de pouvoir au gouvernement français. Les notes intermédiaires permettent de nuancer votre
jugement. Plus de pouvoir à l'UEPlus de pouvoir au gouvernement français"
Politics,Very Right,429.8207,0.16678845388321226,0.2486690380430724,0.5024176360049667,0.03830779,0.011797280000000002,0.020086330000000003,0.02649777,0.01664253,0.05345673,0.04465997,0.06845077,0.13555845,0.1549999,0.3474184899999998,0.07140531,0.010718679999999998,7.807023,"qeur1. Selon vous, pour résoudre les problèmes de la France, il faut donner plus de pouvoir à l'Union européenne ou plus de pouvoir au gouvernement français ? La note 0 signifiant
qu'il faudrait plus de pouvoir à l'UE et la note 10 signifiant qu'il faudrait plus de pouvoir au gouvernement français. Les notes intermédiaires permettent de nuancer votre
jugement. Plus de pouvoir à l'UEPlus de pouvoir au gouvernement français"
Politics,Both left and Right,200.4265,0.325,0.3207573848767503,0.19069619037402738,0.00950182,0.0,0.025,0.01019705,0.062196619999999994,0.21624162999999996,0.10587043,0.12405206,0.09083494,0.03076171,0.15993449,0.14293125,0.022478,6.611001,"qeur1. Selon vous, pour résoudre les problèmes de la France, il faut donner plus de pouvoir à l'Union européenne ou plus de pouvoir au gouvernement français ? La note 0 signifiant
qu'il faudrait plus de pouvoir à l'UE et la note 10 signifiant qu'il faudrait plus de pouvoir au gouvernement français. Les notes intermédiaires permettent de nuancer votre
jugement. Plus de pouvoir à l'UEPlus de pouvoir au gouvernement français"
Politics,Neither left nor right,1673.316,0.1749999,0.2581774751451609,0.24692490838550518,0.013991699999999998,0.00881905,0.012597910000000002,0.027218529999999998,0.01395564,0.10114527,0.05039678,0.09809791,0.10968287,0.07887016,0.16805468999999998,0.29787464,0.01929566,7.22599,"qeur1. Selon vous, pour résoudre les problèmes de la France, il faut donner plus de pouvoir à l'Union européenne ou plus de pouvoir au gouvernement français ? La note 0 signifiant
qu'il faudrait plus de pouvoir à l'UE et la note 10 signifiant qu'il faudrait plus de pouvoir au gouvernement français. Les notes intermédiaires permettent de nuancer votre
jugement. Plus de pouvoir à l'UEPlus de pouvoir au gouvernement français"
Loss of job risk,High risk,556.2398,0.21954469996573422,0.30711700241514545,0.30343369891906335,0.015,0.0097165,0.01913791,0.04249059,0.02948678,0.10403224,0.04969492,0.11095871000000002,0.14646343,0.08254354,0.22057096,0.15935368,0.01055074,7.242485,"qeur1. Selon vous, pour résoudre les problèmes de la France, il faut donner plus de pouvoir à l'Union européenne ou plus de pouvoir au gouvernement français ? La note 0 signifiant
qu'il faudrait plus de pouvoir à l'UE et la note 10 signifiant qu'il faudrait plus de pouvoir au gouvernement français. Les notes intermédiaires permettent de nuancer votre
jugement. Plus de pouvoir à l'UEPlus de pouvoir au gouvernement français"
Loss of job risk,Low risk,1874.312,0.225,0.4049745186500433,0.1896303817080614,0.01689027,0.01817597,0.020806910000000005,0.02918506,0.03131685,0.10684577,0.09499990000000001,0.16988060999999996,0.14009402,0.07668878,0.1129415,0.16814495,0.01402941,6.73102,"qeur1. Selon vous, pour résoudre les problèmes de la France, il faut donner plus de pouvoir à l'Union européenne ou plus de pouvoir au gouvernement français ? La note 0 signifiant
qu'il faudrait plus de pouvoir à l'UE et la note 10 signifiant qu'il faudrait plus de pouvoir au gouvernement français. Les notes intermédiaires permettent de nuancer votre
jugement. Plus de pouvoir à l'UEPlus de pouvoir au gouvernement français"
Loss of job risk,Zero risk,3478.817,0.265,0.3330543112788054,0.235362567217534,0.01501177,0.01309956,0.024187910000000003,0.03509173,0.03785931,0.13878706,0.08135518,0.11981044,0.1318888,0.08796568,0.147397,0.15262263,0.01492478,6.798809,"qeur1. Selon vous, pour résoudre les problèmes de la France, il faut donner plus de pouvoir à l'Union européenne ou plus de pouvoir au gouvernement français ? La note 0 signifiant
qu'il faudrait plus de pouvoir à l'UE et la note 10 signifiant qu'il faudrait plus de pouvoir au gouvernement français. Les notes intermédiaires permettent de nuancer votre
jugement. Plus de pouvoir à l'UEPlus de pouvoir au gouvernement français"
1st round vote,Arthaud,24.07418,0.2149999,0.47803538895198094,0.15599742130365396,0.0,0.0,0.05072223,0.03143628,0.0,0.13321671,0.12033090999999999,0.16126227,0.19644229,0.04793625,0.10806121000000002,0.13030799,0.02028383,6.823851,"qeur1. Selon vous, pour résoudre les problèmes de la France, il faut donner plus de pouvoir à l'Union européenne ou plus de pouvoir au gouvernement français ? La note 0 signifiant
qu'il faudrait plus de pouvoir à l'UE et la note 10 signifiant qu'il faudrait plus de pouvoir au gouvernement français. Les notes intermédiaires permettent de nuancer votre
jugement. Plus de pouvoir à l'UEPlus de pouvoir au gouvernement français"
1st round vote,Poutou,32.85668,0.28377578014577254,0.3151879617782442,0.14714496412905992,0.0,0.0,0.02229726,0.1006465,0.06035735,0.10047466999999999,0.0624844,0.155,0.09941902,0.09193573,0.05520923,0.23991107000000003,0.012264769999999998,6.316909,"qeur1. Selon vous, pour résoudre les problèmes de la France, il faut donner plus de pouvoir à l'Union européenne ou plus de pouvoir au gouvernement français ? La note 0 signifiant
qu'il faudrait plus de pouvoir à l'UE et la note 10 signifiant qu'il faudrait plus de pouvoir au gouvernement français. Les notes intermédiaires permettent de nuancer votre
jugement. Plus de pouvoir à l'UEPlus de pouvoir au gouvernement français"
1st round vote,Roussel,98.04205,0.28561938474358706,0.36567044446745045,0.1849999,0.01181315,0.00729994,0.03420433,0.04122917,0.04597678,0.14509601,0.09007046,0.0996947,0.17590524,0.08244351,0.10439082,0.1387678,0.02310783,6.610251,"qeur1. Selon vous, pour résoudre les problèmes de la France, il faut donner plus de pouvoir à l'Union européenne ou plus de pouvoir au gouvernement français ? La note 0 signifiant
qu'il faudrait plus de pouvoir à l'UE et la note 10 signifiant qu'il faudrait plus de pouvoir au gouvernement français. Les notes intermédiaires permettent de nuancer votre
jugement. Plus de pouvoir à l'UEPlus de pouvoir au gouvernement français"
1st round vote,Melenchon,942.3053,0.2549999,0.4182616822806791,0.1672853798020663,0.01102405,0.00839656,0.01983699,0.05295362,0.04091923000000001,0.12388851,0.09317214,0.15961765999999986,0.165,0.06959363,0.0976918,0.14290581,0.015,6.637951,"qeur1. Selon vous, pour résoudre les problèmes de la France, il faut donner plus de pouvoir à l'Union européenne ou plus de pouvoir au gouvernement français ? La note 0 signifiant
qu'il faudrait plus de pouvoir à l'UE et la note 10 signifiant qu'il faudrait plus de pouvoir au gouvernement français. Les notes intermédiaires permettent de nuancer votre
jugement. Plus de pouvoir à l'UEPlus de pouvoir au gouvernement français"
1st round vote,Hidalgo,75.31895,0.445,0.335,0.1149999,0.00846955,0.03625633,0.02162557,0.07387533,0.04773811,0.2578310500000001,0.08960405999999999,0.1269132,0.11780674,0.07378788,0.0449999,0.09609237999999999,0.0049999,5.862112,"qeur1. Selon vous, pour résoudre les problèmes de la France, il faut donner plus de pouvoir à l'Union européenne ou plus de pouvoir au gouvernement français ? La note 0 signifiant
qu'il faudrait plus de pouvoir à l'UE et la note 10 signifiant qu'il faudrait plus de pouvoir au gouvernement français. Les notes intermédiaires permettent de nuancer votre
jugement. Plus de pouvoir à l'UEPlus de pouvoir au gouvernement français"
1st round vote,Jadot,198.8808,0.3857100836279822,0.35284416595267115,0.07347159705713172,0.0207508,0.00577489,0.05050231,0.05824111999999999,0.03332269,0.21711824000000002,0.11453901,0.142065,0.09624016000000002,0.03315451,0.04031709,0.16868089000000003,0.01929332,5.730799,"qeur1. Selon vous, pour résoudre les problèmes de la France, il faut donner plus de pouvoir à l'Union européenne ou plus de pouvoir au gouvernement français ? La note 0 signifiant
qu'il faudrait plus de pouvoir à l'UE et la note 10 signifiant qu'il faudrait plus de pouvoir au gouvernement français. Les notes intermédiaires permettent de nuancer votre
jugement. Plus de pouvoir à l'UEPlus de pouvoir au gouvernement français"
1st round vote,Macron,1195.294,0.355,0.3941327405642461,0.12093551879286603,0.015,0.015,0.02964923,0.04343052,0.06670196,0.17940136999999992,0.09446847,0.17376671,0.12589731,0.05660901,0.06432648,0.12300321,0.01274573,6.150117,"qeur1. Selon vous, pour résoudre les problèmes de la France, il faut donner plus de pouvoir à l'Union européenne ou plus de pouvoir au gouvernement français ? La note 0 signifiant
qu'il faudrait plus de pouvoir à l'UE et la note 10 signifiant qu'il faudrait plus de pouvoir au gouvernement français. Les notes intermédiaires permettent de nuancer votre
jugement. Plus de pouvoir à l'UEPlus de pouvoir au gouvernement français"
1st round vote,Pecresse,205.1207,0.265,0.48956053679614003,0.1499482499815962,0.02848083,0.005,0.01549829,0.02170837,0.05020152,0.1431014,0.14122329,0.17250419,0.1756800499999999,0.09260551999999998,0.05734268,0.08312974,0.01352412,6.515437,"qeur1. Selon vous, pour résoudre les problèmes de la France, il faut donner plus de pouvoir à l'Union européenne ou plus de pouvoir au gouvernement français ? La note 0 signifiant
qu'il faudrait plus de pouvoir à l'UE et la note 10 signifiant qu'il faudrait plus de pouvoir au gouvernement français. Les notes intermédiaires permettent de nuancer votre
jugement. Plus de pouvoir à l'UEPlus de pouvoir au gouvernement français"
1st round vote,Dupont-Aignan,88.56025,0.13591684756987477,0.3302046911565855,0.4508645808926691,0.03060314,0.00928913,0.00698292,0.009377,0.03961202,0.0400527,0.0343079,0.06844723,0.22744956,0.11362095,0.33724373999999996,0.08301376000000002,0,7.971437,"qeur1. Selon vous, pour résoudre les problèmes de la France, il faut donner plus de pouvoir à l'Union européenne ou plus de pouvoir au gouvernement français ? La note 0 signifiant
qu'il faudrait plus de pouvoir à l'UE et la note 10 signifiant qu'il faudrait plus de pouvoir au gouvernement français. Les notes intermédiaires permettent de nuancer votre
jugement. Plus de pouvoir à l'UEPlus de pouvoir au gouvernement français"
1st round vote,Zemmour,303.4525,0.0949999,0.29736518895049474,0.555,0.0172282,0.01452556,0.0,0.01933738,0.01248156,0.0346765,0.057161369999999996,0.059163,0.18104082,0.215,0.33762619999999993,0.0485096,0.00324981,8.23926,"qeur1. Selon vous, pour résoudre les problèmes de la France, il faut donner plus de pouvoir à l'Union européenne ou plus de pouvoir au gouvernement français ? La note 0 signifiant
qu'il faudrait plus de pouvoir à l'UE et la note 10 signifiant qu'il faudrait plus de pouvoir au gouvernement français. Les notes intermédiaires permettent de nuancer votre
jugement. Plus de pouvoir à l'UEPlus de pouvoir au gouvernement français"
1st round vote,Le Pen,993.0248,0.185,0.3149999,0.3820207712838592,0.013673019999999998,0.015,0.0206885,0.020302000000000004,0.01787197,0.09509626000000002,0.07313712,0.09344264,0.14907322,0.12394786,0.2574070500000003,0.11394096,0.0064194,7.554631,"qeur1. Selon vous, pour résoudre les problèmes de la France, il faut donner plus de pouvoir à l'Union européenne ou plus de pouvoir au gouvernement français ? La note 0 signifiant
qu'il faudrait plus de pouvoir à l'UE et la note 10 signifiant qu'il faudrait plus de pouvoir au gouvernement français. Les notes intermédiaires permettent de nuancer votre
jugement. Plus de pouvoir à l'UEPlus de pouvoir au gouvernement français"
1st round vote,Lassalle,134.5409,0.2502303760417836,0.4065310994649211,0.22155337150264345,0.0,0.01708394,0.0,0.028056990000000004,0.05948491,0.14499990000000001,0.08728564999999999,0.17738996999999998,0.14246062,0.05907931,0.16247409,0.11713954999999998,0.00454507,6.973085,"qeur1. Selon vous, pour résoudre les problèmes de la France, il faut donner plus de pouvoir à l'Union européenne ou plus de pouvoir au gouvernement français ? La note 0 signifiant
qu'il faudrait plus de pouvoir à l'UE et la note 10 signifiant qu'il faudrait plus de pouvoir au gouvernement français. Les notes intermédiaires permettent de nuancer votre
jugement. Plus de pouvoir à l'UEPlus de pouvoir au gouvernement français"
1st round vote,Blank/Null/NA,96.61228,0.245,0.315,0.11482349862771069,0.0207138,0.01109983,0.04131631000000001,0.02955,0.02569146,0.11532302,0.04642981,0.13528311,0.13111335,0.04248648,0.07233706,0.28392126,0.04473421999999999,6.318636,"qeur1. Selon vous, pour résoudre les problèmes de la France, il faut donner plus de pouvoir à l'Union européenne ou plus de pouvoir au gouvernement français ? La note 0 signifiant
qu'il faudrait plus de pouvoir à l'UE et la note 10 signifiant qu'il faudrait plus de pouvoir au gouvernement français. Les notes intermédiaires permettent de nuancer votre
jugement. Plus de pouvoir à l'UEPlus de pouvoir au gouvernement français"
1st round vote,Blank,63.86856,0.2272629913685231,0.3249999,0.13678717666407383,0.02589943,0.01412808,0.03806452,0.0252683,0.021255949999999996,0.10264673,0.04028652,0.1549999,0.13331011,0.05538913,0.08139806000000001,0.2718917500000001,0.03546152,6.453636,"qeur1. Selon vous, pour résoudre les problèmes de la France, il faut donner plus de pouvoir à l'Union européenne ou plus de pouvoir au gouvernement français ? La note 0 signifiant
qu'il faudrait plus de pouvoir à l'UE et la note 10 signifiant qu'il faudrait plus de pouvoir au gouvernement français. Les notes intermédiaires permettent de nuancer votre
jugement. Plus de pouvoir à l'UEPlus de pouvoir au gouvernement français"
1st round vote,Null,19.09123,0.3277981565357497,0.2661174790728518,0.054999900000000004,0.0,0.00890667,0.06908366,0.03808448,0.03454828,0.17717512,0.0399704,0.11736117,0.10878592,0.013663720000000002,0.04413741999999999,0.28928681,0.05899662,5.802185,"qeur1. Selon vous, pour résoudre les problèmes de la France, il faut donner plus de pouvoir à l'Union européenne ou plus de pouvoir au gouvernement français ? La note 0 signifiant
qu'il faudrait plus de pouvoir à l'UE et la note 10 signifiant qu'il faudrait plus de pouvoir au gouvernement français. Les notes intermédiaires permettent de nuancer votre
jugement. Plus de pouvoir à l'UEPlus de pouvoir au gouvernement français"
2nd round vote,Macron,2287.563,0.32887994778723034,0.4102388874098768,0.1149999,0.01628121,0.01163638,0.02805754,0.04868338,0.05350209,0.17081586,0.10524086,0.1649999,0.13989971,0.05359258,0.06348953,0.12809929,0.01570167,6.195937,"qeur1. Selon vous, pour résoudre les problèmes de la France, il faut donner plus de pouvoir à l'Union européenne ou plus de pouvoir au gouvernement français ? La note 0 signifiant
qu'il faudrait plus de pouvoir à l'UE et la note 10 signifiant qu'il faudrait plus de pouvoir au gouvernement français. Les notes intermédiaires permettent de nuancer votre
jugement. Plus de pouvoir à l'UEPlus de pouvoir au gouvernement français"
2nd round vote,Le Pen,1619.66,0.16682575355321488,0.2949999,0.40858717261647504,0.01704941,0.014932020000000002,0.01340859,0.01950372,0.02564418,0.07628786,0.052183440000000005,0.0924733,0.15318548,0.13186434,0.27672302,0.12000834000000002,0.00673575,7.700134,"qeur1. Selon vous, pour résoudre les problèmes de la France, il faut donner plus de pouvoir à l'Union européenne ou plus de pouvoir au gouvernement français ? La note 0 signifiant
qu'il faudrait plus de pouvoir à l'UE et la note 10 signifiant qu'il faudrait plus de pouvoir au gouvernement français. Les notes intermédiaires permettent de nuancer votre
jugement. Plus de pouvoir à l'UEPlus de pouvoir au gouvernement français"
2nd round vote,Blank/Null/NA,370.4173,0.237747238047467,0.40679066555476756,0.1849999,0.0083842,0.013117859999999999,0.01722012,0.025493789999999995,0.04104444,0.1324869,0.09499990000000001,0.15573401,0.15567734,0.09365807000000001,0.0915653,0.1578601499999999,0.01275792,6.769489,"qeur1. Selon vous, pour résoudre les problèmes de la France, il faut donner plus de pouvoir à l'Union européenne ou plus de pouvoir au gouvernement français ? La note 0 signifiant
qu'il faudrait plus de pouvoir à l'UE et la note 10 signifiant qu'il faudrait plus de pouvoir au gouvernement français. Les notes intermédiaires permettent de nuancer votre
jugement. Plus de pouvoir à l'UEPlus de pouvoir au gouvernement français"
