Indicator,Category,BASE,ST 0 à 5,ST 6 à 8,ST 9 à 10,0.0,1.0,2.0,3.0,4.0,5.0,6.0,7.0,8.0,9.0,10.0,No rep.,Moyenne,Question
Total,Total,5979.002,0.5188063158366563,0.3708061980912533,0.07351511171931369,0.04785727,0.04051708,0.0649999,0.08854516,0.09848232,0.17840471000000008,0.11266328,0.16033208,0.09781117,0.04117724,0.03233782,0.03687197,5.187901,"new7v12b. Si vous comparez votre situation à celle de vos parents quand ils avaient votre âge, diriez-vous que votre situation est vraiment plus mauvaise ou vraiment meilleure
que la leur ?La note 0 signifiant que votre situation est vraiment plus mauvaise et la note 10 signifiant que votre situation est vraiment meilleure. Les notes intermédiaires
permettent de nuancer votre jugement. Vraiment plus mauvaiseVraiment meilleure"
Gender,Man,2929.637,0.4758473490060372,0.4049999,0.08610756213141764,0.04230548,0.035,0.05324182,0.08786594000000002,0.09641976,0.16128927,0.1192176,0.17204121999999994,0.11368343999999998,0.04869569000000001,0.0374119,0.03282788,5.418168,"new7v12b. Si vous comparez votre situation à celle de vos parents quand ils avaient votre âge, diriez-vous que votre situation est vraiment plus mauvaise ou vraiment meilleure
que la leur ?La note 0 signifiant que votre situation est vraiment plus mauvaise et la note 10 signifiant que votre situation est vraiment meilleure. Les notes intermédiaires
permettent de nuancer votre jugement. Vraiment plus mauvaiseVraiment meilleure"
Gender,Woman,3049.36,0.5600785082771467,0.33774562531154073,0.06141708424062754,0.05319113000000001,0.04608154,0.07646562,0.0891979,0.10046393,0.19467859,0.10636628999999999,0.14881696,0.08256234,0.03395408,0.02746303,0.04075737,4.964848,"new7v12b. Si vous comparez votre situation à celle de vos parents quand ils avaient votre âge, diriez-vous que votre situation est vraiment plus mauvaise ou vraiment meilleure
que la leur ?La note 0 signifiant que votre situation est vraiment plus mauvaise et la note 10 signifiant que votre situation est vraiment meilleure. Les notes intermédiaires
permettent de nuancer votre jugement. Vraiment plus mauvaiseVraiment meilleure"
Age,18-24,478.2759,0.46004450569221655,0.4149999,0.07775562180741284,0.06198209,0.04966705999999999,0.03809512,0.05860067,0.07652422,0.1749999,0.11755473999999999,0.20328721999999985,0.09466858,0.03521562,0.04254001000000001,0.04686477,5.361709,"new7v12b. Si vous comparez votre situation à celle de vos parents quand ils avaient votre âge, diriez-vous que votre situation est vraiment plus mauvaise ou vraiment meilleure
que la leur ?La note 0 signifiant que votre situation est vraiment plus mauvaise et la note 10 signifiant que votre situation est vraiment meilleure. Les notes intermédiaires
permettent de nuancer votre jugement. Vraiment plus mauvaiseVraiment meilleure"
Age,25-34,836.9062,0.505,0.36356619176677146,0.07928611354534117,0.04881339,0.02971619,0.05966615,0.08708408,0.09803645,0.18013691,0.12769962,0.14089022,0.09497625,0.03781033,0.04147577,0.05369456,5.25245,"new7v12b. Si vous comparez votre situation à celle de vos parents quand ils avaient votre âge, diriez-vous que votre situation est vraiment plus mauvaise ou vraiment meilleure
que la leur ?La note 0 signifiant que votre situation est vraiment plus mauvaise et la note 10 signifiant que votre situation est vraiment meilleure. Les notes intermédiaires
permettent de nuancer votre jugement. Vraiment plus mauvaiseVraiment meilleure"
Age,35-49,1494.556,0.5922039722834073,0.325,0.0449999,0.06334635,0.07102705,0.08690795,0.11261585,0.09278461,0.16523080999999987,0.10328009999999999,0.145,0.0758733,0.02374715,0.02333264,0.03685419,4.639087,"new7v12b. Si vous comparez votre situation à celle de vos parents quand ils avaient votre âge, diriez-vous que votre situation est vraiment plus mauvaise ou vraiment meilleure
que la leur ?La note 0 signifiant que votre situation est vraiment plus mauvaise et la note 10 signifiant que votre situation est vraiment meilleure. Les notes intermédiaires
permettent de nuancer votre jugement. Vraiment plus mauvaiseVraiment meilleure"
Age,50-64,1554.412,0.615,0.30666875963386797,0.054999900000000004,0.05532764,0.03901713,0.08658438,0.10898102,0.12324622,0.1986273599999999,0.08661976000000002,0.14060288,0.07944599,0.03228312,0.0249999,0.0242646,4.822883,"new7v12b. Si vous comparez votre situation à celle de vos parents quand ils avaient votre âge, diriez-vous que votre situation est vraiment plus mauvaise ou vraiment meilleure
que la leur ?La note 0 signifiant que votre situation est vraiment plus mauvaise et la note 10 signifiant que votre situation est vraiment meilleure. Les notes intermédiaires
permettent de nuancer votre jugement. Vraiment plus mauvaiseVraiment meilleure"
Age,65+,1614.848,0.3849999,0.46655740973763477,0.10925257361683577,0.02165242,0.01661146,0.03499949,0.054999900000000004,0.08665305,0.17070542,0.13717477,0.1924117799999998,0.13819301,0.06938096,0.03987166,0.03734608,5.968374,"new7v12b. Si vous comparez votre situation à celle de vos parents quand ils avaient votre âge, diriez-vous que votre situation est vraiment plus mauvaise ou vraiment meilleure
que la leur ?La note 0 signifiant que votre situation est vraiment plus mauvaise et la note 10 signifiant que votre situation est vraiment meilleure. Les notes intermédiaires
permettent de nuancer votre jugement. Vraiment plus mauvaiseVraiment meilleure"
Socio-Professional Category,Total-CSP+,1734.019,0.5246897525344302,0.3927203796498193,0.055,0.04008342,0.049447359999999996,0.06387548,0.08026423000000002,0.10665425,0.18436476,0.10972631,0.17169408,0.11130011,0.027862200000000004,0.02612126,0.02860657,5.177121,"new7v12b. Si vous comparez votre situation à celle de vos parents quand ils avaient votre âge, diriez-vous que votre situation est vraiment plus mauvaise ou vraiment meilleure
que la leur ?La note 0 signifiant que votre situation est vraiment plus mauvaise et la note 10 signifiant que votre situation est vraiment meilleure. Les notes intermédiaires
permettent de nuancer votre jugement. Vraiment plus mauvaiseVraiment meilleure"
Socio-Professional Category,Small Business owners,212.9949,0.475,0.41454499614779505,0.061758380130228475,0.09633832,0.04924404,0.08773083,0.04730761,0.0649999,0.12702337,0.10413986,0.19426875000000007,0.11695341,0.02919482,0.03256357,0.05023552,5.020224,"new7v12b. Si vous comparez votre situation à celle de vos parents quand ils avaient votre âge, diriez-vous que votre situation est vraiment plus mauvaise ou vraiment meilleure
que la leur ?La note 0 signifiant que votre situation est vraiment plus mauvaise et la note 10 signifiant que votre situation est vraiment meilleure. Les notes intermédiaires
permettent de nuancer votre jugement. Vraiment plus mauvaiseVraiment meilleure"
Socio-Professional Category,Cadres/Prof Lib,597.9521,0.4849999,0.435,0.0649999,0.03397904,0.0268621,0.07499990000000001,0.08472882999999999,0.09536993,0.1695114200000002,0.12517235,0.16569103,0.13621533,0.03214933,0.0349999,0.02032084,5.409682,"new7v12b. Si vous comparez votre situation à celle de vos parents quand ils avaient votre âge, diriez-vous que votre situation est vraiment plus mauvaise ou vraiment meilleure
que la leur ?La note 0 signifiant que votre situation est vraiment plus mauvaise et la note 10 signifiant que votre situation est vraiment meilleure. Les notes intermédiaires
permettent de nuancer votre jugement. Vraiment plus mauvaiseVraiment meilleure"
Socio-Professional Category,Prof Intermed,896.9079,0.565,0.3649999,0.045000000000000005,0.03122549,0.06599527,0.05259249,0.08542252,0.12356787,0.2052568700000001,0.10182979,0.17360244,0.09276784000000002,0.025,0.01943116,0.02330826,5.051996,"new7v12b. Si vous comparez votre situation à celle de vos parents quand ils avaient votre âge, diriez-vous que votre situation est vraiment plus mauvaise ou vraiment meilleure
que la leur ?La note 0 signifiant que votre situation est vraiment plus mauvaise et la note 10 signifiant que votre situation est vraiment meilleure. Les notes intermédiaires
permettent de nuancer votre jugement. Vraiment plus mauvaiseVraiment meilleure"
Socio-Professional Category,Total-CSP-,1674.09,0.595,0.2949999,0.06448715421512584,0.06682861,0.04464851,0.075,0.09984780000000001,0.11129551,0.19582677999999995,0.10426948,0.12396388,0.06883226,0.03315724,0.03132993,0.045,4.79006,"new7v12b. Si vous comparez votre situation à celle de vos parents quand ils avaient votre âge, diriez-vous que votre situation est vraiment plus mauvaise ou vraiment meilleure
que la leur ?La note 0 signifiant que votre situation est vraiment plus mauvaise et la note 10 signifiant que votre situation est vraiment meilleure. Les notes intermédiaires
permettent de nuancer votre jugement. Vraiment plus mauvaiseVraiment meilleure"
Socio-Professional Category,Salaried,956.6466,0.5993112817209616,0.3013653108681931,0.05693121158848001,0.06108753,0.04332098,0.08610191,0.1003632,0.12328760000000005,0.185,0.11271843,0.11880824,0.06983861,0.03208153,0.025,0.04239197,4.739571,"new7v12b. Si vous comparez votre situation à celle de vos parents quand ils avaient votre âge, diriez-vous que votre situation est vraiment plus mauvaise ou vraiment meilleure
que la leur ?La note 0 signifiant que votre situation est vraiment plus mauvaise et la note 10 signifiant que votre situation est vraiment meilleure. Les notes intermédiaires
permettent de nuancer votre jugement. Vraiment plus mauvaiseVraiment meilleure"
Socio-Professional Category,Blue collar,717.4432,0.5849998999999999,0.29133247064018447,0.075,0.0744839,0.04641866,0.05999699,0.09916067,0.09427422,0.21095226000000009,0.09300359000000001,0.13083847,0.06749039,0.035,0.03997079,0.04841005999999999,4.857808,"new7v12b. Si vous comparez votre situation à celle de vos parents quand ils avaient votre âge, diriez-vous que votre situation est vraiment plus mauvaise ou vraiment meilleure
que la leur ?La note 0 signifiant que votre situation est vraiment plus mauvaise et la note 10 signifiant que votre situation est vraiment meilleure. Les notes intermédiaires
permettent de nuancer votre jugement. Vraiment plus mauvaiseVraiment meilleure"
Political similarity,Far left,187.3446,0.4249999,0.385,0.09819840016739206,0.06496376,0.045988980000000006,0.01465594,0.07402695,0.05481187999999999,0.17512018,0.10019871999999999,0.1654242,0.11802096,0.05020964,0.04798875,0.08859049,5.515996,"new7v12b. Si vous comparez votre situation à celle de vos parents quand ils avaient votre âge, diriez-vous que votre situation est vraiment plus mauvaise ou vraiment meilleure
que la leur ?La note 0 signifiant que votre situation est vraiment plus mauvaise et la note 10 signifiant que votre situation est vraiment meilleure. Les notes intermédiaires
permettent de nuancer votre jugement. Vraiment plus mauvaiseVraiment meilleure"
Political similarity,Radical left,828.7407,0.501350181063872,0.37857933126730714,0.0649999,0.05643675,0.04745371,0.04727653999999999,0.08386483,0.09189964999999999,0.17401021999999994,0.10909888,0.155,0.11452013,0.04127173,0.02416756,0.055,5.185163,"new7v12b. Si vous comparez votre situation à celle de vos parents quand ils avaient votre âge, diriez-vous que votre situation est vraiment plus mauvaise ou vraiment meilleure
que la leur ?La note 0 signifiant que votre situation est vraiment plus mauvaise et la note 10 signifiant que votre situation est vraiment meilleure. Les notes intermédiaires
permettent de nuancer votre jugement. Vraiment plus mauvaiseVraiment meilleure"
Political similarity,Left,1430.296,0.495,0.40424059075883595,0.07453673924837935,0.035,0.03688151,0.062131,0.09013015,0.10267427,0.16510463000000006,0.13887762,0.15367952,0.11168353,0.04188016,0.03265654,0.029301069999999995,5.331317,"new7v12b. Si vous comparez votre situation à celle de vos parents quand ils avaient votre âge, diriez-vous que votre situation est vraiment plus mauvaise ou vraiment meilleure
que la leur ?La note 0 signifiant que votre situation est vraiment plus mauvaise et la note 10 signifiant que votre situation est vraiment meilleure. Les notes intermédiaires
permettent de nuancer votre jugement. Vraiment plus mauvaiseVraiment meilleure"
Political similarity,PC/LFI,641.3963,0.522316701858118,0.3749999,0.055870699597113355,0.0539461,0.04788154,0.05680461999999999,0.08673832,0.10273252,0.17392648999999982,0.11169846,0.15190371,0.11349754,0.03866104,0.01720966,0.045,5.092968,"new7v12b. Si vous comparez votre situation à celle de vos parents quand ils avaient votre âge, diriez-vous que votre situation est vraiment plus mauvaise ou vraiment meilleure
que la leur ?La note 0 signifiant que votre situation est vraiment plus mauvaise et la note 10 signifiant que votre situation est vraiment meilleure. Les notes intermédiaires
permettent de nuancer votre jugement. Vraiment plus mauvaiseVraiment meilleure"
Political similarity,PS,449.3176,0.4149999,0.45793465468523825,0.1102959910762454,0.01713532,0.0248376,0.03970626,0.08360411,0.09207496,0.15845578,0.16025522,0.16528487,0.13239464,0.05873231000000001,0.05156366,0.01595554,5.83058,"new7v12b. Si vous comparez votre situation à celle de vos parents quand ils avaient votre âge, diriez-vous que votre situation est vraiment plus mauvaise ou vraiment meilleure
que la leur ?La note 0 signifiant que votre situation est vraiment plus mauvaise et la note 10 signifiant que votre situation est vraiment meilleure. Les notes intermédiaires
permettent de nuancer votre jugement. Vraiment plus mauvaiseVraiment meilleure"
Political similarity,EELV,339.583,0.5349999,0.3844574080563515,0.065,0.02169661,0.03204071,0.10186236999999998,0.10499990000000001,0.11658826,0.15785599,0.16209854000000004,0.14167773,0.08085293,0.0256624,0.03681527,0.01784929,5.107319,"new7v12b. Si vous comparez votre situation à celle de vos parents quand ils avaient votre âge, diriez-vous que votre situation est vraiment plus mauvaise ou vraiment meilleure
que la leur ?La note 0 signifiant que votre situation est vraiment plus mauvaise et la note 10 signifiant que votre situation est vraiment meilleure. Les notes intermédiaires
permettent de nuancer votre jugement. Vraiment plus mauvaiseVraiment meilleure"
Political similarity,EM,672.9198,0.2920618474891064,0.5258552356462093,0.16435955666633678,0.00506717,0.00343289,0.0274894,0.03133445,0.07399059,0.15074738,0.12349776000000001,0.235,0.16735781000000008,0.08097576999999999,0.08338379,0.01772299,6.607143,"new7v12b. Si vous comparez votre situation à celle de vos parents quand ils avaient votre âge, diriez-vous que votre situation est vraiment plus mauvaise ou vraiment meilleure
que la leur ?La note 0 signifiant que votre situation est vraiment plus mauvaise et la note 10 signifiant que votre situation est vraiment meilleure. Les notes intermédiaires
permettent de nuancer votre jugement. Vraiment plus mauvaiseVraiment meilleure"
Political similarity,MoDem,161.1257,0.403452583914298,0.5208332376523422,0.06932444668975837,0.0,0.00949547,0.08726417,0.06061334000000001,0.123496,0.12258373000000002,0.11577054,0.22473193,0.18033070000000004,0.05074058,0.01858384,0.0063894,5.863126,"new7v12b. Si vous comparez votre situation à celle de vos parents quand ils avaient votre âge, diriez-vous que votre situation est vraiment plus mauvaise ou vraiment meilleure
que la leur ?La note 0 signifiant que votre situation est vraiment plus mauvaise et la note 10 signifiant que votre situation est vraiment meilleure. Les notes intermédiaires
permettent de nuancer votre jugement. Vraiment plus mauvaiseVraiment meilleure"
Political similarity,Right,573.0042,0.425,0.45175201159084,0.10499990000000001,0.02998327,0.01221144,0.06704553,0.075,0.08771972,0.14935231,0.11822667,0.2109099699999999,0.12251966,0.08270414,0.02374538,0.02058191,5.735041,"new7v12b. Si vous comparez votre situation à celle de vos parents quand ils avaient votre âge, diriez-vous que votre situation est vraiment plus mauvaise ou vraiment meilleure
que la leur ?La note 0 signifiant que votre situation est vraiment plus mauvaise et la note 10 signifiant que votre situation est vraiment meilleure. Les notes intermédiaires
permettent de nuancer votre jugement. Vraiment plus mauvaiseVraiment meilleure"
Political similarity,UDI/PR,89.32552,0.3125736071841507,0.517611092552274,0.165,0.0,0.00731079,0.02813,0.07480685,0.09361648,0.10870948999999999,0.1311961,0.16617939,0.2209058800000001,0.14621667,0.01792845,0.0049999,6.45013,"new7v12b. Si vous comparez votre situation à celle de vos parents quand ils avaient votre âge, diriez-vous que votre situation est vraiment plus mauvaise ou vraiment meilleure
que la leur ?La note 0 signifiant que votre situation est vraiment plus mauvaise et la note 10 signifiant que votre situation est vraiment meilleure. Les notes intermédiaires
permettent de nuancer votre jugement. Vraiment plus mauvaiseVraiment meilleure"
Political similarity,LR,397.5368,0.4203288852755267,0.44173243835539244,0.109546738817639,0.03648165,0.01455435,0.06146545,0.05515311,0.09168173,0.16099264,0.115,0.22351779000000008,0.10321418999999998,0.08189705,0.02764967,0.02839237,5.731696,"new7v12b. Si vous comparez votre situation à celle de vos parents quand ils avaient votre âge, diriez-vous que votre situation est vraiment plus mauvaise ou vraiment meilleure
que la leur ?La note 0 signifiant que votre situation est vraiment plus mauvaise et la note 10 signifiant que votre situation est vraiment meilleure. Les notes intermédiaires
permettent de nuancer votre jugement. Vraiment plus mauvaiseVraiment meilleure"
Political similarity,Radical right,1008.8,0.6349999,0.285,0.053653300951625696,0.08500816,0.06899319,0.09033882,0.12405958,0.11430402,0.1524262799999999,0.095,0.11641019,0.07225353,0.029728,0.0239253,0.02755293,4.433003,"new7v12b. Si vous comparez votre situation à celle de vos parents quand ils avaient votre âge, diriez-vous que votre situation est vraiment plus mauvaise ou vraiment meilleure
que la leur ?La note 0 signifiant que votre situation est vraiment plus mauvaise et la note 10 signifiant que votre situation est vraiment meilleure. Les notes intermédiaires
permettent de nuancer votre jugement. Vraiment plus mauvaiseVraiment meilleure"
Political similarity,Debout la France,86.14185,0.5379732383272474,0.42969822449831296,0.03232829339049487,0.031085289999999998,0.00648089,0.13315084,0.1661571,0.06332086,0.13777833,0.12159026,0.19782266,0.11028543000000002,0.02056903,0.01175927,0,5.012727,"new7v12b. Si vous comparez votre situation à celle de vos parents quand ils avaient votre âge, diriez-vous que votre situation est vraiment plus mauvaise ou vraiment meilleure
que la leur ?La note 0 signifiant que votre situation est vraiment plus mauvaise et la note 10 signifiant que votre situation est vraiment meilleure. Les notes intermédiaires
permettent de nuancer votre jugement. Vraiment plus mauvaiseVraiment meilleure"
Political similarity,Reconquete,205.4045,0.5709514640623744,0.2890899176989793,0.08753965954981512,0.07126051,0.06186495,0.13074592,0.09662013,0.07259471,0.13786558,0.10762242,0.11428547,0.06718202,0.06537194,0.022167689999999997,0.05241867,4.628771,"new7v12b. Si vous comparez votre situation à celle de vos parents quand ils avaient votre âge, diriez-vous que votre situation est vraiment plus mauvaise ou vraiment meilleure
que la leur ?La note 0 signifiant que votre situation est vraiment plus mauvaise et la note 10 signifiant que votre situation est vraiment meilleure. Les notes intermédiaires
permettent de nuancer votre jugement. Vraiment plus mauvaiseVraiment meilleure"
Political similarity,RN,717.2537,0.6649999,0.265,0.04651018182269398,0.09499990000000001,0.07854222,0.07362547,0.12686169,0.13237163,0.1588340100000001,0.08813445,0.10724111000000001,0.06913827,0.02062042,0.02588977,0.023741060000000005,4.30727,"new7v12b. Si vous comparez votre situation à celle de vos parents quand ils avaient votre âge, diriez-vous que votre situation est vraiment plus mauvaise ou vraiment meilleure
que la leur ?La note 0 signifiant que votre situation est vraiment plus mauvaise et la note 10 signifiant que votre situation est vraiment meilleure. Les notes intermédiaires
permettent de nuancer votre jugement. Vraiment plus mauvaiseVraiment meilleure"
Political similarity,No preference,1860.95,0.6050237781778125,0.3049999,0.04143937773717724,0.0556383,0.05183854,0.0733758,0.10089433,0.09955656999999998,0.225,0.10200618,0.14028100000000004,0.0630564,0.01896966,0.02246973,0.04691349,4.743473,"new7v12b. Si vous comparez votre situation à celle de vos parents quand ils avaient votre âge, diriez-vous que votre situation est vraiment plus mauvaise ou vraiment meilleure
que la leur ?La note 0 signifiant que votre situation est vraiment plus mauvaise et la note 10 signifiant que votre situation est vraiment meilleure. Les notes intermédiaires
permettent de nuancer votre jugement. Vraiment plus mauvaiseVraiment meilleure"
Politics,Total-left,1649.278,0.495,0.3849999,0.0849999,0.03753178,0.03859665,0.05661106999999999,0.09407692,0.1062457,0.16074385,0.1149999,0.1661511499999999,0.10458661,0.0449999,0.04009495,0.03536152,5.348147,"new7v12b. Si vous comparez votre situation à celle de vos parents quand ils avaient votre âge, diriez-vous que votre situation est vraiment plus mauvaise ou vraiment meilleure
que la leur ?La note 0 signifiant que votre situation est vraiment plus mauvaise et la note 10 signifiant que votre situation est vraiment meilleure. Les notes intermédiaires
permettent de nuancer votre jugement. Vraiment plus mauvaiseVraiment meilleure"
Politics,Very Left,217.9165,0.5685760371518448,0.2805709067463914,0.09000520841698541,0.10245521,0.10604736,0.0325055,0.11112123,0.05672365,0.1597232,0.06872109,0.11778177,0.09406800000000001,0.03574295,0.05426225,0.060848259999999994,4.667598,"new7v12b. Si vous comparez votre situation à celle de vos parents quand ils avaient votre âge, diriez-vous que votre situation est vraiment plus mauvaise ou vraiment meilleure
que la leur ?La note 0 signifiant que votre situation est vraiment plus mauvaise et la note 10 signifiant que votre situation est vraiment meilleure. Les notes intermédiaires
permettent de nuancer votre jugement. Vraiment plus mauvaiseVraiment meilleure"
Politics,Left,1431.362,0.48242268552609324,0.4013448729252278,0.085,0.02764756,0.02832765,0.06028098,0.09148203,0.11378512,0.1608992,0.12218705,0.17297001,0.10618795,0.046812740000000005,0.03793805,0.0314813,5.448615,"new7v12b. Si vous comparez votre situation à celle de vos parents quand ils avaient votre âge, diriez-vous que votre situation est vraiment plus mauvaise ou vraiment meilleure
que la leur ?La note 0 signifiant que votre situation est vraiment plus mauvaise et la note 10 signifiant que votre situation est vraiment meilleure. Les notes intermédiaires
permettent de nuancer votre jugement. Vraiment plus mauvaiseVraiment meilleure"
Politics,Center,776.1196,0.40854991936809737,0.4649999,0.10538150305700307,0.00887149,0.00505102,0.05167276999999999,0.06751715,0.12385609,0.15158128,0.12489339,0.21030805000000002,0.13106382,0.05679556,0.04858591000000001,0.01980282,5.949139,"new7v12b. Si vous comparez votre situation à celle de vos parents quand ils avaient votre âge, diriez-vous que votre situation est vraiment plus mauvaise ou vraiment meilleure
que la leur ?La note 0 signifiant que votre situation est vraiment plus mauvaise et la note 10 signifiant que votre situation est vraiment meilleure. Les notes intermédiaires
permettent de nuancer votre jugement. Vraiment plus mauvaiseVraiment meilleure"
Politics,Total-right,1622.94,0.48916583484293935,0.4006961440348996,0.08692083502778906,0.05336296,0.04866322000000001,0.06723317,0.08256978000000001,0.09696064,0.14037611,0.11363575,0.1708776,0.11618291,0.05726156,0.02965933,0.02321602,5.2621,"new7v12b. Si vous comparez votre situation à celle de vos parents quand ils avaient votre âge, diriez-vous que votre situation est vraiment plus mauvaise ou vraiment meilleure
que la leur ?La note 0 signifiant que votre situation est vraiment plus mauvaise et la note 10 signifiant que votre situation est vraiment meilleure. Les notes intermédiaires
permettent de nuancer votre jugement. Vraiment plus mauvaiseVraiment meilleure"
Politics,Right,1193.119,0.435,0.4449999,0.09242405828756395,0.03097565,0.035,0.05946281,0.07714158,0.09598146,0.13443454,0.12393793,0.19267034999999996,0.12990657,0.06169107000000001,0.03073299,0.02806505,5.59426,"new7v12b. Si vous comparez votre situation à celle de vos parents quand ils avaient votre âge, diriez-vous que votre situation est vraiment plus mauvaise ou vraiment meilleure
que la leur ?La note 0 signifiant que votre situation est vraiment plus mauvaise et la note 10 signifiant que votre situation est vraiment meilleure. Les notes intermédiaires
permettent de nuancer votre jugement. Vraiment plus mauvaiseVraiment meilleure"
Politics,Very Right,429.8207,0.6458655900006678,0.2727332583098022,0.07164494404294629,0.1149999,0.08737066,0.08880251999999998,0.09763778,0.0996787,0.15741515000000006,0.0849999,0.10960635,0.07808828,0.04496594,0.026679010000000003,0.00975581,4.357124,"new7v12b. Si vous comparez votre situation à celle de vos parents quand ils avaient votre âge, diriez-vous que votre situation est vraiment plus mauvaise ou vraiment meilleure
que la leur ?La note 0 signifiant que votre situation est vraiment plus mauvaise et la note 10 signifiant que votre situation est vraiment meilleure. Les notes intermédiaires
permettent de nuancer votre jugement. Vraiment plus mauvaiseVraiment meilleure"
Politics,Both left and Right,200.4265,0.5248831866045658,0.41934928764409896,0.039398921799263076,0.03520759,0.01405932,0.04292434,0.07120441,0.10441738,0.25707005,0.16275438,0.17946449,0.07713047,0.0196149,0.01978403,0.01636907,5.327948,"new7v12b. Si vous comparez votre situation à celle de vos parents quand ils avaient votre âge, diriez-vous que votre situation est vraiment plus mauvaise ou vraiment meilleure
que la leur ?La note 0 signifiant que votre situation est vraiment plus mauvaise et la note 10 signifiant que votre situation est vraiment meilleure. Les notes intermédiaires
permettent de nuancer votre jugement. Vraiment plus mauvaiseVraiment meilleure"
Politics,Neither left nor right,1673.316,0.6244708112514312,0.2815167607313861,0.03724007898089781,0.07279886,0.05456987,0.07767152,0.10112591,0.08109065999999998,0.23721449,0.09683831,0.12308518,0.06159314999999999,0.01536939,0.02187069,0.05677291,4.575912,"new7v12b. Si vous comparez votre situation à celle de vos parents quand ils avaient votre âge, diriez-vous que votre situation est vraiment plus mauvaise ou vraiment meilleure
que la leur ?La note 0 signifiant que votre situation est vraiment plus mauvaise et la note 10 signifiant que votre situation est vraiment meilleure. Les notes intermédiaires
permettent de nuancer votre jugement. Vraiment plus mauvaiseVraiment meilleure"
Loss of job risk,High risk,556.2398,0.6549999,0.255,0.0566516995008268,0.15120247000000012,0.10199181999999998,0.1320833,0.08030545,0.07019453,0.11962468,0.095,0.09777812,0.0614232,0.025714569999999996,0.030937119999999995,0.03374474,3.902896,"new7v12b. Si vous comparez votre situation à celle de vos parents quand ils avaient votre âge, diriez-vous que votre situation est vraiment plus mauvaise ou vraiment meilleure
que la leur ?La note 0 signifiant que votre situation est vraiment plus mauvaise et la note 10 signifiant que votre situation est vraiment meilleure. Les notes intermédiaires
permettent de nuancer votre jugement. Vraiment plus mauvaiseVraiment meilleure"
Loss of job risk,Low risk,1874.312,0.5710260618296207,0.35719015830875545,0.029714519247595918,0.04745666,0.054999900000000004,0.06464516,0.10561507,0.10533844,0.19297042999999992,0.10741515,0.17971138,0.07006379,0.0199576,0.00975692,0.0420695,4.830135,"new7v12b. Si vous comparez votre situation à celle de vos parents quand ils avaient votre âge, diriez-vous que votre situation est vraiment plus mauvaise ou vraiment meilleure
que la leur ?La note 0 signifiant que votre situation est vraiment plus mauvaise et la note 10 signifiant que votre situation est vraiment meilleure. Les notes intermédiaires
permettent de nuancer votre jugement. Vraiment plus mauvaiseVraiment meilleure"
Loss of job risk,Zero risk,3478.817,0.47028400746575627,0.39976319536210153,0.0998482242670425,0.03246908,0.022917989999999996,0.05560086,0.07994353,0.10031482000000001,0.17897970000000002,0.11861374,0.16154928999999998,0.1196004,0.055,0.044904690000000004,0.0301059,5.581288,"new7v12b. Si vous comparez votre situation à celle de vos parents quand ils avaient votre âge, diriez-vous que votre situation est vraiment plus mauvaise ou vraiment meilleure
que la leur ?La note 0 signifiant que votre situation est vraiment plus mauvaise et la note 10 signifiant que votre situation est vraiment meilleure. Les notes intermédiaires
permettent de nuancer votre jugement. Vraiment plus mauvaiseVraiment meilleure"
1st round vote,Arthaud,24.07418,0.5169796022128272,0.3297990211919991,0.049083831723448115,0.0,0.05429967000000001,0.10197431,0.02584279,0.04894331,0.28591931,0.11814242,0.10122804,0.11042856,0.0,0.049083829999999995,0.10413759,5.305351,"new7v12b. Si vous comparez votre situation à celle de vos parents quand ils avaient votre âge, diriez-vous que votre situation est vraiment plus mauvaise ou vraiment meilleure
que la leur ?La note 0 signifiant que votre situation est vraiment plus mauvaise et la note 10 signifiant que votre situation est vraiment meilleure. Les notes intermédiaires
permettent de nuancer votre jugement. Vraiment plus mauvaiseVraiment meilleure"
1st round vote,Poutou,32.85668,0.3807012759658006,0.5558757001620371,0,0.07911648,0.01694696,0.07298361,0.08139547000000001,0.08810982,0.04214902,0.225,0.20271873000000024,0.12815683,0.0,0.0,0.06342308,5.08764,"new7v12b. Si vous comparez votre situation à celle de vos parents quand ils avaient votre âge, diriez-vous que votre situation est vraiment plus mauvaise ou vraiment meilleure
que la leur ?La note 0 signifiant que votre situation est vraiment plus mauvaise et la note 10 signifiant que votre situation est vraiment meilleure. Les notes intermédiaires
permettent de nuancer votre jugement. Vraiment plus mauvaiseVraiment meilleure"
1st round vote,Roussel,98.04205,0.4505167935594982,0.46557135433214625,0.05977971696838244,0.01124573,0.03709002,0.059697610000000005,0.08938273,0.10938429,0.1437164,0.13642585,0.19865965000000002,0.13039476,0.03487116,0.025,0.0241318,5.5301,"new7v12b. Si vous comparez votre situation à celle de vos parents quand ils avaient votre âge, diriez-vous que votre situation est vraiment plus mauvaise ou vraiment meilleure
que la leur ?La note 0 signifiant que votre situation est vraiment plus mauvaise et la note 10 signifiant que votre situation est vraiment meilleure. Les notes intermédiaires
permettent de nuancer votre jugement. Vraiment plus mauvaiseVraiment meilleure"
1st round vote,Melenchon,942.3053,0.5755916898695147,0.3449999,0.05145049062124558,0.05086932,0.03750669,0.066341,0.12461672,0.09751304,0.19888090999999986,0.11460543,0.14584551,0.0849999,0.03098337,0.02046714,0.027370969999999998,4.93608,"new7v12b. Si vous comparez votre situation à celle de vos parents quand ils avaient votre âge, diriez-vous que votre situation est vraiment plus mauvaise ou vraiment meilleure
que la leur ?La note 0 signifiant que votre situation est vraiment plus mauvaise et la note 10 signifiant que votre situation est vraiment meilleure. Les notes intermédiaires
permettent de nuancer votre jugement. Vraiment plus mauvaiseVraiment meilleure"
1st round vote,Hidalgo,75.31895,0.3679429944257056,0.5132964546106923,0.105,0.029911080000000003,0.0,0.045155339999999995,0.09432981,0.07500397,0.12354273000000002,0.20897065,0.22064202999999985,0.08350185,0.07917075,0.025,0.01477179,5.805107,"new7v12b. Si vous comparez votre situation à celle de vos parents quand ils avaient votre âge, diriez-vous que votre situation est vraiment plus mauvaise ou vraiment meilleure
que la leur ?La note 0 signifiant que votre situation est vraiment plus mauvaise et la note 10 signifiant que votre situation est vraiment meilleure. Les notes intermédiaires
permettent de nuancer votre jugement. Vraiment plus mauvaiseVraiment meilleure"
1st round vote,Jadot,198.8808,0.505,0.4149999,0.055,0.00680599,0.01805538,0.029211330000000004,0.08146131,0.13932557,0.22903428000000003,0.13483866,0.18277510999999996,0.09956979,0.03847342,0.0163988,0.02405045,5.552131,"new7v12b. Si vous comparez votre situation à celle de vos parents quand ils avaient votre âge, diriez-vous que votre situation est vraiment plus mauvaise ou vraiment meilleure
que la leur ?La note 0 signifiant que votre situation est vraiment plus mauvaise et la note 10 signifiant que votre situation est vraiment meilleure. Les notes intermédiaires
permettent de nuancer votre jugement. Vraiment plus mauvaiseVraiment meilleure"
1st round vote,Macron,1195.294,0.315,0.5249999,0.14367536355072474,0.00737757,0.005754939999999999,0.0268284,0.03951093,0.07144165,0.15895997,0.12175808,0.23122286,0.17301618,0.07885877,0.06481667,0.02045471,6.482232,"new7v12b. Si vous comparez votre situation à celle de vos parents quand ils avaient votre âge, diriez-vous que votre situation est vraiment plus mauvaise ou vraiment meilleure
que la leur ?La note 0 signifiant que votre situation est vraiment plus mauvaise et la note 10 signifiant que votre situation est vraiment meilleure. Les notes intermédiaires
permettent de nuancer votre jugement. Vraiment plus mauvaiseVraiment meilleure"
1st round vote,Pecresse,205.1207,0.4062680168310658,0.444775295716132,0.13229942175509346,0.022101430000000002,0.0165738,0.04628139,0.0649999,0.08655699,0.17032440000000004,0.15977905,0.12499990000000001,0.15942696,0.09790533,0.0343941,0.01665675,5.934639,"new7v12b. Si vous comparez votre situation à celle de vos parents quand ils avaient votre âge, diriez-vous que votre situation est vraiment plus mauvaise ou vraiment meilleure
que la leur ?La note 0 signifiant que votre situation est vraiment plus mauvaise et la note 10 signifiant que votre situation est vraiment meilleure. Les notes intermédiaires
permettent de nuancer votre jugement. Vraiment plus mauvaiseVraiment meilleure"
1st round vote,Dupont-Aignan,88.56025,0.6349999,0.295,0.06782835414308339,0.03720441,0.01277395,0.11465934,0.2076324400000001,0.10292886,0.16300993,0.09037724,0.09858548,0.105,0.04900047,0.01882788,0,4.792655,"new7v12b. Si vous comparez votre situation à celle de vos parents quand ils avaient votre âge, diriez-vous que votre situation est vraiment plus mauvaise ou vraiment meilleure
que la leur ?La note 0 signifiant que votre situation est vraiment plus mauvaise et la note 10 signifiant que votre situation est vraiment meilleure. Les notes intermédiaires
permettent de nuancer votre jugement. Vraiment plus mauvaiseVraiment meilleure"
1st round vote,Zemmour,303.4525,0.5549999,0.3544142823011839,0.055,0.052058890000000003,0.05345509,0.10272089,0.08395129,0.09776739,0.1684824300000003,0.12956713,0.15163441,0.07321261,0.03553044,0.01661943,0.035,4.823762,"new7v12b. Si vous comparez votre situation à celle de vos parents quand ils avaient votre âge, diriez-vous que votre situation est vraiment plus mauvaise ou vraiment meilleure
que la leur ?La note 0 signifiant que votre situation est vraiment plus mauvaise et la note 10 signifiant que votre situation est vraiment meilleure. Les notes intermédiaires
permettent de nuancer votre jugement. Vraiment plus mauvaiseVraiment meilleure"
1st round vote,Le Pen,993.0248,0.6159964987782782,0.31086635499939175,0.05120617330000217,0.07917744,0.06067272,0.08249492,0.1218316,0.095,0.17681990000000006,0.10989202,0.12697709,0.07399736,0.028395830000000004,0.022810340000000002,0.02193078,4.580358,"new7v12b. Si vous comparez votre situation à celle de vos parents quand ils avaient votre âge, diriez-vous que votre situation est vraiment plus mauvaise ou vraiment meilleure
que la leur ?La note 0 signifiant que votre situation est vraiment plus mauvaise et la note 10 signifiant que votre situation est vraiment meilleure. Les notes intermédiaires
permettent de nuancer votre jugement. Vraiment plus mauvaiseVraiment meilleure"
1st round vote,Lassalle,134.5409,0.5141319851435512,0.415,0.04341350474093752,0.04269604999999999,0.00882167,0.04484126,0.0873159,0.11669567000000002,0.21376161,0.15582481,0.1659809,0.09150623,0.0312155,0.012198,0.029141969999999996,5.28175,"new7v12b. Si vous comparez votre situation à celle de vos parents quand ils avaient votre âge, diriez-vous que votre situation est vraiment plus mauvaise ou vraiment meilleure
que la leur ?La note 0 signifiant que votre situation est vraiment plus mauvaise et la note 10 signifiant que votre situation est vraiment meilleure. Les notes intermédiaires
permettent de nuancer votre jugement. Vraiment plus mauvaiseVraiment meilleure"
1st round vote,Blank/Null/NA,96.61228,0.5649999,0.2964085931933291,0.035,0.00783128,0.04485436,0.06212859,0.08374134,0.11358493999999998,0.2617292600000002,0.09579072,0.12920293,0.07141501,0.01615518,0.015,0.09856639,5.023942,"new7v12b. Si vous comparez votre situation à celle de vos parents quand ils avaient votre âge, diriez-vous que votre situation est vraiment plus mauvaise ou vraiment meilleure
que la leur ?La note 0 signifiant que votre situation est vraiment plus mauvaise et la note 10 signifiant que votre situation est vraiment meilleure. Les notes intermédiaires
permettent de nuancer votre jugement. Vraiment plus mauvaiseVraiment meilleure"
1st round vote,Blank,63.86856,0.5704864803590374,0.31053103436182056,0.03761266889374052,0.007741600000000001,0.03483462,0.07635201,0.059039659999999994,0.1333431,0.25917556,0.10554414,0.1101554,0.09483154,0.02200942,0.01560325,0.08136955,5.12832,"new7v12b. Si vous comparez votre situation à celle de vos parents quand ils avaient votre âge, diriez-vous que votre situation est vraiment plus mauvaise ou vraiment meilleure
que la leur ?La note 0 signifiant que votre situation est vraiment plus mauvaise et la note 10 signifiant que votre situation est vraiment meilleure. Les notes intermédiaires
permettent de nuancer votre jugement. Vraiment plus mauvaiseVraiment meilleure"
1st round vote,Null,19.09123,0.6149998999999999,0.27717150754561126,0,0.0,0.07226611,0.040795870000000005,0.10679417,0.06307572,0.3341164,0.0871309,0.15889762,0.031142969999999996,0.0,0.0,0.10578051,4.787791,"new7v12b. Si vous comparez votre situation à celle de vos parents quand ils avaient votre âge, diriez-vous que votre situation est vraiment plus mauvaise ou vraiment meilleure
que la leur ?La note 0 signifiant que votre situation est vraiment plus mauvaise et la note 10 signifiant que votre situation est vraiment meilleure. Les notes intermédiaires
permettent de nuancer votre jugement. Vraiment plus mauvaiseVraiment meilleure"
2nd round vote,Macron,2287.563,0.3698262736370539,0.4949999,0.115,0.01403247,0.01309045,0.03588339,0.05927089,0.08723186999999999,0.16031729,0.13443083,0.21249349000000017,0.15358633,0.06523702,0.045,0.01942597,6.091229,"new7v12b. Si vous comparez votre situation à celle de vos parents quand ils avaient votre âge, diriez-vous que votre situation est vraiment plus mauvaise ou vraiment meilleure
que la leur ?La note 0 signifiant que votre situation est vraiment plus mauvaise et la note 10 signifiant que votre situation est vraiment meilleure. Les notes intermédiaires
permettent de nuancer votre jugement. Vraiment plus mauvaiseVraiment meilleure"
2nd round vote,Le Pen,1619.66,0.625,0.2944488966820197,0.053582251830631124,0.07729141,0.06048963000000001,0.09125736,0.12044599,0.09768908,0.175,0.10241927,0.11924262,0.07278707,0.03110734,0.02247493,0.0297953,4.538642,"new7v12b. Si vous comparez votre situation à celle de vos parents quand ils avaient votre âge, diriez-vous que votre situation est vraiment plus mauvaise ou vraiment meilleure
que la leur ?La note 0 signifiant que votre situation est vraiment plus mauvaise et la note 10 signifiant que votre situation est vraiment meilleure. Les notes intermédiaires
permettent de nuancer votre jugement. Vraiment plus mauvaiseVraiment meilleure"
2nd round vote,Blank/Null/NA,370.4173,0.5420286795460147,0.35065748818967146,0.05788568730456163,0.01994742,0.03492048,0.07682916,0.11171114,0.08749888,0.21112175,0.12555021,0.15155777,0.07354951,0.03194824,0.025937440000000003,0.04942814,5.132517,"new7v12b. Si vous comparez votre situation à celle de vos parents quand ils avaient votre âge, diriez-vous que votre situation est vraiment plus mauvaise ou vraiment meilleure
que la leur ?La note 0 signifiant que votre situation est vraiment plus mauvaise et la note 10 signifiant que votre situation est vraiment meilleure. Les notes intermédiaires
permettent de nuancer votre jugement. Vraiment plus mauvaiseVraiment meilleure"
