Indicator,Category,BASE,ST 1-2,ST 3-5,ST 6-7,1.0,2.0,3.0,4.0,5.0,6.0,7.0,Ne peut choisir,No rep.,moyenne,Question
Total,Total,5979.002,0.04902699480615661,0.5716303490114236,0.29390992008365274,0.02022132,0.02880568,0.06693187,0.18400077,0.32061648000000004,0.19458916000000004,0.09932091,0.06051381,0.025,4.899476,"q1v13b_i6. Il existe différentes opinions sur ce qu'est un bon citoyen. En utilisant une échelle de 1 à 7, où 1 veut dire que 'ça n'est pas important du tout' et 7 veut dire que
c'est très important', diriez-vous personnellement, que... ? Pas important du toutTrès important
- Aider en France les gens qui sont moins bien lotis que vous..."
Gender,Man,2929.637,0.054999900000000004,0.5620030741009893,0.295,0.02389946,0.03329453,0.06868318,0.18883616,0.30444991000000005,0.195,0.09855596,0.05923603999999999,0.02804476,4.858003,"q1v13b_i6. Il existe différentes opinions sur ce qu'est un bon citoyen. En utilisant une échelle de 1 à 7, où 1 veut dire que 'ça n'est pas important du tout' et 7 veut dire que
c'est très important', diriez-vous personnellement, que... ? Pas important du toutTrès important
- Aider en France les gens qui sont moins bien lotis que vous..."
Gender,Woman,3049.36,0.04118073956502348,0.585,0.29428188209985046,0.01668761,0.02449312,0.06524943,0.17935564,0.33627547999999996,0.19422584,0.10005598000000002,0.06174145,0.02191417,4.939164,"q1v13b_i6. Il existe différentes opinions sur ce qu'est un bon citoyen. En utilisant une échelle de 1 à 7, où 1 veut dire que 'ça n'est pas important du tout' et 7 veut dire que
c'est très important', diriez-vous personnellement, que... ? Pas important du toutTrès important
- Aider en France les gens qui sont moins bien lotis que vous..."
Age,18-24,478.2759,0.055891798018675,0.5826040994329843,0.265,0.01987336,0.03601844,0.04440427000000001,0.16867819999999997,0.36962241000000007,0.16939495,0.09551757000000001,0.07499990000000001,0.021490900000000004,4.906349,"q1v13b_i6. Il existe différentes opinions sur ce qu'est un bon citoyen. En utilisant une échelle de 1 à 7, où 1 veut dire que 'ça n'est pas important du tout' et 7 veut dire que
c'est très important', diriez-vous personnellement, que... ? Pas important du toutTrès important
- Aider en France les gens qui sont moins bien lotis que vous..."
Age,25-34,836.9062,0.05284322185688193,0.5512523386730794,0.3054114069175255,0.02293522,0.02990799,0.07766763,0.1792545,0.29433036,0.21970061,0.08571068000000001,0.06107584,0.02941732,4.862637,"q1v13b_i6. Il existe différentes opinions sur ce qu'est un bon citoyen. En utilisant une échelle de 1 à 7, où 1 veut dire que 'ça n'est pas important du tout' et 7 veut dire que
c'est très important', diriez-vous personnellement, que... ? Pas important du toutTrès important
- Aider en France les gens qui sont moins bien lotis que vous..."
Age,35-49,1494.556,0.054999900000000004,0.605,0.2649999,0.0249999,0.03033493,0.08718924,0.20956505,0.3067731600000001,0.1549999,0.11111467,0.05736198,0.01766117,4.78413,"q1v13b_i6. Il existe différentes opinions sur ce qu'est un bon citoyen. En utilisant une échelle de 1 à 7, où 1 veut dire que 'ça n'est pas important du tout' et 7 veut dire que
c'est très important', diriez-vous personnellement, que... ? Pas important du toutTrès important
- Aider en France les gens qui sont moins bien lotis que vous..."
Age,50-64,1554.412,0.054999900000000004,0.575629498485601,0.28565946480083787,0.0249999,0.028933860000000002,0.05834988,0.1698367,0.34927895999999997,0.18848960000000003,0.09716973,0.05339276,0.02954861,4.893294,"q1v13b_i6. Il existe différentes opinions sur ce qu'est un bon citoyen. En utilisant une échelle de 1 à 7, où 1 veut dire que 'ça n'est pas important du tout' et 7 veut dire que
c'est très important', diriez-vous personnellement, que... ? Pas important du toutTrès important
- Aider en France les gens qui sont moins bien lotis que vous..."
Age,65+,1614.848,0.03211437856689917,0.5466258743857008,0.3297260794824033,0.00755485,0.02455953,0.0575527,0.18097337999999996,0.30877323000000034,0.23106929999999998,0.09865665,0.0649999,0.02586046,5.031268,"q1v13b_i6. Il existe différentes opinions sur ce qu'est un bon citoyen. En utilisant une échelle de 1 à 7, où 1 veut dire que 'ça n'est pas important du tout' et 7 veut dire que
c'est très important', diriez-vous personnellement, que... ? Pas important du toutTrès important
- Aider en France les gens qui sont moins bien lotis que vous..."
Socio-Professional Category,Total-CSP+,1734.019,0.06402963289329586,0.5925973129475514,0.27978620764824375,0.02817614,0.0349999,0.08876316,0.16755024,0.33499989999999996,0.1931574800000001,0.08876638999999999,0.03730135,0.026285439999999997,4.789848,"q1v13b_i6. Il existe différentes opinions sur ce qu'est un bon citoyen. En utilisant une échelle de 1 à 7, où 1 veut dire que 'ça n'est pas important du tout' et 7 veut dire que
c'est très important', diriez-vous personnellement, que... ? Pas important du toutTrès important
- Aider en France les gens qui sont moins bien lotis que vous..."
Socio-Professional Category,Small Business owners,212.9949,0.14196823492017885,0.5869149918613075,0.2093277820267058,0.09827597,0.04369226,0.095,0.19296157000000003,0.29895328000000004,0.12506792,0.08425986,0.04957114,0.012218,4.347326,"q1v13b_i6. Il existe différentes opinions sur ce qu'est un bon citoyen. En utilisant une échelle de 1 à 7, où 1 veut dire que 'ça n'est pas important du tout' et 7 veut dire que
c'est très important', diriez-vous personnellement, que... ? Pas important du toutTrès important
- Aider en France les gens qui sont moins bien lotis que vous..."
Socio-Professional Category,Cadres/Prof Lib,597.9521,0.04518917150721605,0.5707060816409877,0.32278806278964484,0.01621053,0.02897864,0.0849999,0.16837034,0.31764786999999994,0.21959652,0.10319131,0.0349999,0.02600499,4.930067,"q1v13b_i6. Il existe différentes opinions sur ce qu'est un bon citoyen. En utilisant une échelle de 1 à 7, où 1 veut dire que 'ça n'est pas important du tout' et 7 veut dire que
c'est très important', diriez-vous personnellement, que... ? Pas important du toutTrès important
- Aider en France les gens qui sont moins bien lotis que vous..."
Socio-Professional Category,Prof Intermed,896.9079,0.0592117875202125,0.608646662606049,0.2679957440446226,0.0195906,0.03962119,0.09203186,0.155,0.3616156400000001,0.18518656999999997,0.08280909,0.03356515,0.030579899999999997,4.803142,"q1v13b_i6. Il existe différentes opinions sur ce qu'est un bon citoyen. En utilisant une échelle de 1 à 7, où 1 veut dire que 'ça n'est pas important du tout' et 7 veut dire que
c'est très important', diriez-vous personnellement, que... ? Pas important du toutTrès important
- Aider en France les gens qui sont moins bien lotis que vous..."
Socio-Professional Category,Total-CSP-,1674.09,0.05264318525288366,0.5649999,0.28934758585261244,0.02221784,0.03042535,0.06272781,0.20207372,0.30198652000000004,0.18253547,0.10681211999999998,0.06622117,0.025,4.877328,"q1v13b_i6. Il existe différentes opinions sur ce qu'est un bon citoyen. En utilisant une échelle de 1 à 7, où 1 veut dire que 'ça n'est pas important du tout' et 7 veut dire que
c'est très important', diriez-vous personnellement, que... ? Pas important du toutTrès important
- Aider en France les gens qui sont moins bien lotis que vous..."
Socio-Professional Category,Salaried,956.6466,0.060057141268259354,0.5649999,0.29644144452089205,0.03264085,0.027416290000000003,0.04461619,0.21458488,0.30740234,0.19921641,0.09722501,0.05133933,0.02555823,4.866794,"q1v13b_i6. Il existe différentes opinions sur ce qu'est un bon citoyen. En utilisant une échelle de 1 à 7, où 1 veut dire que 'ça n'est pas important du tout' et 7 veut dire que
c'est très important', diriez-vous personnellement, que... ? Pas important du toutTrès important
- Aider en France les gens qui sont moins bien lotis que vous..."
Socio-Professional Category,Blue collar,717.4432,0.04275733605113269,0.5677084959478326,0.27988877725790695,0.00831967,0.03443767,0.08687801,0.1849999,0.2958302899999999,0.16029311,0.11959564,0.08606476,0.02358095,4.891892,"q1v13b_i6. Il existe différentes opinions sur ce qu'est un bon citoyen. En utilisant une échelle de 1 à 7, où 1 veut dire que 'ça n'est pas important du tout' et 7 veut dire que
c'est très important', diriez-vous personnellement, que... ? Pas important du toutTrès important
- Aider en France les gens qui sont moins bien lotis que vous..."
Political similarity,Far left,187.3446,0.01425474233044347,0.555,0.3649999,0.00263729,0.01161746,0.0660912,0.115,0.37202712000000004,0.26161795,0.10342225,0.05052873,0.017058,5.189786,"q1v13b_i6. Il existe différentes opinions sur ce qu'est un bon citoyen. En utilisant une échelle de 1 à 7, où 1 veut dire que 'ça n'est pas important du tout' et 7 veut dire que
c'est très important', diriez-vous personnellement, que... ? Pas important du toutTrès important
- Aider en France les gens qui sont moins bien lotis que vous..."
Political similarity,Radical left,828.7407,0.013185209800846032,0.5068259589519376,0.43979148121963846,0.00350783,0.00967738,0.04932492,0.13255352,0.325,0.27628601,0.16345221,0.02686373,0.0133344,5.342755,"q1v13b_i6. Il existe différentes opinions sur ce qu'est un bon citoyen. En utilisant une échelle de 1 à 7, où 1 veut dire que 'ça n'est pas important du tout' et 7 veut dire que
c'est très important', diriez-vous personnellement, que... ? Pas important du toutTrès important
- Aider en France les gens qui sont moins bien lotis que vous..."
Political similarity,Left,1430.296,0.02321618741854833,0.5094072835273258,0.435,0.00442703,0.01878916,0.03898513,0.11669668,0.35372573,0.26731635,0.16505416,0.02011577,0.01489085,5.340605,"q1v13b_i6. Il existe différentes opinions sur ce qu'est un bon citoyen. En utilisant une échelle de 1 à 7, où 1 veut dire que 'ça n'est pas important du tout' et 7 veut dire que
c'est très important', diriez-vous personnellement, que... ? Pas important du toutTrès important
- Aider en France les gens qui sont moins bien lotis que vous..."
Political similarity,PC/LFI,641.3963,0.012872810460553014,0.495,0.4616252073795873,0.0037621,0.00911071,0.045,0.13799615,0.31030775999999993,0.28063882,0.18098623,0.01995146,0.01224677,5.385801,"q1v13b_i6. Il existe différentes opinions sur ce qu'est un bon citoyen. En utilisant une échelle de 1 à 7, où 1 veut dire que 'ça n'est pas important du tout' et 7 veut dire que
c'est très important', diriez-vous personnellement, que... ? Pas important du toutTrès important
- Aider en France les gens qui sont moins bien lotis que vous..."
Political similarity,PS,449.3176,0.03854632001951403,0.5052174675552438,0.413340585812797,0.0,0.03854632,0.0382748,0.08731739,0.37962524,0.26431415,0.14902641,0.01898728,0.02390886,5.295538,"q1v13b_i6. Il existe différentes opinions sur ce qu'est un bon citoyen. En utilisant une échelle de 1 à 7, où 1 veut dire que 'ça n'est pas important du tout' et 7 veut dire que
c'est très important', diriez-vous personnellement, que... ? Pas important du toutTrès important
- Aider en France les gens qui sont moins bien lotis que vous..."
Political similarity,EELV,339.583,0.02246844217761195,0.5449999,0.405,0.01154052,0.01092792,0.029645150000000002,0.1149999,0.4007213799999999,0.2461246,0.15616862,0.0219192,0.00795271,5.314274,"q1v13b_i6. Il existe différentes opinions sur ce qu'est un bon citoyen. En utilisant une échelle de 1 à 7, où 1 veut dire que 'ça n'est pas important du tout' et 7 veut dire que
c'est très important', diriez-vous personnellement, que... ? Pas important du toutTrès important
- Aider en France les gens qui sont moins bien lotis que vous..."
Political similarity,EM,672.9198,0.020396056112481752,0.573964089034087,0.35840957570278065,0.00304218,0.01735388,0.0522935,0.16234208,0.35907353999999997,0.2536647,0.105,0.02787775,0.01935237,5.138538,"q1v13b_i6. Il existe différentes opinions sur ce qu'est un bon citoyen. En utilisant une échelle de 1 à 7, où 1 veut dire que 'ça n'est pas important du tout' et 7 veut dire que
c'est très important', diriez-vous personnellement, que... ? Pas important du toutTrès important
- Aider en France les gens qui sont moins bien lotis que vous..."
Political similarity,MoDem,161.1257,0.008027384830601201,0.5659452216499292,0.3400247136242077,0.0,0.00802738,0.06766475,0.14275531,0.35552496999999994,0.28373481,0.05628994,0.05463771,0.03136474,5.103006,"q1v13b_i6. Il existe différentes opinions sur ce qu'est un bon citoyen. En utilisant une échelle de 1 à 7, où 1 veut dire que 'ça n'est pas important du tout' et 7 veut dire que
c'est très important', diriez-vous personnellement, que... ? Pas important du toutTrès important
- Aider en France les gens qui sont moins bien lotis que vous..."
Political similarity,Right,573.0042,0.0649999,0.6172621422321163,0.24524986029770812,0.03275405,0.0349999,0.09092706,0.16780793,0.3595556000000001,0.18794138000000002,0.05730849999999999,0.03983124,0.02887434,4.692681,"q1v13b_i6. Il existe différentes opinions sur ce qu'est un bon citoyen. En utilisant une échelle de 1 à 7, où 1 veut dire que 'ça n'est pas important du tout' et 7 veut dire que
c'est très important', diriez-vous personnellement, que... ? Pas important du toutTrès important
- Aider en France les gens qui sont moins bien lotis que vous..."
Political similarity,UDI/PR,89.32552,0.07785161508155788,0.5799762486689134,0.2474775405729516,0.04881913,0.02903249,0.05027821,0.17047334,0.35922477999999997,0.19864021,0.04883733,0.01107856,0.08361615,4.71602,"q1v13b_i6. Il existe différentes opinions sur ce qu'est un bon citoyen. En utilisant une échelle de 1 à 7, où 1 veut dire que 'ça n'est pas important du tout' et 7 veut dire que
c'est très important', diriez-vous personnellement, que... ? Pas important du toutTrès important
- Aider en France les gens qui sont moins bien lotis que vous..."
Political similarity,LR,397.5368,0.04835200162601298,0.6385413878664817,0.25320875954125505,0.02861969,0.0197323,0.11164483000000001,0.13224854,0.395,0.19265991000000005,0.06019649,0.04060733,0.01929091,4.770441,"q1v13b_i6. Il existe différentes opinions sur ce qu'est un bon citoyen. En utilisant une échelle de 1 à 7, où 1 veut dire que 'ça n'est pas important du tout' et 7 veut dire que
c'est très important', diriez-vous personnellement, que... ? Pas important du toutTrès important
- Aider en France les gens qui sont moins bien lotis que vous..."
Political similarity,Radical right,1008.8,0.1291482950039651,0.585,0.1925444091990484,0.05207003,0.07707824,0.10989245,0.215,0.2579031500000001,0.12329946,0.06924504,0.06437609,0.031135539999999996,4.323172,"q1v13b_i6. Il existe différentes opinions sur ce qu'est un bon citoyen. En utilisant une échelle de 1 à 7, où 1 veut dire que 'ça n'est pas important du tout' et 7 veut dire que
c'est très important', diriez-vous personnellement, que... ? Pas important du toutTrès important
- Aider en France les gens qui sont moins bien lotis que vous..."
Political similarity,Debout la France,86.14185,0.15366236039741427,0.5577261226685983,0.2049999,0.0349999,0.11848747,0.03746765,0.32932209,0.19111129,0.15344562,0.05276496,0.06606501,0.01633601,4.301145,"q1v13b_i6. Il existe différentes opinions sur ce qu'est un bon citoyen. En utilisant une échelle de 1 à 7, où 1 veut dire que 'ça n'est pas important du tout' et 7 veut dire que
c'est très important', diriez-vous personnellement, que... ? Pas important du toutTrès important
- Aider en France les gens qui sont moins bien lotis que vous..."
Political similarity,Reconquete,205.4045,0.1515448298357631,0.6349999,0.1085682153993705,0.06020297,0.09134186,0.15992206,0.19086500000000006,0.28499990000000003,0.06745636,0.04111184,0.06768381,0.0364162,4.022664,"q1v13b_i6. Il existe différentes opinions sur ce qu'est un bon citoyen. En utilisant une échelle de 1 à 7, où 1 veut dire que 'ça n'est pas important du tout' et 7 veut dire que
c'est très important', diriez-vous personnellement, que... ? Pas important du toutTrès important
- Aider en France les gens qui sont moins bien lotis que vous..."
Political similarity,RN,717.2537,0.1197903057174888,0.5706315631414659,0.215,0.05177005,0.06802024,0.10426336999999998,0.20782061,0.25854757,0.13567095,0.07928099,0.06322601,0.0314007,4.411011,"q1v13b_i6. Il existe différentes opinions sur ce qu'est un bon citoyen. En utilisant une échelle de 1 à 7, où 1 veut dire que 'ça n'est pas important du tout' et 7 veut dire que
c'est très important', diriez-vous personnellement, que... ? Pas important du toutTrès important
- Aider en France les gens qui sont moins bien lotis que vous..."
Political similarity,No preference,1860.95,0.04395154625325774,0.6073946102796958,0.2149999,0.02242415,0.02152739,0.05785137,0.25217856,0.29724094,0.14268309,0.0734534,0.1076411,0.025,4.731902,"q1v13b_i6. Il existe différentes opinions sur ce qu'est un bon citoyen. En utilisant une échelle de 1 à 7, où 1 veut dire que 'ça n'est pas important du tout' et 7 veut dire que
c'est très important', diriez-vous personnellement, que... ? Pas important du toutTrès important
- Aider en France les gens qui sont moins bien lotis que vous..."
Politics,Total-left,1649.278,0.025,0.5018432307955359,0.43082294191761483,0.005,0.0160411,0.03124531,0.12762227,0.34281004999999987,0.26650977,0.16431293,0.03429748,0.01216109,5.354009,"q1v13b_i6. Il existe différentes opinions sur ce qu'est un bon citoyen. En utilisant une échelle de 1 à 7, où 1 veut dire que 'ça n'est pas important du tout' et 7 veut dire que
c'est très important', diriez-vous personnellement, que... ? Pas important du toutTrès important
- Aider en France les gens qui sont moins bien lotis que vous..."
Politics,Very Left,217.9165,0.00838467486399607,0.39893225157342377,0.5520463113164904,0.0,0.00838467,0.0069732,0.07499990000000001,0.31770818,0.2749999,0.27629693,0.01762064,0.02301658,5.743774,"q1v13b_i6. Il existe différentes opinions sur ce qu'est un bon citoyen. En utilisant une échelle de 1 à 7, où 1 veut dire que 'ça n'est pas important du tout' et 7 veut dire que
c'est très important', diriez-vous personnellement, que... ? Pas important du toutTrès important
- Aider en France les gens qui sont moins bien lotis que vous..."
Politics,Left,1431.362,0.025,0.5149999,0.4123669623756953,0.00557044,0.01720674,0.03494059,0.1349999,0.3476736,0.2649999,0.147264,0.03683643,0.0105084,5.294251,"q1v13b_i6. Il existe différentes opinions sur ce qu'est un bon citoyen. En utilisant une échelle de 1 à 7, où 1 veut dire que 'ça n'est pas important du tout' et 7 veut dire que
c'est très important', diriez-vous personnellement, que... ? Pas important du toutTrès important
- Aider en France les gens qui sont moins bien lotis que vous..."
Politics,Center,776.1196,0.029281286028596625,0.5941255703373552,0.325,0.011320270000000002,0.01796101,0.0509975,0.16281434,0.37995968000000013,0.24615407000000003,0.075,0.03294838,0.02284475,5.033331,"q1v13b_i6. Il existe différentes opinions sur ce qu'est un bon citoyen. En utilisant une échelle de 1 à 7, où 1 veut dire que 'ça n'est pas important du tout' et 7 veut dire que
c'est très important', diriez-vous personnellement, que... ? Pas important du toutTrès important
- Aider en France les gens qui sont moins bien lotis que vous..."
Politics,Total-right,1622.94,0.0883723366236583,0.6161355934292087,0.21240939283029564,0.0370993,0.05127306,0.11052454,0.18719379999999997,0.31841744,0.16064796,0.05176134,0.05426201,0.02881977,4.513273,"q1v13b_i6. Il existe différentes opinions sur ce qu'est un bon citoyen. En utilisant une échelle de 1 à 7, où 1 veut dire que 'ça n'est pas important du tout' et 7 veut dire que
c'est très important', diriez-vous personnellement, que... ? Pas important du toutTrès important
- Aider en France les gens qui sont moins bien lotis que vous..."
Politics,Right,1193.119,0.06884608324903049,0.635,0.2249999,0.03291406,0.03593202,0.11637607,0.1758496,0.33932098000000005,0.18310914999999997,0.0449999,0.04649832,0.0249999,4.596922,"q1v13b_i6. Il existe différentes opinions sur ce qu'est un bon citoyen. En utilisant une échelle de 1 à 7, où 1 veut dire que 'ça n'est pas important du tout' et 7 veut dire que
c'est très important', diriez-vous personnellement, que... ? Pas important du toutTrès important
- Aider en France les gens qui sont moins bien lotis que vous..."
Politics,Very Right,429.8207,0.14257449676109132,0.5745118836761468,0.1678427307014297,0.04871692,0.09385758,0.09428171,0.21868365,0.26154673,0.09829915,0.06954353,0.07581289,0.03925753,4.269658,"q1v13b_i6. Il existe différentes opinions sur ce qu'est un bon citoyen. En utilisant une échelle de 1 à 7, où 1 veut dire que 'ça n'est pas important du tout' et 7 veut dire que
c'est très important', diriez-vous personnellement, que... ? Pas important du toutTrès important
- Aider en France les gens qui sont moins bien lotis que vous..."
Politics,Both left and Right,200.4265,0.0149999,0.615,0.2896774628105565,0.0049999,0.012539110000000001,0.0677119,0.17921263,0.3673212500000001,0.17377353,0.11590383999999998,0.03948078,0.03905706,5.035829,"q1v13b_i6. Il existe différentes opinions sur ce qu'est un bon citoyen. En utilisant une échelle de 1 à 7, où 1 veut dire que 'ça n'est pas important du tout' et 7 veut dire que
c'est très important', diriez-vous personnellement, que... ? Pas important du toutTrès important
- Aider en France les gens qui sont moins bien lotis que vous..."
Politics,Neither left nor right,1673.316,0.05174005388103622,0.5856036755759223,0.2249999,0.024185879999999996,0.02755417,0.06747177,0.25008462,0.26804782,0.13479104,0.09241213000000001,0.10643543,0.02901807,4.716825,"q1v13b_i6. Il existe différentes opinions sur ce qu'est un bon citoyen. En utilisant une échelle de 1 à 7, où 1 veut dire que 'ça n'est pas important du tout' et 7 veut dire que
c'est très important', diriez-vous personnellement, que... ? Pas important du toutTrès important
- Aider en France les gens qui sont moins bien lotis que vous..."
Loss of job risk,High risk,556.2398,0.059463454430984636,0.4509713256764439,0.3986397593268227,0.03247784,0.026985609999999997,0.047361839999999995,0.15011342,0.25349624,0.23333713,0.16530268,0.0649412,0.02598392,5.119063,"q1v13b_i6. Il existe différentes opinions sur ce qu'est un bon citoyen. En utilisant une échelle de 1 à 7, où 1 veut dire que 'ça n'est pas important du tout' et 7 veut dire que
c'est très important', diriez-vous personnellement, que... ? Pas important du toutTrès important
- Aider en France les gens qui sont moins bien lotis que vous..."
Loss of job risk,Low risk,1874.312,0.04863739868282335,0.6149998999999999,0.255,0.01949024,0.02914716,0.08070161,0.18444745000000012,0.3549999,0.16652302,0.08846574,0.05788321,0.01834167,4.818704,"q1v13b_i6. Il existe différentes opinions sur ce qu'est un bon citoyen. En utilisant une échelle de 1 à 7, où 1 veut dire que 'ça n'est pas important du tout' et 7 veut dire que
c'est très important', diriez-vous personnellement, que... ? Pas important du toutTrès important
- Aider en France les gens qui sont moins bien lotis que vous..."
Loss of job risk,Zero risk,3478.817,0.04804561435683452,0.5654381935008367,0.2949999,0.01906022,0.028985430000000003,0.06318593,0.18645961999999996,0.3157927,0.20330865,0.09481766000000001,0.061351920000000004,0.02703946,4.908859,"q1v13b_i6. Il existe différentes opinions sur ce qu'est un bon citoyen. En utilisant une échelle de 1 à 7, où 1 veut dire que 'ça n'est pas important du tout' et 7 veut dire que
c'est très important', diriez-vous personnellement, que... ? Pas important du toutTrès important
- Aider en France les gens qui sont moins bien lotis que vous..."
1st round vote,Arthaud,24.07418,0.015,0.531381338845186,0.21666831435172457,0.0,0.015,0.0,0.14233673,0.38855427000000015,0.16758448,0.049083829999999995,0.12440374,0.11303695,5.104761,"q1v13b_i6. Il existe différentes opinions sur ce qu'est un bon citoyen. En utilisant une échelle de 1 à 7, où 1 veut dire que 'ça n'est pas important du tout' et 7 veut dire que
c'est très important', diriez-vous personnellement, que... ? Pas important du toutTrès important
- Aider en France les gens qui sont moins bien lotis que vous..."
1st round vote,Poutou,32.85668,0.034208203628607645,0.465,0.37004377800800325,0.0,0.0342082,0.05183743,0.10644237,0.30591496,0.25389388,0.11614999,0.11362682,0.01792647,5.199727,"q1v13b_i6. Il existe différentes opinions sur ce qu'est un bon citoyen. En utilisant une échelle de 1 à 7, où 1 veut dire que 'ça n'est pas important du tout' et 7 veut dire que
c'est très important', diriez-vous personnellement, que... ? Pas important du toutTrès important
- Aider en France les gens qui sont moins bien lotis que vous..."
1st round vote,Roussel,98.04205,0.0149999,0.4508450200704698,0.4707553544627025,0.00334612,0.011764209999999999,0.01893144,0.13237463,0.29953892,0.28947661,0.18127885,0.03792807,0.025360860000000002,5.462384,"q1v13b_i6. Il existe différentes opinions sur ce qu'est un bon citoyen. En utilisant une échelle de 1 à 7, où 1 veut dire que 'ça n'est pas important du tout' et 7 veut dire que
c'est très important', diriez-vous personnellement, que... ? Pas important du toutTrès important
- Aider en France les gens qui sont moins bien lotis que vous..."
1st round vote,Melenchon,942.3053,0.018666423716390004,0.494494618676134,0.4208630684768514,0.00840351,0.01026291,0.02714961,0.14034273,0.32499989999999995,0.2509889600000001,0.17187699000000004,0.04702387,0.01895152,5.357266,"q1v13b_i6. Il existe différentes opinions sur ce qu'est un bon citoyen. En utilisant une échelle de 1 à 7, où 1 veut dire que 'ça n'est pas important du tout' et 7 veut dire que
c'est très important', diriez-vous personnellement, que... ? Pas important du toutTrès important
- Aider en France les gens qui sont moins bien lotis que vous..."
1st round vote,Hidalgo,75.31895,0,0.5378031690563929,0.41958710258175397,0.0,0.0,0.07153068,0.135,0.3312722900000001,0.28774405,0.13184302,0.01136007,0.03124989,5.28594,"q1v13b_i6. Il existe différentes opinions sur ce qu'est un bon citoyen. En utilisant une échelle de 1 à 7, où 1 veut dire que 'ça n'est pas important du tout' et 7 veut dire que
c'est très important', diriez-vous personnellement, que... ? Pas important du toutTrès important
- Aider en France les gens qui sont moins bien lotis que vous..."
1st round vote,Jadot,198.8808,0.01941691203977458,0.5588880374576128,0.380789196342734,0.00659601,0.01282091,0.02947221,0.13717337,0.39224254,0.26692969,0.11385946,0.027247899999999995,0.01365801,5.243651,"q1v13b_i6. Il existe différentes opinions sur ce qu'est un bon citoyen. En utilisant une échelle de 1 à 7, où 1 veut dire que 'ça n'est pas important du tout' et 7 veut dire que
c'est très important', diriez-vous personnellement, que... ? Pas important du toutTrès important
- Aider en France les gens qui sont moins bien lotis que vous..."
1st round vote,Macron,1195.294,0.0249999,0.5619730375957713,0.36097169399327694,0.0049999,0.02005804,0.05517805,0.16177024,0.34499989999999997,0.27375299000000014,0.08725293,0.03523478,0.01675317,5.101141,"q1v13b_i6. Il existe différentes opinions sur ce qu'est un bon citoyen. En utilisant une échelle de 1 à 7, où 1 veut dire que 'ça n'est pas important du tout' et 7 veut dire que
c'est très important', diriez-vous personnellement, que... ? Pas important du toutTrès important
- Aider en France les gens qui sont moins bien lotis que vous..."
1st round vote,Pecresse,205.1207,0.040425217932661114,0.6276051125020538,0.24857301091503686,0.01022992,0.0301953,0.08650975,0.19133598,0.349759,0.22511740999999996,0.023455680000000003,0.06419313,0.0192034,4.755802,"q1v13b_i6. Il existe différentes opinions sur ce qu'est un bon citoyen. En utilisant une échelle de 1 à 7, où 1 veut dire que 'ça n'est pas important du tout' et 7 veut dire que
c'est très important', diriez-vous personnellement, que... ? Pas important du toutTrès important
- Aider en France les gens qui sont moins bien lotis que vous..."
1st round vote,Dupont-Aignan,88.56025,0.08831325566492867,0.6403612230091943,0.18336206142146166,0.01742966,0.0708836,0.07452418,0.20998078,0.35585638,0.14262968,0.04073232999999999,0.08046993,0.00749343,4.542448,"q1v13b_i6. Il existe différentes opinions sur ce qu'est un bon citoyen. En utilisant une échelle de 1 à 7, où 1 veut dire que 'ça n'est pas important du tout' et 7 veut dire que
c'est très important', diriez-vous personnellement, que... ? Pas important du toutTrès important
- Aider en France les gens qui sont moins bien lotis que vous..."
1st round vote,Zemmour,303.4525,0.125,0.6095290037155733,0.15049047214967748,0.03601114,0.08507304999999998,0.12181478000000001,0.23234885,0.2553659,0.11552978,0.03496073,0.08496813,0.03392798,4.217129,"q1v13b_i6. Il existe différentes opinions sur ce qu'est un bon citoyen. En utilisant une échelle de 1 à 7, où 1 veut dire que 'ça n'est pas important du tout' et 7 veut dire que
c'est très important', diriez-vous personnellement, que... ? Pas important du toutTrès important
- Aider en France les gens qui sont moins bien lotis que vous..."
1st round vote,Le Pen,993.0248,0.09655360067543127,0.5930653494253114,0.20923576128209487,0.03679377,0.0597598,0.09689067,0.22117490000000012,0.2749999,0.13849745,0.0707384,0.06858483,0.03256028,4.48761,"q1v13b_i6. Il existe différentes opinions sur ce qu'est un bon citoyen. En utilisant une échelle de 1 à 7, où 1 veut dire que 'ça n'est pas important du tout' et 7 veut dire que
c'est très important', diriez-vous personnellement, que... ? Pas important du toutTrès important
- Aider en France les gens qui sont moins bien lotis que vous..."
1st round vote,Lassalle,134.5409,0.045000000000000005,0.6349999,0.2316160364617748,0.01692036,0.0261206,0.10464008,0.15817198,0.3746321,0.19876038,0.03285568,0.05929094,0.02860748,4.726978,"q1v13b_i6. Il existe différentes opinions sur ce qu'est un bon citoyen. En utilisant une échelle de 1 à 7, où 1 veut dire que 'ça n'est pas important du tout' et 7 veut dire que
c'est très important', diriez-vous personnellement, que... ? Pas important du toutTrès important
- Aider en France les gens qui sont moins bien lotis que vous..."
1st round vote,Blank/Null/NA,96.61228,0.0349999,0.5631844109258161,0.265,0.01122645,0.02457188,0.09351144,0.17004504999999998,0.29929103000000007,0.155,0.10652704,0.09221456,0.04761255,4.874476,"q1v13b_i6. Il existe différentes opinions sur ce qu'est un bon citoyen. En utilisant une échelle de 1 à 7, où 1 veut dire que 'ça n'est pas important du tout' et 7 veut dire que
c'est très important', diriez-vous personnellement, que... ? Pas important du toutTrès important
- Aider en France les gens qui sont moins bien lotis que vous..."
1st round vote,Blank,63.86856,0.03643720791575699,0.5692844805018307,0.2749999,0.01698195,0.01945525,0.105,0.14085231,0.3228798400000001,0.17398858,0.10157963,0.065,0.05426244000000001,4.887911,"q1v13b_i6. Il existe différentes opinions sur ce qu'est un bon citoyen. En utilisant une échelle de 1 à 7, où 1 veut dire que 'ça n'est pas important du tout' et 7 veut dire que
c'est très important', diriez-vous personnellement, que... ? Pas important du toutTrès important
- Aider en France les gens qui sont moins bien lotis que vous..."
1st round vote,Null,19.09123,0.05926103242169311,0.6030151016985286,0.12206981949303423,0.0,0.05926102999999999,0.06185217,0.30736691,0.23245956,0.07085222,0.05121761,0.2019905,0.015,4.442971,"q1v13b_i6. Il existe différentes opinions sur ce qu'est un bon citoyen. En utilisant une échelle de 1 à 7, où 1 veut dire que 'ça n'est pas important du tout' et 7 veut dire que
c'est très important', diriez-vous personnellement, que... ? Pas important du toutTrès important
- Aider en France les gens qui sont moins bien lotis que vous..."
2nd round vote,Macron,2287.563,0.02130721645698938,0.567423498281796,0.3549999,0.0049048,0.01640242,0.04782085,0.15065198,0.36962565,0.26183275,0.09499990000000001,0.03590059,0.01786106,5.14591,"q1v13b_i6. Il existe différentes opinions sur ce qu'est un bon citoyen. En utilisant une échelle de 1 à 7, où 1 veut dire que 'ça n'est pas important du tout' et 7 veut dire que
c'est très important', diriez-vous personnellement, que... ? Pas important du toutTrès important
- Aider en France les gens qui sont moins bien lotis que vous..."
2nd round vote,Le Pen,1619.66,0.08588654408950026,0.589654063198449,0.2142807749774644,0.03155278,0.055,0.09826136,0.21854673,0.27218066999999996,0.14239686,0.07188379,0.07795828,0.03221953,4.530111,"q1v13b_i6. Il existe différentes opinions sur ce qu'est un bon citoyen. En utilisant une échelle de 1 à 7, où 1 veut dire que 'ça n'est pas important du tout' et 7 veut dire que
c'est très important', diriez-vous personnellement, que... ? Pas important du toutTrès important
- Aider en France les gens qui sont moins bien lotis que vous..."
2nd round vote,Blank/Null/NA,370.4173,0.020553462270795665,0.5427257312225967,0.3460032779246542,0.007635339999999999,0.01291812,0.06206128,0.17774224,0.3020304400000001,0.23189487,0.115,0.06971464,0.02100307,5.097826,"q1v13b_i6. Il existe différentes opinions sur ce qu'est un bon citoyen. En utilisant une échelle de 1 à 7, où 1 veut dire que 'ça n'est pas important du tout' et 7 veut dire que
c'est très important', diriez-vous personnellement, que... ? Pas important du toutTrès important
- Aider en France les gens qui sont moins bien lotis que vous..."
